target,model,y_true,y_pred,semel
math_avg_grade,RandomForest,90.43974576271188,82.09339454959537,140012
math_avg_grade,RandomForest,89.10855072463768,82.09339454959537,140012
math_avg_grade,RandomForest,91.96201923076924,82.09339454959537,140012
math_avg_grade,RandomForest,91.99162601626016,82.09339454959537,140012
math_avg_grade,RandomForest,78.46230769230769,78.17777577827518,140038
math_avg_grade,RandomForest,83.58,78.17777577827518,140038
math_avg_grade,RandomForest,77.26,78.17777577827518,140038
math_avg_grade,RandomForest,85.1295652173913,78.17777577827518,140038
math_avg_grade,RandomForest,78.12560975609756,82.79231447533076,140046
math_avg_grade,RandomForest,80.53744,82.79231447533076,140046
math_avg_grade,RandomForest,79.86076923076922,82.79231447533076,140046
math_avg_grade,RandomForest,78.46136363636363,82.79231447533076,140046
math_avg_grade,RandomForest,90.23666666666668,86.82266563915114,140053
math_avg_grade,RandomForest,88.56157894736843,86.82266563915114,140053
math_avg_grade,RandomForest,90.11910447761193,86.82266563915114,140053
math_avg_grade,RandomForest,91.18125,86.82266563915114,140053
math_avg_grade,RandomForest,91.61434782608696,85.54377753199894,140061
math_avg_grade,RandomForest,92.11052325581396,85.54377753199894,140061
math_avg_grade,RandomForest,92.60171597633136,85.54377753199894,140061
math_avg_grade,RandomForest,92.9954189944134,85.54377753199894,140061
math_avg_grade,RandomForest,83.98037383177571,81.27063880318047,140079
math_avg_grade,RandomForest,85.72198275862068,81.27063880318047,140079
math_avg_grade,RandomForest,90.39834782608696,81.27063880318047,140079
math_avg_grade,RandomForest,88.84553672316385,81.27063880318047,140079
math_avg_grade,RandomForest,80.15218181818182,81.87142256184897,140087
math_avg_grade,RandomForest,80.27358620689655,81.87142256184897,140087
math_avg_grade,RandomForest,77.09654929577465,81.87142256184897,140087
math_avg_grade,RandomForest,82.79176470588236,81.87142256184897,140087
math_avg_grade,RandomForest,77.9375,73.63508392704283,140095
math_avg_grade,RandomForest,83.2,73.63508392704283,140095
math_avg_grade,RandomForest,82.78025974025974,73.63508392704283,140095
math_avg_grade,RandomForest,81.26,73.63508392704283,140095
math_avg_grade,RandomForest,84.65087155963303,84.53239051281145,140103
math_avg_grade,RandomForest,86.05835555555556,84.53239051281145,140103
math_avg_grade,RandomForest,86.99216814159291,84.53239051281145,140103
math_avg_grade,RandomForest,82.12824074074075,84.53239051281145,140103
math_avg_grade,RandomForest,72.90614457831326,80.15787926378057,140129
math_avg_grade,RandomForest,77.85,80.15787926378057,140129
math_avg_grade,RandomForest,81.40728813559323,80.15787926378057,140129
math_avg_grade,RandomForest,77.95666666666668,80.15787926378057,140129
math_avg_grade,RandomForest,81.0640425531915,81.15441772199378,140137
math_avg_grade,RandomForest,81.89955223880598,81.15441772199378,140137
math_avg_grade,RandomForest,81.4994,81.15441772199378,140137
math_avg_grade,RandomForest,83.3284375,81.15441772199378,140137
math_avg_grade,RandomForest,86.23554621848739,85.09839002406065,140145
math_avg_grade,RandomForest,85.38109090909091,85.09839002406065,140145
math_avg_grade,RandomForest,85.95598214285714,85.09839002406065,140145
math_avg_grade,RandomForest,86.83639175257731,85.09839002406065,140145
math_avg_grade,RandomForest,84.54929577464789,85.19588573694027,140160
math_avg_grade,RandomForest,78.58520833333334,85.19588573694027,140160
math_avg_grade,RandomForest,79.3054411764706,85.19588573694027,140160
math_avg_grade,RandomForest,80.81868852459016,85.19588573694027,140160
math_avg_grade,RandomForest,83.68,84.80541720742427,140186
math_avg_grade,RandomForest,81.48619469026549,84.80541720742427,140186
math_avg_grade,RandomForest,84.10194805194804,84.80541720742427,140186
math_avg_grade,RandomForest,80.72679611650486,84.80541720742427,140186
math_avg_grade,RandomForest,69.57,74.88109790230813,140202
math_avg_grade,RandomForest,69.41,74.88109790230813,140202
math_avg_grade,RandomForest,74.93466666666667,74.88109790230813,140202
math_avg_grade,RandomForest,75.09249999999999,74.88109790230813,140202
math_avg_grade,RandomForest,88.49328358208955,85.18181636915271,140236
math_avg_grade,RandomForest,86.4,85.18181636915271,140236
math_avg_grade,RandomForest,90.53953846153846,85.18181636915271,140236
math_avg_grade,RandomForest,92.01709677419356,85.18181636915271,140236
math_avg_grade,RandomForest,75.36,74.51696855954428,140251
math_avg_grade,RandomForest,78.63,74.51696855954428,140251
math_avg_grade,RandomForest,76.78,74.51696855954428,140251
math_avg_grade,RandomForest,81.09,74.51696855954428,140251
math_avg_grade,RandomForest,65.0,76.76232339926099,140269
math_avg_grade,RandomForest,63.55,76.76232339926099,140269
math_avg_grade,RandomForest,67.0,76.76232339926099,140269
math_avg_grade,RandomForest,64.8,76.76232339926099,140269
math_avg_grade,RandomForest,78.18016393442623,78.47064779518746,140277
math_avg_grade,RandomForest,84.20333333333333,78.47064779518746,140277
math_avg_grade,RandomForest,82.70875,78.47064779518746,140277
math_avg_grade,RandomForest,80.70140624999999,78.47064779518746,140277
math_avg_grade,RandomForest,91.2321568627451,81.99484191402524,140491
math_avg_grade,RandomForest,84.8096875,81.99484191402524,140491
math_avg_grade,RandomForest,87.115,81.99484191402524,140491
math_avg_grade,RandomForest,88.60372093023256,81.99484191402524,140491
math_avg_grade,RandomForest,80.64,75.46110905259151,140525
math_avg_grade,RandomForest,84.93,75.46110905259151,140525
math_avg_grade,RandomForest,83.42999999999999,75.46110905259151,140525
math_avg_grade,RandomForest,82.09210526315789,79.92843764824755,140665
math_avg_grade,RandomForest,82.79796875,79.92843764824755,140665
math_avg_grade,RandomForest,89.0365,79.92843764824755,140665
math_avg_grade,RandomForest,83.32457831325301,79.92843764824755,140665
math_avg_grade,RandomForest,78.79146853146854,83.66489654608444,140723
math_avg_grade,RandomForest,83.16707317073171,83.66489654608444,140723
math_avg_grade,RandomForest,82.82051094890511,83.66489654608444,140723
math_avg_grade,RandomForest,83.6830215827338,83.66489654608444,140723
math_avg_grade,RandomForest,73.75869565217391,80.42683910878071,140731
math_avg_grade,RandomForest,73.47872340425532,80.42683910878071,140731
math_avg_grade,RandomForest,78.67872881355932,80.42683910878071,140731
math_avg_grade,RandomForest,82.2433,80.42683910878071,140731
math_avg_grade,RandomForest,82.83339449541285,85.33190378890285,140764
math_avg_grade,RandomForest,87.600375,85.33190378890285,140764
math_avg_grade,RandomForest,90.26955223880596,85.33190378890285,140764
math_avg_grade,RandomForest,90.888,85.33190378890285,140764
math_avg_grade,RandomForest,86.7436,84.10920308736658,140806
math_avg_grade,RandomForest,80.27799999999999,84.10920308736658,140806
math_avg_grade,RandomForest,80.02884057971013,84.10920308736658,140806
math_avg_grade,RandomForest,86.29093023255814,84.10920308736658,140806
math_avg_grade,RandomForest,78.12,75.89952863419963,140848
math_avg_grade,RandomForest,77.52,75.89952863419963,140848
math_avg_grade,RandomForest,78.57,75.89952863419963,140848
math_avg_grade,RandomForest,77.4849375,80.78286486426924,140863
math_avg_grade,RandomForest,82.12397435897437,80.78286486426924,140863
math_avg_grade,RandomForest,76.95587378640778,80.78286486426924,140863
math_avg_grade,RandomForest,77.50699386503067,80.78286486426924,140863
math_avg_grade,RandomForest,65.64,73.87036171541635,140871
math_avg_grade,RandomForest,74.78,73.87036171541635,140871
math_avg_grade,RandomForest,71.35,73.87036171541635,140871
math_avg_grade,RandomForest,83.06487804878049,84.11716183093148,140913
math_avg_grade,RandomForest,93.34153846153846,84.11716183093148,140913
math_avg_grade,RandomForest,93.62289855072464,84.11716183093148,140913
math_avg_grade,RandomForest,88.7531506849315,84.11716183093148,140913
math_avg_grade,RandomForest,78.12,82.01441015034561,140939
math_avg_grade,RandomForest,80.68,82.01441015034561,140939
math_avg_grade,RandomForest,85.52,82.01441015034561,140939
math_avg_grade,RandomForest,83.84,82.01441015034561,140939
math_avg_grade,RandomForest,91.77851851851852,84.7817597478916,140954
math_avg_grade,RandomForest,92.76433333333334,84.7817597478916,140954
math_avg_grade,RandomForest,92.15,84.7817597478916,140954
math_avg_grade,RandomForest,91.43882352941176,84.7817597478916,140954
math_avg_grade,RandomForest,76.87076923076923,83.44662580408031,140962
math_avg_grade,RandomForest,78.98784615384615,83.44662580408031,140962
math_avg_grade,RandomForest,83.41428571428571,83.44662580408031,140962
math_avg_grade,RandomForest,86.05178082191782,83.44662580408031,140962
math_avg_grade,RandomForest,85.09162790697674,82.92176125544688,140970
math_avg_grade,RandomForest,85.43162790697674,82.92176125544688,140970
math_avg_grade,RandomForest,87.83636363636363,82.92176125544688,140970
math_avg_grade,RandomForest,88.61605095541401,82.92176125544688,140970
math_avg_grade,RandomForest,69.33,79.47253397646256,141010
math_avg_grade,RandomForest,70.58,79.47253397646256,141010
math_avg_grade,RandomForest,82.13,79.47253397646256,141010
math_avg_grade,RandomForest,78.24,79.47253397646256,141010
math_avg_grade,RandomForest,84.22622641509433,86.60556547097896,141028
math_avg_grade,RandomForest,86.83767857142857,86.60556547097896,141028
math_avg_grade,RandomForest,85.44507692307693,86.60556547097896,141028
math_avg_grade,RandomForest,87.95258064516128,86.60556547097896,141028
math_avg_grade,RandomForest,88.21933333333332,85.3534712311119,141101
math_avg_grade,RandomForest,84.88584905660377,85.3534712311119,141101
math_avg_grade,RandomForest,90.54545454545456,85.3534712311119,141101
math_avg_grade,RandomForest,87.41568965517241,85.3534712311119,141101
math_avg_grade,RandomForest,94.98,86.38321226738991,141119
math_avg_grade,RandomForest,79.61487179487179,83.3180402984281,141168
math_avg_grade,RandomForest,76.0,83.3180402984281,141168
math_avg_grade,RandomForest,88.09428571428572,83.3180402984281,141168
math_avg_grade,RandomForest,84.83021276595744,83.3180402984281,141168
math_avg_grade,RandomForest,90.71923076923078,82.60720680322363,141176
math_avg_grade,RandomForest,88.93534090909091,82.60720680322363,141176
math_avg_grade,RandomForest,90.36148148148148,82.60720680322363,141176
math_avg_grade,RandomForest,92.56382022471912,82.60720680322363,141176
math_avg_grade,RandomForest,79.04,74.68572873068024,141291
math_avg_grade,RandomForest,76.24,74.68572873068024,141291
math_avg_grade,RandomForest,75.69,74.68572873068024,141291
math_avg_grade,RandomForest,78.6,74.68572873068024,141291
math_avg_grade,RandomForest,71.55325,81.07055518828324,141309
math_avg_grade,RandomForest,80.3639603960396,81.07055518828324,141309
math_avg_grade,RandomForest,82.06376146788992,81.07055518828324,141309
math_avg_grade,RandomForest,79.07886792452831,81.07055518828324,141309
math_avg_grade,RandomForest,83.3076923076923,79.03712124065784,141390
math_avg_grade,RandomForest,86.93958333333335,79.03712124065784,141390
math_avg_grade,RandomForest,90.31229508196722,79.03712124065784,141390
math_avg_grade,RandomForest,79.96820895522387,79.03712124065784,141390
math_avg_grade,RandomForest,80.86,81.22952409483263,141499
math_avg_grade,RandomForest,85.95,81.22952409483263,141499
math_avg_grade,RandomForest,84.63,81.22952409483263,141499
math_avg_grade,RandomForest,81.41,81.22952409483263,141499
math_avg_grade,RandomForest,83.90687500000001,84.37093306180007,141549
math_avg_grade,RandomForest,87.03813559322033,84.37093306180007,141549
math_avg_grade,RandomForest,89.36283783783784,84.37093306180007,141549
math_avg_grade,RandomForest,84.28636363636363,84.37093306180007,141549
math_avg_grade,RandomForest,81.63,80.89476465313008,141739
math_avg_grade,RandomForest,75.36,80.89476465313008,141739
math_avg_grade,RandomForest,84.06777777777778,80.89476465313008,141739
math_avg_grade,RandomForest,85.7925,80.89476465313008,141739
math_avg_grade,RandomForest,82.68,85.5752940123898,141754
math_avg_grade,RandomForest,85.4609756097561,85.5752940123898,141754
math_avg_grade,RandomForest,85.04,85.5752940123898,141754
math_avg_grade,RandomForest,83.97,85.5752940123898,141754
math_avg_grade,RandomForest,94.76,88.44686873615169,141853
math_avg_grade,RandomForest,91.59999999999998,88.44686873615169,141853
math_avg_grade,RandomForest,91.15000000000002,88.44686873615169,141853
math_avg_grade,RandomForest,65.11,78.52125931726927,141978
math_avg_grade,RandomForest,79.0,78.52125931726927,141978
math_avg_grade,RandomForest,70.13,78.52125931726927,141978
math_avg_grade,RandomForest,63.5,78.52125931726927,141978
math_avg_grade,RandomForest,88.0,80.53434621427044,142034
math_avg_grade,RandomForest,89.33,80.53434621427044,142034
math_avg_grade,RandomForest,91.31,80.53434621427044,142034
math_avg_grade,RandomForest,82.03,81.06857242562873,142166
math_avg_grade,RandomForest,85.2,81.06857242562873,142166
math_avg_grade,RandomForest,87.13,81.06857242562873,142166
math_avg_grade,RandomForest,92.52,81.06857242562873,142166
math_avg_grade,RandomForest,80.03176470588235,80.86998621365417,142174
math_avg_grade,RandomForest,84.06,80.86998621365417,142174
math_avg_grade,RandomForest,84.29205882352942,80.86998621365417,142174
math_avg_grade,RandomForest,87.31526315789473,80.86998621365417,142174
math_avg_grade,RandomForest,79.99857142857142,80.69241225227661,142265
math_avg_grade,RandomForest,80.23,80.69241225227661,142265
math_avg_grade,RandomForest,84.87757575757576,80.69241225227661,142265
math_avg_grade,RandomForest,82.19054054054054,80.69241225227661,142265
math_avg_grade,RandomForest,81.41,85.57544429316265,142281
math_avg_grade,RandomForest,87.5,85.57544429316265,142281
math_avg_grade,RandomForest,84.05,85.57544429316265,142281
math_avg_grade,RandomForest,88.06,85.57544429316265,142281
math_avg_grade,RandomForest,84.64,80.76886162842307,142323
math_avg_grade,RandomForest,84.37130434782608,85.11559262504433,144097
math_avg_grade,RandomForest,86.11917647058824,85.11559262504433,144097
math_avg_grade,RandomForest,87.44271604938271,85.11559262504433,144097
math_avg_grade,RandomForest,87.52673684210528,85.11559262504433,144097
math_avg_grade,RandomForest,83.52,76.86985563466783,144212
math_avg_grade,RandomForest,77.79105263157895,76.86985563466783,144212
math_avg_grade,RandomForest,79.53717948717949,76.86985563466783,144212
math_avg_grade,RandomForest,82.82782608695652,76.86985563466783,144212
math_avg_grade,RandomForest,87.1424,85.46050147938557,144220
math_avg_grade,RandomForest,87.501,85.46050147938557,144220
math_avg_grade,RandomForest,86.95113924050632,85.46050147938557,144220
math_avg_grade,RandomForest,89.36923076923077,85.46050147938557,144220
math_avg_grade,RandomForest,83.24035460992907,87.48180106345221,144329
math_avg_grade,RandomForest,85.54367647058824,87.48180106345221,144329
math_avg_grade,RandomForest,87.71632653061225,87.48180106345221,144329
math_avg_grade,RandomForest,89.11413680781759,87.48180106345221,144329
math_avg_grade,RandomForest,86.7455421686747,84.5121261495611,144337
math_avg_grade,RandomForest,88.20500000000001,84.5121261495611,144337
math_avg_grade,RandomForest,92.51885057471264,84.5121261495611,144337
math_avg_grade,RandomForest,89.93813953488372,84.5121261495611,144337
math_avg_grade,RandomForest,83.05,81.23567132150167,144428
math_avg_grade,RandomForest,78.98117647058824,81.23567132150167,144428
math_avg_grade,RandomForest,85.22971428571428,81.23567132150167,144428
math_avg_grade,RandomForest,80.06466666666667,81.23567132150167,144428
math_avg_grade,RandomForest,81.92818181818183,83.75039129668632,144501
math_avg_grade,RandomForest,86.42009999999999,83.75039129668632,144501
math_avg_grade,RandomForest,85.31472972972973,83.75039129668632,144501
math_avg_grade,RandomForest,85.2067142857143,83.75039129668632,144501
math_avg_grade,RandomForest,70.14,76.23905917223581,144592
math_avg_grade,RandomForest,64.71,76.23905917223581,144592
math_avg_grade,RandomForest,68.1,76.23905917223581,144592
math_avg_grade,RandomForest,67.8,76.23905917223581,144592
math_avg_grade,RandomForest,79.09,81.707269554341,144600
math_avg_grade,RandomForest,76.0,81.707269554341,144600
math_avg_grade,RandomForest,84.28307692307692,81.707269554341,144600
math_avg_grade,RandomForest,83.55407407407408,81.707269554341,144600
math_avg_grade,RandomForest,82.2722767857143,85.92921697853544,144675
math_avg_grade,RandomForest,86.18773584905661,85.92921697853544,144675
math_avg_grade,RandomForest,86.41130434782609,85.92921697853544,144675
math_avg_grade,RandomForest,89.98883495145631,85.92921697853544,144675
math_avg_grade,RandomForest,86.24725225225225,84.81210095412551,144683
math_avg_grade,RandomForest,86.39465811965812,84.81210095412551,144683
math_avg_grade,RandomForest,89.24288135593221,84.81210095412551,144683
math_avg_grade,RandomForest,89.97174887892378,84.81210095412551,144683
math_avg_grade,RandomForest,87.66333333333334,82.55231756358448,144691
math_avg_grade,RandomForest,84.68552631578947,82.55231756358448,144691
math_avg_grade,RandomForest,84.65365384615384,82.55231756358448,144691
math_avg_grade,RandomForest,86.41448275862071,82.55231756358448,144691
math_avg_grade,RandomForest,88.84013513513514,84.41926836128795,144717
math_avg_grade,RandomForest,89.04923076923076,84.41926836128795,144717
math_avg_grade,RandomForest,90.7548,84.41926836128795,144717
math_avg_grade,RandomForest,89.13632000000001,84.41926836128795,144717
math_avg_grade,RandomForest,82.20573529411766,85.14048088490303,144741
math_avg_grade,RandomForest,86.51209183673468,85.14048088490303,144741
math_avg_grade,RandomForest,87.68290322580646,85.14048088490303,144741
math_avg_grade,RandomForest,87.79628272251308,85.14048088490303,144741
math_avg_grade,RandomForest,58.07,74.98810221921624,144758
math_avg_grade,RandomForest,76.28,74.98810221921624,144758
math_avg_grade,RandomForest,81.5,82.27023161762433,144766
math_avg_grade,RandomForest,84.79666666666665,82.27023161762433,144766
math_avg_grade,RandomForest,79.17,82.27023161762433,144766
math_avg_grade,RandomForest,79.31714285714285,82.27023161762433,144766
math_avg_grade,RandomForest,78.58250000000001,76.52940090621142,148056
math_avg_grade,RandomForest,76.10947368421053,76.52940090621142,148056
math_avg_grade,RandomForest,77.31723404255318,76.52940090621142,148056
math_avg_grade,RandomForest,77.93095890410959,76.52940090621142,148056
math_avg_grade,RandomForest,75.03375,75.17351582681134,148080
math_avg_grade,RandomForest,76.5009375,75.17351582681134,148080
math_avg_grade,RandomForest,68.89857142857143,75.17351582681134,148080
math_avg_grade,RandomForest,78.838,75.17351582681134,148080
math_avg_grade,RandomForest,84.93875,84.92503212670533,160242
math_avg_grade,RandomForest,82.68923076923076,84.92503212670533,160242
math_avg_grade,RandomForest,86.88740740740741,84.92503212670533,160242
math_avg_grade,RandomForest,87.92,84.92503212670533,160242
math_avg_grade,RandomForest,78.89,78.83929455940422,160259
math_avg_grade,RandomForest,85.17,78.83929455940422,160259
math_avg_grade,RandomForest,78.74,78.83929455940422,160259
math_avg_grade,RandomForest,80.8896923076923,78.83929455940422,160259
math_avg_grade,RandomForest,78.32,82.2126862862784,160416
math_avg_grade,RandomForest,80.54,82.2126862862784,160416
math_avg_grade,RandomForest,85.43,82.2126862862784,160416
math_avg_grade,RandomForest,82.19,82.2126862862784,160416
math_avg_grade,RandomForest,70.3731736526946,77.97023167337923,160432
math_avg_grade,RandomForest,73.18377245508981,77.97023167337923,160432
math_avg_grade,RandomForest,77.88708860759493,77.97023167337923,160432
math_avg_grade,RandomForest,71.98135802469136,77.97023167337923,160432
math_avg_grade,RandomForest,70.17,76.36961849410223,160549
math_avg_grade,RandomForest,68.84,76.36961849410223,160549
math_avg_grade,RandomForest,76.06,76.36961849410223,160549
math_avg_grade,RandomForest,94.20583333333332,85.11878652810165,160580
math_avg_grade,RandomForest,94.29,85.11878652810165,160580
math_avg_grade,RandomForest,93.1075,85.11878652810165,160580
math_avg_grade,RandomForest,89.12,85.11878652810165,160580
math_avg_grade,RandomForest,61.37,77.84095266493229,160598
math_avg_grade,RandomForest,68.28,77.84095266493229,160598
math_avg_grade,RandomForest,63.32,77.84095266493229,160598
math_avg_grade,RandomForest,65.55,77.84095266493229,160598
math_avg_grade,RandomForest,81.2,83.50964696448564,160648
math_avg_grade,RandomForest,83.86000000000001,83.50964696448564,160648
math_avg_grade,RandomForest,87.05716981132075,83.50964696448564,160648
math_avg_grade,RandomForest,79.71,83.50964696448564,160648
math_avg_grade,RandomForest,87.87086021505377,84.6401804753974,165852
math_avg_grade,RandomForest,87.3,84.6401804753974,165852
math_avg_grade,RandomForest,91.56110169491524,84.6401804753974,165852
math_avg_grade,RandomForest,89.40333333333334,84.6401804753974,165852
math_avg_grade,RandomForest,88.08,86.80019749211374,166769
math_avg_grade,RandomForest,91.5888524590164,86.80019749211374,166769
math_avg_grade,RandomForest,89.04925373134328,86.80019749211374,166769
math_avg_grade,RandomForest,91.91070175438595,86.80019749211374,166769
math_avg_grade,RandomForest,85.97,80.47150553675183,168419
math_avg_grade,RandomForest,85.83,80.47150553675183,168419
math_avg_grade,RandomForest,94.14,80.47150553675183,168419
math_avg_grade,RandomForest,91.54,80.47150553675183,168419
math_avg_grade,RandomForest,76.83,84.39966585931968,170035
math_avg_grade,RandomForest,77.5,84.39966585931968,170035
math_avg_grade,RandomForest,73.77,84.39966585931968,170035
math_avg_grade,RandomForest,62.27,84.39966585931968,170035
math_avg_grade,RandomForest,78.21,80.1020766341766,170043
math_avg_grade,RandomForest,72.55,80.1020766341766,170043
math_avg_grade,RandomForest,81.33,80.1020766341766,170043
math_avg_grade,RandomForest,87.94,80.1020766341766,170043
math_avg_grade,RandomForest,68.77,78.84473487955115,170092
math_avg_grade,RandomForest,79.95,78.84473487955115,170092
math_avg_grade,RandomForest,71.39,78.84473487955115,170092
math_avg_grade,RandomForest,79.91,78.84473487955115,170092
math_avg_grade,RandomForest,84.82,79.08889338377989,170282
math_avg_grade,RandomForest,75.07000000000001,68.95850026277385,170514
math_avg_grade,RandomForest,77.0,68.95850026277385,170514
math_avg_grade,RandomForest,70.62,68.95850026277385,170514
math_avg_grade,RandomForest,69.92,68.95850026277385,170514
math_avg_grade,RandomForest,75.96027932960894,80.84353668962994,170803
math_avg_grade,RandomForest,74.67631578947368,80.84353668962994,170803
math_avg_grade,RandomForest,73.946,80.84353668962994,170803
math_avg_grade,RandomForest,78.40186813186814,80.84353668962994,170803
math_avg_grade,RandomForest,84.29,84.27246765145645,174391
math_avg_grade,RandomForest,83.42999999999999,84.27246765145645,174391
math_avg_grade,RandomForest,86.68,84.27246765145645,174391
math_avg_grade,RandomForest,85.25,84.27246765145645,174391
math_avg_grade,RandomForest,88.5,83.09376539976198,176487
math_avg_grade,RandomForest,88.0,83.09376539976198,176487
math_avg_grade,RandomForest,88.53,83.09376539976198,176487
math_avg_grade,RandomForest,80.53999999999999,83.09376539976198,176487
math_avg_grade,RandomForest,75.92,83.42527217817123,177295
math_avg_grade,RandomForest,84.71,83.42527217817123,177295
math_avg_grade,RandomForest,79.57000000000001,83.42527217817123,177295
math_avg_grade,RandomForest,75.08,80.87128253211118,180018
math_avg_grade,RandomForest,73.24,80.87128253211118,180018
math_avg_grade,RandomForest,80.32209677419355,80.87128253211118,180018
math_avg_grade,RandomForest,74.4,80.87128253211118,180018
math_avg_grade,RandomForest,83.18,82.14928250684993,180034
math_avg_grade,RandomForest,77.28853658536585,82.14928250684993,180034
math_avg_grade,RandomForest,79.93,82.14928250684993,180034
math_avg_grade,RandomForest,84.95,87.46617957150423,184002
math_avg_grade,RandomForest,70.12,75.29322593836146,185157
math_avg_grade,RandomForest,73.74,75.29322593836146,185157
math_avg_grade,RandomForest,75.0,75.29322593836146,185157
math_avg_grade,RandomForest,86.13486486486485,83.30393120896538,186908
math_avg_grade,RandomForest,88.66444444444444,83.30393120896538,186908
math_avg_grade,RandomForest,91.99857142857142,83.30393120896538,186908
math_avg_grade,RandomForest,91.07,83.30393120896538,186908
math_avg_grade,RandomForest,86.02093023255814,83.87225084948423,189001
math_avg_grade,RandomForest,84.1,83.87225084948423,189001
math_avg_grade,RandomForest,85.91,83.87225084948423,189001
math_avg_grade,RandomForest,80.34576923076922,84.0715066655241,189076
math_avg_grade,RandomForest,82.5005172413793,84.0715066655241,189076
math_avg_grade,RandomForest,83.71735849056604,84.0715066655241,189076
math_avg_grade,RandomForest,80.7624,84.0715066655241,189076
math_avg_grade,RandomForest,92.96,88.25741218471511,189084
math_avg_grade,RandomForest,97.72,88.25741218471511,189084
math_avg_grade,RandomForest,90.29,88.25741218471511,189084
math_avg_grade,RandomForest,69.31,86.41757631694698,189092
math_avg_grade,RandomForest,87.54830188679244,82.99610711025092,193185
math_avg_grade,RandomForest,90.79064516129031,82.99610711025092,193185
math_avg_grade,RandomForest,90.39,82.99610711025092,193185
math_avg_grade,RandomForest,90.2675,82.99610711025092,193185
math_avg_grade,RandomForest,90.24,88.89863111617818,199109
math_avg_grade,RandomForest,89.59,88.89863111617818,199109
math_avg_grade,RandomForest,82.27805555555557,88.89863111617818,199109
math_avg_grade,RandomForest,86.14333333333333,88.89863111617818,199109
math_avg_grade,RandomForest,81.95702127659574,78.51082123377513,214007
math_avg_grade,RandomForest,77.13,78.51082123377513,214007
math_avg_grade,RandomForest,83.00076923076924,78.51082123377513,214007
math_avg_grade,RandomForest,79.73,78.51082123377513,214007
math_avg_grade,RandomForest,85.67,80.26310199995324,214098
math_avg_grade,RandomForest,76.25,80.26310199995324,214098
math_avg_grade,RandomForest,70.25,80.26310199995324,214098
math_avg_grade,RandomForest,70.67540983606557,73.62708251640707,214262
math_avg_grade,RandomForest,80.48,78.26461710465071,227694
math_avg_grade,RandomForest,73.75,78.26461710465071,227694
math_avg_grade,RandomForest,74.95,78.26461710465071,227694
math_avg_grade,RandomForest,75.79,78.26461710465071,227694
math_avg_grade,RandomForest,86.67264705882353,81.48423957250512,234021
math_avg_grade,RandomForest,83.41,81.48423957250512,234021
math_avg_grade,RandomForest,86.21,81.48423957250512,234021
math_avg_grade,RandomForest,85.05,81.48423957250512,234021
math_avg_grade,RandomForest,82.07000000000001,86.01673068204576,237354
math_avg_grade,RandomForest,86.50564705882353,86.01673068204576,237354
math_avg_grade,RandomForest,84.79884210526315,86.01673068204576,237354
math_avg_grade,RandomForest,85.80877551020409,86.01673068204576,237354
math_avg_grade,RandomForest,81.97317073170731,81.52249766254823,238121
math_avg_grade,RandomForest,86.581,81.52249766254823,238121
math_avg_grade,RandomForest,86.56816666666667,81.52249766254823,238121
math_avg_grade,RandomForest,87.35,81.52249766254823,238121
math_avg_grade,RandomForest,77.71597402597402,73.81370425475107,240010
math_avg_grade,RandomForest,77.44273381294964,73.81370425475107,240010
math_avg_grade,RandomForest,77.7811111111111,73.81370425475107,240010
math_avg_grade,RandomForest,74.07060240963857,73.81370425475107,240010
math_avg_grade,RandomForest,77.38,76.7106131541094,240036
math_avg_grade,RandomForest,77.13065217391305,76.7106131541094,240036
math_avg_grade,RandomForest,80.7921052631579,76.7106131541094,240036
math_avg_grade,RandomForest,75.798125,76.7106131541094,240036
math_avg_grade,RandomForest,66.30325581395348,74.70640960254525,240051
math_avg_grade,RandomForest,69.57,74.70640960254525,240051
math_avg_grade,RandomForest,71.8280487804878,74.70640960254525,240051
math_avg_grade,RandomForest,67.35666666666667,74.70640960254525,240051
math_avg_grade,RandomForest,68.88,73.2798976688653,240077
math_avg_grade,RandomForest,73.28436781609196,73.2798976688653,240077
math_avg_grade,RandomForest,72.15929292929293,73.2798976688653,240077
math_avg_grade,RandomForest,72.2123404255319,73.2798976688653,240077
math_avg_grade,RandomForest,86.83,78.11012337797388,240085
math_avg_grade,RandomForest,74.29,78.11012337797388,240085
math_avg_grade,RandomForest,80.06,78.11012337797388,240085
math_avg_grade,RandomForest,82.9,78.11012337797388,240085
math_avg_grade,RandomForest,84.26216666666667,81.34059441910884,240093
math_avg_grade,RandomForest,85.23776470588236,81.34059441910884,240093
math_avg_grade,RandomForest,84.6886075949367,81.34059441910884,240093
math_avg_grade,RandomForest,85.67344186046512,81.34059441910884,240093
math_avg_grade,RandomForest,73.978,74.22087597667283,240127
math_avg_grade,RandomForest,81.89173913043477,74.22087597667283,240127
math_avg_grade,RandomForest,80.08755555555555,74.22087597667283,240127
math_avg_grade,RandomForest,80.73,74.22087597667283,240127
math_avg_grade,RandomForest,76.91391304347826,83.60162875801538,240176
math_avg_grade,RandomForest,82.98018181818182,83.60162875801538,240176
math_avg_grade,RandomForest,79.28857142857143,83.60162875801538,240176
math_avg_grade,RandomForest,81.03000000000002,83.60162875801538,240176
math_avg_grade,RandomForest,72.53773255813954,75.59718667560318,240192
math_avg_grade,RandomForest,73.05299401197605,75.59718667560318,240192
math_avg_grade,RandomForest,72.2403448275862,75.59718667560318,240192
math_avg_grade,RandomForest,73.17214285714286,75.59718667560318,240192
math_avg_grade,RandomForest,79.27,76.31758437722306,240218
math_avg_grade,RandomForest,79.53,76.31758437722306,240218
math_avg_grade,RandomForest,83.77,76.31758437722306,240218
math_avg_grade,RandomForest,82.93,75.22509467181357,240234
math_avg_grade,RandomForest,80.24969072164947,74.16618412910343,240267
math_avg_grade,RandomForest,78.78,74.16618412910343,240267
math_avg_grade,RandomForest,81.4384375,74.16618412910343,240267
math_avg_grade,RandomForest,81.79044776119403,74.16618412910343,240267
math_avg_grade,RandomForest,68.38,76.40975114523691,240440
math_avg_grade,RandomForest,75.4,76.40975114523691,240440
math_avg_grade,RandomForest,79.94,76.40975114523691,240440
math_avg_grade,RandomForest,76.93,76.40975114523691,240440
math_avg_grade,RandomForest,74.6458273381295,75.52941065221076,240465
math_avg_grade,RandomForest,70.82583333333334,75.52941065221076,240465
math_avg_grade,RandomForest,77.06654205607478,75.52941065221076,240465
math_avg_grade,RandomForest,77.62869565217392,75.52941065221076,240465
math_avg_grade,RandomForest,84.30341853035144,83.31012177297663,240481
math_avg_grade,RandomForest,83.87659751037344,83.31012177297663,240481
math_avg_grade,RandomForest,87.73755700325734,83.31012177297663,240481
math_avg_grade,RandomForest,88.51092715231788,83.31012177297663,240481
math_avg_grade,RandomForest,80.4353947368421,77.20378534285216,240499
math_avg_grade,RandomForest,78.27922222222222,77.20378534285216,240499
math_avg_grade,RandomForest,83.996582278481,77.20378534285216,240499
math_avg_grade,RandomForest,83.11488888888888,77.20378534285216,240499
math_avg_grade,RandomForest,80.38000000000001,83.93235833958283,240572
math_avg_grade,RandomForest,77.79,83.93235833958283,240572
math_avg_grade,RandomForest,79.40777777777777,83.93235833958283,240572
math_avg_grade,RandomForest,85.25,83.93235833958283,240572
math_avg_grade,RandomForest,82.47,85.66789913570882,240580
math_avg_grade,RandomForest,86.46000000000001,85.66789913570882,240580
math_avg_grade,RandomForest,86.7,85.66789913570882,240580
math_avg_grade,RandomForest,93.37,85.66789913570882,240580
math_avg_grade,RandomForest,94.47,86.3475854494509,240598
math_avg_grade,RandomForest,73.47,75.10355170525963,240622
math_avg_grade,RandomForest,75.92999999999999,75.10355170525963,240622
math_avg_grade,RandomForest,68.79,72.5163470338421,240630
math_avg_grade,RandomForest,75.29,72.5163470338421,240630
math_avg_grade,RandomForest,70.5,72.5163470338421,240630
math_avg_grade,RandomForest,67.67,75.45096527993971,240655
math_avg_grade,RandomForest,91.8368,86.57413972872796,240812
math_avg_grade,RandomForest,83.76,86.57413972872796,240812
math_avg_grade,RandomForest,84.19,86.57413972872796,240812
math_avg_grade,RandomForest,85.81,86.57413972872796,240812
math_avg_grade,RandomForest,85.67,78.23525184191048,240838
math_avg_grade,RandomForest,83.39,78.23525184191048,240838
math_avg_grade,RandomForest,76.21,78.23525184191048,240838
math_avg_grade,RandomForest,86.89,81.72135327970383,241026
math_avg_grade,RandomForest,66.83,84.6326657840856,241067
math_avg_grade,RandomForest,82.58,84.6326657840856,241067
math_avg_grade,RandomForest,93.73,84.6326657840856,241067
math_avg_grade,RandomForest,79.15993333333333,74.54772458508737,242073
math_avg_grade,RandomForest,76.599609375,74.54772458508737,242073
math_avg_grade,RandomForest,81.82566666666666,74.54772458508737,242073
math_avg_grade,RandomForest,75.9515503875969,74.54772458508737,242073
math_avg_grade,RandomForest,71.09,75.11322919402618,244103
math_avg_grade,RandomForest,76.02527777777777,75.11322919402618,244103
math_avg_grade,RandomForest,70.55,75.11322919402618,244103
math_avg_grade,RandomForest,75.88742857142857,75.11322919402618,244103
math_avg_grade,RandomForest,72.31,79.50525598119044,244111
math_avg_grade,RandomForest,83.334,79.50525598119044,244111
math_avg_grade,RandomForest,76.29,79.50525598119044,244111
math_avg_grade,RandomForest,79.8,79.50525598119044,244111
math_avg_grade,RandomForest,76.7838953488372,78.31893608300057,244152
math_avg_grade,RandomForest,72.54608695652175,78.31893608300057,244152
math_avg_grade,RandomForest,74.15254545454546,78.31893608300057,244152
math_avg_grade,RandomForest,72.9120792079208,78.31893608300057,244152
math_avg_grade,RandomForest,74.50652173913045,75.96973786952162,244210
math_avg_grade,RandomForest,71.4809090909091,75.96973786952162,244210
math_avg_grade,RandomForest,73.97365853658536,75.96973786952162,244210
math_avg_grade,RandomForest,73.86158536585367,75.96973786952162,244210
math_avg_grade,RandomForest,79.02860465116278,77.01710736825419,244285
math_avg_grade,RandomForest,79.59910994764398,77.01710736825419,244285
math_avg_grade,RandomForest,83.55965686274509,77.01710736825419,244285
math_avg_grade,RandomForest,82.05120192307693,77.01710736825419,244285
math_avg_grade,RandomForest,66.46,73.01469808226169,244343
math_avg_grade,RandomForest,62.42,73.01469808226169,244343
math_avg_grade,RandomForest,66.21,73.01469808226169,244343
math_avg_grade,RandomForest,65.45764705882353,73.01469808226169,244343
math_avg_grade,RandomForest,79.86410256410257,78.86991247198445,244368
math_avg_grade,RandomForest,78.65782945736434,78.86991247198445,244368
math_avg_grade,RandomForest,76.16962962962963,78.86991247198445,244368
math_avg_grade,RandomForest,77.48649681528663,78.86991247198445,244368
math_avg_grade,RandomForest,73.61,78.5903603422568,244384
math_avg_grade,RandomForest,78.0776923076923,78.5903603422568,244384
math_avg_grade,RandomForest,76.315,78.5903603422568,244384
math_avg_grade,RandomForest,74.89138461538461,78.5903603422568,244384
math_avg_grade,RandomForest,94.06,80.1835231781606,244400
math_avg_grade,RandomForest,89.86,80.1835231781606,244400
math_avg_grade,RandomForest,86.67,84.76837658913811,244483
math_avg_grade,RandomForest,59.73,85.46886960225821,244517
math_avg_grade,RandomForest,77.34243902439025,84.01237943681679,244608
math_avg_grade,RandomForest,92.47,84.01237943681679,244608
math_avg_grade,RandomForest,88.12,84.01237943681679,244608
math_avg_grade,RandomForest,87.37586206896552,84.01237943681679,244608
math_avg_grade,RandomForest,79.93399999999998,78.18292589004345,244624
math_avg_grade,RandomForest,75.29629629629629,78.18292589004345,244624
math_avg_grade,RandomForest,79.4,78.18292589004345,244624
math_avg_grade,RandomForest,74.63,84.94930284058786,246983
math_avg_grade,RandomForest,78.0,84.94930284058786,246983
math_avg_grade,RandomForest,87.23,84.94930284058786,246983
math_avg_grade,RandomForest,82.82,84.94930284058786,246983
math_avg_grade,RandomForest,82.45791666666668,78.35336030332488,247015
math_avg_grade,RandomForest,94.67,78.35336030332488,247015
math_avg_grade,RandomForest,95.67,78.35336030332488,247015
math_avg_grade,RandomForest,89.67,78.35336030332488,247015
math_avg_grade,RandomForest,83.68141509433961,82.66110381584029,247023
math_avg_grade,RandomForest,83.42823529411766,82.66110381584029,247023
math_avg_grade,RandomForest,90.29138888888887,82.66110381584029,247023
math_avg_grade,RandomForest,85.79158333333334,82.66110381584029,247023
math_avg_grade,RandomForest,78.74196428571429,78.31346190992126,247031
math_avg_grade,RandomForest,84.2944262295082,78.31346190992126,247031
math_avg_grade,RandomForest,81.84535714285714,78.31346190992126,247031
math_avg_grade,RandomForest,82.11837606837607,78.31346190992126,247031
math_avg_grade,RandomForest,70.28782608695651,84.51859875047994,247049
math_avg_grade,RandomForest,82.82465753424657,84.51859875047994,247049
math_avg_grade,RandomForest,83.89163043478261,84.51859875047994,247049
math_avg_grade,RandomForest,77.40333333333335,84.51859875047994,247049
math_avg_grade,RandomForest,85.6562831858407,81.64417407274227,247056
math_avg_grade,RandomForest,85.82532110091744,81.64417407274227,247056
math_avg_grade,RandomForest,88.23720338983051,81.64417407274227,247056
math_avg_grade,RandomForest,81.71084112149532,81.64417407274227,247056
math_avg_grade,RandomForest,79.68629629629629,75.23985736916019,247064
math_avg_grade,RandomForest,82.60966101694915,75.23985736916019,247064
math_avg_grade,RandomForest,80.19148936170212,75.23985736916019,247064
math_avg_grade,RandomForest,75.48186666666668,75.23985736916019,247064
math_avg_grade,RandomForest,81.70615384615384,77.38193040786854,247072
math_avg_grade,RandomForest,83.614,77.38193040786854,247072
math_avg_grade,RandomForest,83.41772151898734,77.38193040786854,247072
math_avg_grade,RandomForest,80.84793103448277,77.38193040786854,247072
math_avg_grade,RandomForest,83.73333333333333,78.5600766775261,247080
math_avg_grade,RandomForest,84.87894117647058,78.5600766775261,247080
math_avg_grade,RandomForest,90.14387096774192,78.5600766775261,247080
math_avg_grade,RandomForest,84.49135802469135,78.5600766775261,247080
math_avg_grade,RandomForest,79.13,75.66804108490717,247098
math_avg_grade,RandomForest,79.94756756756756,75.66804108490717,247098
math_avg_grade,RandomForest,82.216875,75.66804108490717,247098
math_avg_grade,RandomForest,92.15,75.66804108490717,247098
math_avg_grade,RandomForest,86.38297619047619,77.49170608654816,247106
math_avg_grade,RandomForest,89.2569076305221,77.49170608654816,247106
math_avg_grade,RandomForest,88.81593073593072,77.49170608654816,247106
math_avg_grade,RandomForest,85.81040609137057,77.49170608654816,247106
math_avg_grade,RandomForest,68.3292,74.72259712428412,247122
math_avg_grade,RandomForest,68.92,74.72259712428412,247122
math_avg_grade,RandomForest,72.39219512195122,74.72259712428412,247122
math_avg_grade,RandomForest,70.23330434782609,74.72259712428412,247122
math_avg_grade,RandomForest,75.91096774193548,72.82183468560604,247130
math_avg_grade,RandomForest,77.5267543859649,72.82183468560604,247130
math_avg_grade,RandomForest,75.37435483870968,72.82183468560604,247130
math_avg_grade,RandomForest,71.91237623762376,72.82183468560604,247130
math_avg_grade,RandomForest,73.53867768595042,74.54837914997587,247163
math_avg_grade,RandomForest,74.45862745098039,74.54837914997587,247163
math_avg_grade,RandomForest,75.37603960396041,74.54837914997587,247163
math_avg_grade,RandomForest,73.04065573770492,74.54837914997587,247163
math_avg_grade,RandomForest,79.64388059701493,78.52079886475283,247205
math_avg_grade,RandomForest,80.93114285714286,78.52079886475283,247205
math_avg_grade,RandomForest,85.82981132075471,78.52079886475283,247205
math_avg_grade,RandomForest,84.17189655172415,78.52079886475283,247205
math_avg_grade,RandomForest,69.46,75.20092740870469,247213
math_avg_grade,RandomForest,70.93757575757576,75.20092740870469,247213
math_avg_grade,RandomForest,76.79208333333334,75.20092740870469,247213
math_avg_grade,RandomForest,68.32,75.20092740870469,247213
math_avg_grade,RandomForest,71.14200000000001,73.89239084614752,247221
math_avg_grade,RandomForest,71.0623076923077,73.89239084614752,247221
math_avg_grade,RandomForest,69.21213333333334,73.89239084614752,247221
math_avg_grade,RandomForest,67.5,73.89239084614752,247221
math_avg_grade,RandomForest,75.25,71.55223291257275,247239
math_avg_grade,RandomForest,76.38363636363637,72.9723412282867,247247
math_avg_grade,RandomForest,70.79984375,72.9723412282867,247247
math_avg_grade,RandomForest,77.82142857142857,72.9723412282867,247247
math_avg_grade,RandomForest,75.6587012987013,72.9723412282867,247247
math_avg_grade,RandomForest,69.24,73.6240972525734,247288
math_avg_grade,RandomForest,72.22523809523808,73.6240972525734,247288
math_avg_grade,RandomForest,74.0,73.6240972525734,247288
math_avg_grade,RandomForest,72.41923076923077,73.6240972525734,247288
math_avg_grade,RandomForest,70.13753424657536,75.61078501629609,247296
math_avg_grade,RandomForest,76.79780821917808,75.61078501629609,247296
math_avg_grade,RandomForest,77.43661016949153,75.61078501629609,247296
math_avg_grade,RandomForest,72.98105263157895,75.61078501629609,247296
math_avg_grade,RandomForest,68.36292682926829,74.11292686203613,247312
math_avg_grade,RandomForest,76.7075,74.11292686203613,247312
math_avg_grade,RandomForest,71.64479166666666,74.11292686203613,247312
math_avg_grade,RandomForest,70.02333333333334,74.11292686203613,247312
math_avg_grade,RandomForest,74.01423728813559,73.42300473643901,247346
math_avg_grade,RandomForest,77.696,73.42300473643901,247346
math_avg_grade,RandomForest,74.98591836734694,73.42300473643901,247346
math_avg_grade,RandomForest,74.75620689655172,73.42300473643901,247346
math_avg_grade,RandomForest,83.45181818181818,84.2054944725585,247387
math_avg_grade,RandomForest,90.245,84.2054944725585,247387
math_avg_grade,RandomForest,86.28774193548388,84.2054944725585,247387
math_avg_grade,RandomForest,87.80737704918033,84.2054944725585,247387
math_avg_grade,RandomForest,68.69472222222223,73.98956441819405,247817
math_avg_grade,RandomForest,70.892,73.98956441819405,247817
math_avg_grade,RandomForest,72.07702127659573,73.98956441819405,247817
math_avg_grade,RandomForest,67.75466292134831,73.98956441819405,247817
math_avg_grade,RandomForest,79.24538461538461,78.26419381747004,247833
math_avg_grade,RandomForest,82.72770270270271,78.26419381747004,247833
math_avg_grade,RandomForest,77.79344827586206,78.26419381747004,247833
math_avg_grade,RandomForest,66.02693333333333,78.26419381747004,247833
math_avg_grade,RandomForest,74.59795081967212,74.09714157419256,247858
math_avg_grade,RandomForest,75.99977099236642,74.09714157419256,247858
math_avg_grade,RandomForest,77.86738095238096,74.09714157419256,247858
math_avg_grade,RandomForest,76.43177966101696,74.09714157419256,247858
math_avg_grade,RandomForest,74.39103448275863,75.41164058916213,247866
math_avg_grade,RandomForest,76.61077464788733,75.41164058916213,247866
math_avg_grade,RandomForest,74.75490566037735,75.41164058916213,247866
math_avg_grade,RandomForest,72.91571428571429,75.41164058916213,247866
math_avg_grade,RandomForest,77.29,73.37082253836819,247882
math_avg_grade,RandomForest,81.68,73.37082253836819,247882
math_avg_grade,RandomForest,69.44,73.37082253836819,247882
math_avg_grade,RandomForest,74.78947368421052,73.37082253836819,247882
math_avg_grade,RandomForest,74.95795454545454,75.78793327552944,248013
math_avg_grade,RandomForest,75.76548672566372,75.78793327552944,248013
math_avg_grade,RandomForest,76.58690476190476,75.78793327552944,248013
math_avg_grade,RandomForest,76.23922480620155,75.78793327552944,248013
math_avg_grade,RandomForest,74.8292,74.68670860840908,248021
math_avg_grade,RandomForest,77.68212765957448,74.68670860840908,248021
math_avg_grade,RandomForest,71.24748878923766,74.68670860840908,248021
math_avg_grade,RandomForest,74.92602230483271,74.68670860840908,248021
math_avg_grade,RandomForest,72.10222222222222,74.89365620371454,248047
math_avg_grade,RandomForest,76.44263736263737,74.89365620371454,248047
math_avg_grade,RandomForest,76.77076923076923,74.89365620371454,248047
math_avg_grade,RandomForest,75.50366336633664,74.89365620371454,248047
math_avg_grade,RandomForest,77.56813725490196,74.96229933030142,248062
math_avg_grade,RandomForest,80.4375,74.96229933030142,248062
math_avg_grade,RandomForest,71.21261538461538,74.96229933030142,248062
math_avg_grade,RandomForest,82.36307692307692,74.96229933030142,248062
math_avg_grade,RandomForest,69.2951282051282,75.83985749834818,248070
math_avg_grade,RandomForest,63.3703947368421,75.83985749834818,248070
math_avg_grade,RandomForest,71.35805970149254,75.83985749834818,248070
math_avg_grade,RandomForest,64.9995,75.83985749834818,248070
math_avg_grade,RandomForest,79.21272727272728,74.15100789726127,248088
math_avg_grade,RandomForest,81.13564102564102,74.15100789726127,248088
math_avg_grade,RandomForest,72.95926174496644,74.15100789726127,248088
math_avg_grade,RandomForest,74.20862318840581,74.15100789726127,248088
math_avg_grade,RandomForest,66.88268907563025,73.48651424336302,248104
math_avg_grade,RandomForest,69.45142857142856,73.48651424336302,248104
math_avg_grade,RandomForest,67.72803030303031,73.48651424336302,248104
math_avg_grade,RandomForest,64.52213793103448,73.48651424336302,248104
math_avg_grade,RandomForest,75.45076923076923,75.23501276435833,248112
math_avg_grade,RandomForest,80.59202797202798,75.23501276435833,248112
math_avg_grade,RandomForest,70.54862595419847,75.23501276435833,248112
math_avg_grade,RandomForest,69.91,75.23501276435833,248112
math_avg_grade,RandomForest,76.40235294117646,74.13869144121571,248138
math_avg_grade,RandomForest,81.4420472440945,74.13869144121571,248138
math_avg_grade,RandomForest,82.57053691275168,74.13869144121571,248138
math_avg_grade,RandomForest,83.70290697674419,74.13869144121571,248138
math_avg_grade,RandomForest,79.93190751445087,76.52505534915473,248179
math_avg_grade,RandomForest,77.91387978142076,76.52505534915473,248179
math_avg_grade,RandomForest,74.7629268292683,76.52505534915473,248179
math_avg_grade,RandomForest,72.15908629441624,76.52505534915473,248179
math_avg_grade,RandomForest,78.27169934640523,76.27080912809451,248195
math_avg_grade,RandomForest,81.885625,76.27080912809451,248195
math_avg_grade,RandomForest,81.22964539007093,76.27080912809451,248195
math_avg_grade,RandomForest,78.76958333333334,76.27080912809451,248195
math_avg_grade,RandomForest,81.75103092783506,73.39321752090598,248203
math_avg_grade,RandomForest,80.43837837837837,73.39321752090598,248203
math_avg_grade,RandomForest,83.21788617886179,73.39321752090598,248203
math_avg_grade,RandomForest,73.895,73.39321752090598,248203
math_avg_grade,RandomForest,79.6519387755102,73.86134123258925,248229
math_avg_grade,RandomForest,74.76604395604396,73.86134123258925,248229
math_avg_grade,RandomForest,69.18383177570094,73.86134123258925,248229
math_avg_grade,RandomForest,85.09971014492754,74.81037346910523,248260
math_avg_grade,RandomForest,82.32621621621622,74.81037346910523,248260
math_avg_grade,RandomForest,79.9031868131868,74.81037346910523,248260
math_avg_grade,RandomForest,75.31623376623376,74.81037346910523,248260
math_avg_grade,RandomForest,82.18413793103448,80.08595517912376,248278
math_avg_grade,RandomForest,90.48962025316456,80.08595517912376,248278
math_avg_grade,RandomForest,91.5509375,80.08595517912376,248278
math_avg_grade,RandomForest,88.43756097560976,80.08595517912376,248278
math_avg_grade,RandomForest,80.54936000000001,74.22041760440342,248302
math_avg_grade,RandomForest,83.44425196850393,74.22041760440342,248302
math_avg_grade,RandomForest,82.60037593984961,74.22041760440342,248302
math_avg_grade,RandomForest,74.11097402597403,74.22041760440342,248302
math_avg_grade,RandomForest,73.94756097560975,74.17834800908342,248328
math_avg_grade,RandomForest,78.55831395348838,74.17834800908342,248328
math_avg_grade,RandomForest,68.26171597633137,74.17834800908342,248328
math_avg_grade,RandomForest,72.70255102040817,74.17834800908342,248328
math_avg_grade,RandomForest,70.36992700729927,75.47220853768732,248336
math_avg_grade,RandomForest,71.21488636363637,75.47220853768732,248336
math_avg_grade,RandomForest,69.4361,75.47220853768732,248336
math_avg_grade,RandomForest,66.66758620689656,75.47220853768732,248336
math_avg_grade,RandomForest,68.92,75.01143266934278,248344
math_avg_grade,RandomForest,72.23495412844036,75.01143266934278,248344
math_avg_grade,RandomForest,70.66073170731708,75.01143266934278,248344
math_avg_grade,RandomForest,57.85666666666666,75.01143266934278,248344
math_avg_grade,RandomForest,70.83171428571428,75.42338823115395,248419
math_avg_grade,RandomForest,70.94,75.42338823115395,248419
math_avg_grade,RandomForest,75.88290322580644,75.42338823115395,248419
math_avg_grade,RandomForest,75.73676923076924,75.42338823115395,248419
math_avg_grade,RandomForest,77.74328671328672,73.38363341223429,248427
math_avg_grade,RandomForest,74.6916806722689,73.38363341223429,248427
math_avg_grade,RandomForest,74.2122448979592,73.38363341223429,248427
math_avg_grade,RandomForest,72.18565517241377,73.38363341223429,248427
math_avg_grade,RandomForest,68.58524271844661,72.68404792992982,248435
math_avg_grade,RandomForest,72.62216216216217,72.68404792992982,248435
math_avg_grade,RandomForest,73.60449438202248,72.68404792992982,248435
math_avg_grade,RandomForest,73.80333333333334,72.68404792992982,248435
math_avg_grade,RandomForest,78.6918309859155,73.67033042303032,248443
math_avg_grade,RandomForest,78.06750000000001,73.67033042303032,248443
math_avg_grade,RandomForest,81.72772727272728,73.67033042303032,248443
math_avg_grade,RandomForest,80.41595505617978,73.67033042303032,248443
math_avg_grade,RandomForest,76.06902777777776,73.8945670705824,248534
math_avg_grade,RandomForest,76.02,73.8945670705824,248534
math_avg_grade,RandomForest,76.09356164383561,73.8945670705824,248534
math_avg_grade,RandomForest,71.08671641791044,73.8945670705824,248534
math_avg_grade,RandomForest,73.15019047619047,74.61303856187723,248559
math_avg_grade,RandomForest,74.98086956521739,74.61303856187723,248559
math_avg_grade,RandomForest,76.9075,74.61303856187723,248559
math_avg_grade,RandomForest,69.2967441860465,74.61303856187723,248559
math_avg_grade,RandomForest,73.8765806451613,73.37072847428985,248575
math_avg_grade,RandomForest,76.03823529411764,73.37072847428985,248575
math_avg_grade,RandomForest,74.10644444444445,73.37072847428985,248575
math_avg_grade,RandomForest,67.83160000000001,73.37072847428985,248575
math_avg_grade,RandomForest,75.44903448275862,74.27552281268149,248583
math_avg_grade,RandomForest,78.20458823529412,74.27552281268149,248583
math_avg_grade,RandomForest,78.31878048780489,74.27552281268149,248583
math_avg_grade,RandomForest,74.66453608247423,74.27552281268149,248583
math_avg_grade,RandomForest,77.50357487922705,74.60643919660211,248625
math_avg_grade,RandomForest,81.78479069767441,74.60643919660211,248625
math_avg_grade,RandomForest,80.02990196078431,74.60643919660211,248625
math_avg_grade,RandomForest,78.20888888888888,74.60643919660211,248625
math_avg_grade,RandomForest,73.44657894736842,74.16560030544422,248641
math_avg_grade,RandomForest,77.36981651376146,74.16560030544422,248641
math_avg_grade,RandomForest,74.29470588235294,74.16560030544422,248641
math_avg_grade,RandomForest,76.03338842975208,74.16560030544422,248641
math_avg_grade,RandomForest,71.86,73.36792218013348,248666
math_avg_grade,RandomForest,65.02,73.36792218013348,248666
math_avg_grade,RandomForest,68.34013157894736,73.36792218013348,248666
math_avg_grade,RandomForest,70.82,73.36792218013348,248666
math_avg_grade,RandomForest,71.72,71.4056969977405,248674
math_avg_grade,RandomForest,80.73,71.4056969977405,248674
math_avg_grade,RandomForest,64.78,71.4056969977405,248674
math_avg_grade,RandomForest,71.63,71.4056969977405,248674
math_avg_grade,RandomForest,81.78660194174758,79.73251973834742,248690
math_avg_grade,RandomForest,79.81591304347826,79.73251973834742,248690
math_avg_grade,RandomForest,77.818,79.73251973834742,248690
math_avg_grade,RandomForest,78.94097087378641,79.73251973834742,248690
math_avg_grade,RandomForest,78.91520547945206,77.0158694868627,248724
math_avg_grade,RandomForest,79.46144736842106,77.0158694868627,248724
math_avg_grade,RandomForest,76.18315789473684,77.0158694868627,248724
math_avg_grade,RandomForest,76.9505,77.0158694868627,248724
math_avg_grade,RandomForest,72.7836612021858,74.43235335239318,248740
math_avg_grade,RandomForest,72.51372093023255,74.43235335239318,248740
math_avg_grade,RandomForest,71.18285714285715,74.43235335239318,248740
math_avg_grade,RandomForest,71.82213414634147,74.43235335239318,248740
math_avg_grade,RandomForest,90.85,78.90107651320608,248757
math_avg_grade,RandomForest,79.55,78.90107651320608,248757
math_avg_grade,RandomForest,70.0,73.7846024225061,248781
math_avg_grade,RandomForest,71.87000000000002,73.7846024225061,248781
math_avg_grade,RandomForest,77.67365384615384,80.12056645548361,248823
math_avg_grade,RandomForest,81.37037037037037,80.12056645548361,248823
math_avg_grade,RandomForest,88.48264150943396,80.12056645548361,248823
math_avg_grade,RandomForest,87.1182608695652,80.12056645548361,248823
math_avg_grade,RandomForest,76.01769633507854,74.07240422429109,249037
math_avg_grade,RandomForest,80.07821256038649,74.07240422429109,249037
math_avg_grade,RandomForest,80.35228155339806,74.07240422429109,249037
math_avg_grade,RandomForest,78.76874439461884,74.07240422429109,249037
math_avg_grade,RandomForest,75.76726027397261,74.11485729684412,249094
math_avg_grade,RandomForest,80.14163120567376,74.11485729684412,249094
math_avg_grade,RandomForest,78.96885057471265,74.11485729684412,249094
math_avg_grade,RandomForest,80.23,74.11485729684412,249094
math_avg_grade,RandomForest,81.57417582417582,73.2737239052091,249110
math_avg_grade,RandomForest,82.34405405405406,73.2737239052091,249110
math_avg_grade,RandomForest,77.65794871794871,73.2737239052091,249110
math_avg_grade,RandomForest,79.59468085106383,73.2737239052091,249110
math_avg_grade,RandomForest,72.52301204819277,74.81254561783362,249193
math_avg_grade,RandomForest,72.81128440366972,74.81254561783362,249193
math_avg_grade,RandomForest,71.94852631578948,74.81254561783362,249193
math_avg_grade,RandomForest,69.83329896907216,74.81254561783362,249193
math_avg_grade,RandomForest,76.27844036697248,73.69360343275251,249235
math_avg_grade,RandomForest,79.58649253731343,73.69360343275251,249235
math_avg_grade,RandomForest,80.47239316239316,73.69360343275251,249235
math_avg_grade,RandomForest,80.11047297297297,73.69360343275251,249235
math_avg_grade,RandomForest,62.66,73.16017763278475,249250
math_avg_grade,RandomForest,67.2,73.16017763278475,249250
math_avg_grade,RandomForest,65.48,73.16017763278475,249250
math_avg_grade,RandomForest,67.17,73.16017763278475,249250
math_avg_grade,RandomForest,86.40470588235294,74.8997912992629,249284
math_avg_grade,RandomForest,85.71826086956521,74.8997912992629,249284
math_avg_grade,RandomForest,86.4031868131868,74.8997912992629,249284
math_avg_grade,RandomForest,71.71518518518519,73.4583729270435,249300
math_avg_grade,RandomForest,71.6939534883721,73.4583729270435,249300
math_avg_grade,RandomForest,63.899,73.4583729270435,249300
math_avg_grade,RandomForest,63.09507042253521,73.4583729270435,249300
math_avg_grade,RandomForest,66.66,73.30590621414092,249318
math_avg_grade,RandomForest,68.72,73.30590621414092,249318
math_avg_grade,RandomForest,68.79,73.30590621414092,249318
math_avg_grade,RandomForest,64.74,73.30590621414092,249318
math_avg_grade,RandomForest,77.09666666666666,77.62899386403348,260059
math_avg_grade,RandomForest,77.51,77.62899386403348,260059
math_avg_grade,RandomForest,81.551,77.62899386403348,260059
math_avg_grade,RandomForest,78.57111111111111,77.62899386403348,260059
math_avg_grade,RandomForest,84.63095238095237,81.16576028719783,260067
math_avg_grade,RandomForest,87.57,81.16576028719783,260067
math_avg_grade,RandomForest,86.85000000000001,81.16576028719783,260067
math_avg_grade,RandomForest,85.03764705882354,81.16576028719783,260067
math_avg_grade,RandomForest,82.17658536585365,78.99007284802605,260091
math_avg_grade,RandomForest,83.17649253731344,78.99007284802605,260091
math_avg_grade,RandomForest,82.92079470198675,78.99007284802605,260091
math_avg_grade,RandomForest,83.45360465116279,78.99007284802605,260091
math_avg_grade,RandomForest,79.249,81.2969935095039,260109
math_avg_grade,RandomForest,81.67598130841121,81.2969935095039,260109
math_avg_grade,RandomForest,85.47272727272727,81.2969935095039,260109
math_avg_grade,RandomForest,87.03654867256637,81.2969935095039,260109
math_avg_grade,RandomForest,74.35315789473684,81.60228568762257,260125
math_avg_grade,RandomForest,79.10123456790123,81.60228568762257,260125
math_avg_grade,RandomForest,80.85325842696629,81.60228568762257,260125
math_avg_grade,RandomForest,83.53975609756098,81.60228568762257,260125
math_avg_grade,RandomForest,78.08,74.70080645515854,260133
math_avg_grade,RandomForest,81.45725274725275,74.70080645515854,260133
math_avg_grade,RandomForest,83.4536559139785,74.70080645515854,260133
math_avg_grade,RandomForest,81.8274074074074,74.70080645515854,260133
math_avg_grade,RandomForest,80.17061538461539,83.24739579165879,260182
math_avg_grade,RandomForest,75.25605263157895,83.24739579165879,260182
math_avg_grade,RandomForest,78.8997520661157,83.24739579165879,260182
math_avg_grade,RandomForest,78.73160305343511,83.24739579165879,260182
math_avg_grade,RandomForest,77.9919827586207,78.89540824093342,260232
math_avg_grade,RandomForest,75.98142857142858,78.89540824093342,260232
math_avg_grade,RandomForest,78.6517543859649,78.89540824093342,260232
math_avg_grade,RandomForest,79.39285714285714,78.89540824093342,260232
math_avg_grade,RandomForest,84.41990825688073,83.1701564340895,260240
math_avg_grade,RandomForest,83.10019801980197,83.1701564340895,260240
math_avg_grade,RandomForest,87.06260869565217,83.1701564340895,260240
math_avg_grade,RandomForest,86.36389380530973,83.1701564340895,260240
math_avg_grade,RandomForest,84.6444927536232,82.07648486209516,260257
math_avg_grade,RandomForest,82.925,82.07648486209516,260257
math_avg_grade,RandomForest,86.21387323943661,82.07648486209516,260257
math_avg_grade,RandomForest,84.90436241610739,82.07648486209516,260257
math_avg_grade,RandomForest,78.96843478260868,81.883381004234,260307
math_avg_grade,RandomForest,82.04606299212598,81.883381004234,260307
math_avg_grade,RandomForest,81.18645161290323,81.883381004234,260307
math_avg_grade,RandomForest,82.76599999999999,81.883381004234,260307
math_avg_grade,RandomForest,77.98611764705882,81.36595463930634,260331
math_avg_grade,RandomForest,79.46000000000001,81.36595463930634,260331
math_avg_grade,RandomForest,81.10391304347827,81.36595463930634,260331
math_avg_grade,RandomForest,81.5209090909091,81.36595463930634,260331
math_avg_grade,RandomForest,81.46940476190477,78.51176502376836,260489
math_avg_grade,RandomForest,82.72932098765432,78.51176502376836,260489
math_avg_grade,RandomForest,81.98748299319728,78.51176502376836,260489
math_avg_grade,RandomForest,83.50247058823531,78.51176502376836,260489
math_avg_grade,RandomForest,63.42,75.9400856449379,260497
math_avg_grade,RandomForest,65.22,75.9400856449379,260497
math_avg_grade,RandomForest,64.05,75.9400856449379,260497
math_avg_grade,RandomForest,62.61,75.9400856449379,260497
math_avg_grade,RandomForest,81.34350364963504,81.86169621089975,261065
math_avg_grade,RandomForest,81.45472,81.86169621089975,261065
math_avg_grade,RandomForest,86.14462686567165,81.86169621089975,261065
math_avg_grade,RandomForest,83.0027397260274,81.86169621089975,261065
math_avg_grade,RandomForest,77.52272727272727,75.4791962280808,270025
math_avg_grade,RandomForest,73.66897435897437,75.4791962280808,270025
math_avg_grade,RandomForest,77.33616071428571,75.4791962280808,270025
math_avg_grade,RandomForest,75.6720895522388,75.4791962280808,270025
math_avg_grade,RandomForest,71.66655913978494,74.49418138902712,270033
math_avg_grade,RandomForest,80.18048192771084,74.49418138902712,270033
math_avg_grade,RandomForest,80.08591549295775,74.49418138902712,270033
math_avg_grade,RandomForest,76.83223880597015,74.49418138902712,270033
math_avg_grade,RandomForest,76.23603603603603,75.4278163082107,270041
math_avg_grade,RandomForest,75.48051181102362,75.4278163082107,270041
math_avg_grade,RandomForest,71.88025,75.4278163082107,270041
math_avg_grade,RandomForest,70.95,75.4278163082107,270041
math_avg_grade,RandomForest,76.63843971631206,79.32040510349124,270140
math_avg_grade,RandomForest,77.23664473684211,79.32040510349124,270140
math_avg_grade,RandomForest,78.87337423312884,79.32040510349124,270140
math_avg_grade,RandomForest,80.40796875,79.32040510349124,270140
math_avg_grade,RandomForest,74.34234567901234,74.06932713622632,270157
math_avg_grade,RandomForest,78.1212,74.06932713622632,270157
math_avg_grade,RandomForest,77.19626865671641,74.06932713622632,270157
math_avg_grade,RandomForest,71.29750000000001,74.06932713622632,270157
math_avg_grade,RandomForest,57.15,73.83506083534692,270223
math_avg_grade,RandomForest,58.34,73.83506083534692,270223
math_avg_grade,RandomForest,50.91,73.83506083534692,270223
math_avg_grade,RandomForest,60.4,73.83506083534692,270223
math_avg_grade,RandomForest,72.21391304347827,75.71648846561119,270280
math_avg_grade,RandomForest,73.25805970149256,75.71648846561119,270280
math_avg_grade,RandomForest,82.41196428571428,75.71648846561119,270280
math_avg_grade,RandomForest,75.36,75.71648846561119,270280
math_avg_grade,RandomForest,80.14037735849058,77.54788725063749,270298
math_avg_grade,RandomForest,76.88742138364782,77.54788725063749,270298
math_avg_grade,RandomForest,76.71913043478261,77.54788725063749,270298
math_avg_grade,RandomForest,77.67992700729927,77.54788725063749,270298
math_avg_grade,RandomForest,83.85,78.08548599976623,270801
math_avg_grade,RandomForest,83.31,78.08548599976623,270801
math_avg_grade,RandomForest,89.82300000000001,78.08548599976623,270801
math_avg_grade,RandomForest,92.33611111111112,78.08548599976623,270801
math_avg_grade,RandomForest,74.3103448275862,72.47974024256258,277012
math_avg_grade,RandomForest,73.77000000000001,72.47974024256258,277012
math_avg_grade,RandomForest,75.00129032258064,72.47974024256258,277012
math_avg_grade,RandomForest,61.89,72.47974024256258,277012
math_avg_grade,RandomForest,65.65,73.50769560717579,278010
math_avg_grade,RandomForest,73.11,73.50769560717579,278010
math_avg_grade,RandomForest,67.89,73.50769560717579,278010
math_avg_grade,RandomForest,72.02,73.50769560717579,278010
math_avg_grade,RandomForest,75.81939393939393,74.01514239498862,278028
math_avg_grade,RandomForest,73.82999999999998,74.01514239498862,278028
math_avg_grade,RandomForest,76.27889763779528,74.01514239498862,278028
math_avg_grade,RandomForest,75.96626016260161,74.01514239498862,278028
math_avg_grade,RandomForest,76.9272972972973,76.53410672358805,278283
math_avg_grade,RandomForest,76.37419642857142,76.53410672358805,278283
math_avg_grade,RandomForest,80.61374045801527,76.53410672358805,278283
math_avg_grade,RandomForest,74.54314049586776,76.53410672358805,278283
math_avg_grade,RandomForest,73.49458015267176,75.38630119546924,280032
math_avg_grade,RandomForest,75.14204225352113,75.38630119546924,280032
math_avg_grade,RandomForest,78.44684563758389,75.38630119546924,280032
math_avg_grade,RandomForest,79.6029197080292,75.38630119546924,280032
math_avg_grade,RandomForest,81.15771689497717,84.32435843121866,280057
math_avg_grade,RandomForest,81.65218009478673,84.32435843121866,280057
math_avg_grade,RandomForest,83.21867219917013,84.32435843121866,280057
math_avg_grade,RandomForest,85.11428571428571,84.32435843121866,280057
math_avg_grade,RandomForest,77.25,81.82305177656598,280115
math_avg_grade,RandomForest,82.88,81.82305177656598,280115
math_avg_grade,RandomForest,80.93,81.82305177656598,280115
math_avg_grade,RandomForest,86.52,81.82305177656598,280115
math_avg_grade,RandomForest,67.28,74.45943613389076,288019
math_avg_grade,RandomForest,70.94,74.45943613389076,288019
math_avg_grade,RandomForest,69.78,74.45943613389076,288019
math_avg_grade,RandomForest,69.21,74.45943613389076,288019
math_avg_grade,RandomForest,84.91,79.62166120692495,288134
math_avg_grade,RandomForest,86.29,79.62166120692495,288134
math_avg_grade,RandomForest,89.94,86.10161460292193,338095
math_avg_grade,RandomForest,93.74857142857142,86.10161460292193,338095
math_avg_grade,RandomForest,89.59,86.10161460292193,338095
math_avg_grade,RandomForest,86.14,86.82540275890737,338129
math_avg_grade,RandomForest,86.44,86.82540275890737,338129
math_avg_grade,RandomForest,88.63,86.82540275890737,338129
math_avg_grade,RandomForest,96.31,86.82540275890737,338129
math_avg_grade,RandomForest,63.3,75.60340132123893,338418
math_avg_grade,RandomForest,66.25,75.60340132123893,338418
math_avg_grade,RandomForest,73.64,75.60340132123893,338418
math_avg_grade,RandomForest,71.11136363636363,75.60340132123893,338418
math_avg_grade,RandomForest,81.75,75.94794001590117,338541
math_avg_grade,RandomForest,72.69,77.91153568591972,338616
math_avg_grade,RandomForest,76.32,77.91153568591972,338616
math_avg_grade,RandomForest,79.93,77.91153568591972,338616
math_avg_grade,RandomForest,84.11,77.91153568591972,338616
math_avg_grade,RandomForest,64.61531914893617,74.55192247176848,338657
math_avg_grade,RandomForest,65.98428571428572,74.55192247176848,338657
math_avg_grade,RandomForest,83.0,75.53256242107936,338715
math_avg_grade,RandomForest,89.91,78.65825058610959,338772
math_avg_grade,RandomForest,84.0,78.65825058610959,338772
math_avg_grade,RandomForest,75.64,78.65825058610959,338772
math_avg_grade,RandomForest,82.57065359477124,81.99602221793118,340018
math_avg_grade,RandomForest,84.0775,81.99602221793118,340018
math_avg_grade,RandomForest,83.3472,81.99602221793118,340018
math_avg_grade,RandomForest,83.98491467576791,81.99602221793118,340018
math_avg_grade,RandomForest,75.74580291970803,77.55547865317996,340034
math_avg_grade,RandomForest,80.00270440251572,77.55547865317996,340034
math_avg_grade,RandomForest,81.87524242424243,77.55547865317996,340034
math_avg_grade,RandomForest,79.65885135135136,77.55547865317996,340034
math_avg_grade,RandomForest,75.32000000000001,73.28830888636118,340042
math_avg_grade,RandomForest,75.35,73.28830888636118,340042
math_avg_grade,RandomForest,84.31,73.28830888636118,340042
math_avg_grade,RandomForest,76.82000000000001,73.28830888636118,340042
math_avg_grade,RandomForest,79.02935828877006,84.26541384308906,340059
math_avg_grade,RandomForest,81.39388157894737,84.26541384308906,340059
math_avg_grade,RandomForest,83.57503067484663,84.26541384308906,340059
math_avg_grade,RandomForest,84.35199999999999,84.26541384308906,340059
math_avg_grade,RandomForest,75.00068322981367,79.32417999417274,340091
math_avg_grade,RandomForest,71.37584795321638,79.32417999417274,340091
math_avg_grade,RandomForest,77.57166666666666,79.32417999417274,340091
math_avg_grade,RandomForest,77.08228070175439,79.32417999417274,340091
math_avg_grade,RandomForest,80.79153846153847,84.79012192680587,340109
math_avg_grade,RandomForest,85.03408602150537,84.79012192680587,340109
math_avg_grade,RandomForest,90.05405660377357,84.79012192680587,340109
math_avg_grade,RandomForest,88.9878761061947,84.79012192680587,340109
math_avg_grade,RandomForest,80.11488950276242,76.03397230645707,340117
math_avg_grade,RandomForest,81.57129943502824,76.03397230645707,340117
math_avg_grade,RandomForest,84.12592375366569,76.03397230645707,340117
math_avg_grade,RandomForest,85.24044198895028,76.03397230645707,340117
math_avg_grade,RandomForest,72.63199999999999,78.59696192997652,340125
math_avg_grade,RandomForest,77.73470588235294,78.59696192997652,340125
math_avg_grade,RandomForest,74.16,78.59696192997652,340125
math_avg_grade,RandomForest,81.85,78.59696192997652,340125
math_avg_grade,RandomForest,74.89244444444444,78.16293353875916,340133
math_avg_grade,RandomForest,78.60791443850268,78.16293353875916,340133
math_avg_grade,RandomForest,81.16221052631579,78.16293353875916,340133
math_avg_grade,RandomForest,82.75657777777778,78.16293353875916,340133
math_avg_grade,RandomForest,81.99201438848921,79.5069477363672,340158
math_avg_grade,RandomForest,82.39223214285714,79.5069477363672,340158
math_avg_grade,RandomForest,81.59496183206107,79.5069477363672,340158
math_avg_grade,RandomForest,82.46109090909091,79.5069477363672,340158
math_avg_grade,RandomForest,74.11272727272727,79.62466488142603,340166
math_avg_grade,RandomForest,74.17,79.62466488142603,340166
math_avg_grade,RandomForest,81.835,79.62466488142603,340166
math_avg_grade,RandomForest,80.3192,79.62466488142603,340166
math_avg_grade,RandomForest,70.97990909090909,75.22366386179456,340174
math_avg_grade,RandomForest,71.13039603960397,75.22366386179456,340174
math_avg_grade,RandomForest,73.12540322580647,75.22366386179456,340174
math_avg_grade,RandomForest,74.82777777777778,75.22366386179456,340174
math_avg_grade,RandomForest,77.26483443708611,79.17781586280968,340190
math_avg_grade,RandomForest,78.05,79.17781586280968,340190
math_avg_grade,RandomForest,77.8951879699248,79.17781586280968,340190
math_avg_grade,RandomForest,81.13962962962962,79.17781586280968,340190
math_avg_grade,RandomForest,74.8777205882353,78.08254426331771,340208
math_avg_grade,RandomForest,71.24031746031746,78.08254426331771,340208
math_avg_grade,RandomForest,77.95331360946746,78.08254426331771,340208
math_avg_grade,RandomForest,78.1185496183206,78.08254426331771,340208
math_avg_grade,RandomForest,82.84843537414967,85.44139394297684,340216
math_avg_grade,RandomForest,82.75336492890995,85.44139394297684,340216
math_avg_grade,RandomForest,85.86445497630332,85.44139394297684,340216
math_avg_grade,RandomForest,86.06295774647887,85.44139394297684,340216
math_avg_grade,RandomForest,80.48692307692308,78.88942012156961,340232
math_avg_grade,RandomForest,77.92083333333333,78.88942012156961,340232
math_avg_grade,RandomForest,81.80612903225806,78.88942012156961,340232
math_avg_grade,RandomForest,83.78363636363636,78.88942012156961,340232
math_avg_grade,RandomForest,85.2925,77.69995659394678,340240
math_avg_grade,RandomForest,77.62,77.69995659394678,340240
math_avg_grade,RandomForest,87.5222,77.69995659394678,340240
math_avg_grade,RandomForest,79.60263157894735,77.69995659394678,340240
math_avg_grade,RandomForest,81.41491694352159,80.23559671571176,340281
math_avg_grade,RandomForest,81.66003215434084,80.23559671571176,340281
math_avg_grade,RandomForest,87.03526813880126,80.23559671571176,340281
math_avg_grade,RandomForest,84.3642803030303,80.23559671571176,340281
math_avg_grade,RandomForest,79.70446808510638,77.9500771843687,340315
math_avg_grade,RandomForest,78.28914285714286,77.9500771843687,340315
math_avg_grade,RandomForest,77.48462686567164,77.9500771843687,340315
math_avg_grade,RandomForest,79.42371900826447,77.9500771843687,340315
math_avg_grade,RandomForest,93.32,88.16184728221775,340331
math_avg_grade,RandomForest,92.52,88.16184728221775,340331
math_avg_grade,RandomForest,95.96,88.16184728221775,340331
math_avg_grade,RandomForest,93.95,88.16184728221775,340331
math_avg_grade,RandomForest,73.23505376344086,74.7764744336496,340349
math_avg_grade,RandomForest,79.28663265306123,74.7764744336496,340349
math_avg_grade,RandomForest,75.61662650602409,74.7764744336496,340349
math_avg_grade,RandomForest,69.57,74.66317500354738,340356
math_avg_grade,RandomForest,75.0,74.66317500354738,340356
math_avg_grade,RandomForest,71.0,74.66317500354738,340356
math_avg_grade,RandomForest,80.89564705882351,78.67683123340018,340380
math_avg_grade,RandomForest,84.35953125,78.67683123340018,340380
math_avg_grade,RandomForest,86.4487619047619,78.67683123340018,340380
math_avg_grade,RandomForest,80.69413793103449,78.67683123340018,340380
math_avg_grade,RandomForest,81.94,83.5773621532243,340596
math_avg_grade,RandomForest,79.61,83.5773621532243,340596
math_avg_grade,RandomForest,58.77,72.73634075110775,340612
math_avg_grade,RandomForest,72.69,72.73634075110775,340612
math_avg_grade,RandomForest,67.06,72.73634075110775,340612
math_avg_grade,RandomForest,66.85,74.5727623492184,340646
math_avg_grade,RandomForest,73.82,76.33049357119008,340653
math_avg_grade,RandomForest,69.07,76.33049357119008,340653
math_avg_grade,RandomForest,67.67,76.33049357119008,340653
math_avg_grade,RandomForest,79.5592,78.3313864598691,340737
math_avg_grade,RandomForest,84.42,78.3313864598691,340737
math_avg_grade,RandomForest,82.31,78.3313864598691,340737
math_avg_grade,RandomForest,87.3869230769231,78.3313864598691,340737
math_avg_grade,RandomForest,71.23,76.59711600079999,340778
math_avg_grade,RandomForest,65.9,76.59711600079999,340778
math_avg_grade,RandomForest,77.38,76.59711600079999,340778
math_avg_grade,RandomForest,63.07,76.59711600079999,340778
math_avg_grade,RandomForest,73.42999999999999,74.49061586229253,342170
math_avg_grade,RandomForest,76.85,74.49061586229253,342170
math_avg_grade,RandomForest,71.44173684210527,74.43006728882429,342352
math_avg_grade,RandomForest,69.28913461538463,74.43006728882429,342352
math_avg_grade,RandomForest,74.56619565217392,74.43006728882429,342352
math_avg_grade,RandomForest,71.114,74.43006728882429,342352
math_avg_grade,RandomForest,69.76,73.28999167564737,344101
math_avg_grade,RandomForest,72.56,73.28999167564737,344101
math_avg_grade,RandomForest,76.07000000000001,73.28999167564737,344101
math_avg_grade,RandomForest,70.83666666666666,73.28999167564737,344101
math_avg_grade,RandomForest,82.33,78.34726954199621,344150
math_avg_grade,RandomForest,87.23441860465117,78.34726954199621,344150
math_avg_grade,RandomForest,91.67,78.34726954199621,344150
math_avg_grade,RandomForest,88.32571428571428,78.34726954199621,344150
math_avg_grade,RandomForest,75.53644444444446,78.55162943594874,344200
math_avg_grade,RandomForest,84.71478260869566,78.55162943594874,344200
math_avg_grade,RandomForest,82.58521739130435,78.55162943594874,344200
math_avg_grade,RandomForest,77.86,78.55162943594874,344200
math_avg_grade,RandomForest,74.7567391304348,74.26848273153121,344234
math_avg_grade,RandomForest,76.2922,74.26848273153121,344234
math_avg_grade,RandomForest,74.66368932038836,74.26848273153121,344234
math_avg_grade,RandomForest,71.71095744680851,74.26848273153121,344234
math_avg_grade,RandomForest,62.34,78.86506332712078,344382
math_avg_grade,RandomForest,71.04,78.86506332712078,344382
math_avg_grade,RandomForest,70.15,78.86506332712078,344382
math_avg_grade,RandomForest,75.06,78.86506332712078,344382
math_avg_grade,RandomForest,74.0314705882353,75.47396796575732,344416
math_avg_grade,RandomForest,79.20477272727273,75.47396796575732,344416
math_avg_grade,RandomForest,81.53303703703705,75.47396796575732,344416
math_avg_grade,RandomForest,75.85740932642487,75.47396796575732,344416
math_avg_grade,RandomForest,72.15872180451129,74.13623973418129,344440
math_avg_grade,RandomForest,72.09276923076922,74.13623973418129,344440
math_avg_grade,RandomForest,70.28071428571428,74.13623973418129,344440
math_avg_grade,RandomForest,72.27629921259843,74.13623973418129,344440
math_avg_grade,RandomForest,79.19,74.59497847038186,344473
math_avg_grade,RandomForest,79.07,74.59497847038186,344473
math_avg_grade,RandomForest,81.7192,74.59497847038186,344473
math_avg_grade,RandomForest,74.69,75.0628869016196,344572
math_avg_grade,RandomForest,74.71,75.0628869016196,344572
math_avg_grade,RandomForest,73.92,75.0628869016196,344572
math_avg_grade,RandomForest,72.78,75.0628869016196,344572
math_avg_grade,RandomForest,74.42,85.02917879770531,344580
math_avg_grade,RandomForest,76.38,85.02917879770531,344580
math_avg_grade,RandomForest,80.5,78.85159346728801,344598
math_avg_grade,RandomForest,78.67,78.85159346728801,344598
math_avg_grade,RandomForest,88.0,78.85159346728801,344598
math_avg_grade,RandomForest,87.85170212765958,84.58814619395865,344911
math_avg_grade,RandomForest,80.85,82.25569002348496,346494
math_avg_grade,RandomForest,83.83,82.25569002348496,346494
math_avg_grade,RandomForest,70.53,77.15631793799398,346932
math_avg_grade,RandomForest,88.94,77.15631793799398,346932
math_avg_grade,RandomForest,80.06,77.15631793799398,346932
math_avg_grade,RandomForest,87.96246376811594,82.7674312790034,347013
math_avg_grade,RandomForest,89.91026845637583,82.7674312790034,347013
math_avg_grade,RandomForest,88.93331034482759,82.7674312790034,347013
math_avg_grade,RandomForest,86.89316455696202,82.7674312790034,347013
math_avg_grade,RandomForest,84.55276923076921,79.94292876395195,347021
math_avg_grade,RandomForest,83.77142857142857,79.94292876395195,347021
math_avg_grade,RandomForest,87.223,79.94292876395195,347021
math_avg_grade,RandomForest,80.63528735632184,79.94292876395195,347021
math_avg_grade,RandomForest,80.6570731707317,79.12891288483253,347039
math_avg_grade,RandomForest,81.4286274509804,79.12891288483253,347039
math_avg_grade,RandomForest,82.50045454545455,79.12891288483253,347039
math_avg_grade,RandomForest,83.29294117647059,79.12891288483253,347039
math_avg_grade,RandomForest,72.17168316831682,74.50366778443771,347054
math_avg_grade,RandomForest,70.94807692307693,74.50366778443771,347054
math_avg_grade,RandomForest,69.47451219512195,74.50366778443771,347054
math_avg_grade,RandomForest,70.57031847133757,74.50366778443771,347054
math_avg_grade,RandomForest,67.95,72.14800619787977,347062
math_avg_grade,RandomForest,73.91,72.14800619787977,347062
math_avg_grade,RandomForest,88.75544444444444,81.64825038338137,347070
math_avg_grade,RandomForest,89.71041237113401,81.64825038338137,347070
math_avg_grade,RandomForest,90.8932044198895,81.64825038338137,347070
math_avg_grade,RandomForest,87.10635,81.64825038338137,347070
math_avg_grade,RandomForest,78.98403225806452,75.89264692108759,347096
math_avg_grade,RandomForest,76.78,75.89264692108759,347096
math_avg_grade,RandomForest,74.36363636363636,75.89264692108759,347096
math_avg_grade,RandomForest,76.08281690140845,75.89264692108759,347096
math_avg_grade,RandomForest,73.06333333333333,77.7012902246824,347112
math_avg_grade,RandomForest,70.88697674418604,77.7012902246824,347112
math_avg_grade,RandomForest,72.17503546099292,73.22880591087655,348037
math_avg_grade,RandomForest,72.66557291666666,73.22880591087655,348037
math_avg_grade,RandomForest,77.32675,73.22880591087655,348037
math_avg_grade,RandomForest,76.26641791044776,73.22880591087655,348037
math_avg_grade,RandomForest,79.09915492957747,77.09608841304322,348185
math_avg_grade,RandomForest,81.9245390070922,77.09608841304322,348185
math_avg_grade,RandomForest,83.01847058823529,77.09608841304322,348185
math_avg_grade,RandomForest,81.11814102564101,77.09608841304322,348185
math_avg_grade,RandomForest,71.56,76.93023364136474,348193
math_avg_grade,RandomForest,63.15,76.93023364136474,348193
math_avg_grade,RandomForest,76.15,76.93023364136474,348193
math_avg_grade,RandomForest,71.08,76.93023364136474,348193
math_avg_grade,RandomForest,66.22,74.76484289008124,348201
math_avg_grade,RandomForest,70.7,74.76484289008124,348201
math_avg_grade,RandomForest,75.55,74.76484289008124,348201
math_avg_grade,RandomForest,65.43,74.76484289008124,348201
math_avg_grade,RandomForest,68.62440366972477,74.33605649843773,348227
math_avg_grade,RandomForest,71.2560975609756,74.33605649843773,348227
math_avg_grade,RandomForest,68.7070731707317,74.33605649843773,348227
math_avg_grade,RandomForest,69.37525974025974,74.33605649843773,348227
math_avg_grade,RandomForest,69.58046153846153,71.77843859739531,348250
math_avg_grade,RandomForest,70.01836734693877,71.77843859739531,348250
math_avg_grade,RandomForest,76.55811320754717,71.77843859739531,348250
math_avg_grade,RandomForest,74.44938775510204,71.77843859739531,348250
math_avg_grade,RandomForest,74.42285714285714,74.50525138131827,348318
math_avg_grade,RandomForest,74.945,74.50525138131827,348318
math_avg_grade,RandomForest,78.92354838709677,74.50525138131827,348318
math_avg_grade,RandomForest,79.12654545454545,74.50525138131827,348318
math_avg_grade,RandomForest,84.1845054945055,81.71390852632935,348342
math_avg_grade,RandomForest,86.73237113402062,81.71390852632935,348342
math_avg_grade,RandomForest,82.77421568627452,81.71390852632935,348342
math_avg_grade,RandomForest,89.34142857142857,81.71390852632935,348342
math_avg_grade,RandomForest,85.26352941176471,82.18624321905808,349928
math_avg_grade,RandomForest,93.33361111111113,82.18624321905808,349928
math_avg_grade,RandomForest,86.44267441860465,82.18624321905808,349928
math_avg_grade,RandomForest,87.65307692307692,82.18624321905808,349928
math_avg_grade,RandomForest,78.23404761904762,74.65619309037643,353581
math_avg_grade,RandomForest,80.59340909090908,74.65619309037643,353581
math_avg_grade,RandomForest,86.73894736842105,74.65619309037643,353581
math_avg_grade,RandomForest,83.43051724137932,74.65619309037643,353581
math_avg_grade,RandomForest,84.91,80.80822464953405,353599
math_avg_grade,RandomForest,83.78013698630137,85.18243220186356,356212
math_avg_grade,RandomForest,84.87789473684211,85.18243220186356,356212
math_avg_grade,RandomForest,83.76395000000001,85.18243220186356,356212
math_avg_grade,RandomForest,85.47448979591837,85.18243220186356,356212
math_avg_grade,RandomForest,84.18,82.1578911284714,359059
math_avg_grade,RandomForest,75.286,75.34790880339119,359323
math_avg_grade,RandomForest,77.11474576271188,75.34790880339119,359323
math_avg_grade,RandomForest,70.18,75.34790880339119,359323
math_avg_grade,RandomForest,69.11,75.34790880339119,359323
math_avg_grade,RandomForest,83.07231213872832,82.91010947131257,360040
math_avg_grade,RandomForest,85.44368131868131,82.91010947131257,360040
math_avg_grade,RandomForest,88.27406976744186,82.91010947131257,360040
math_avg_grade,RandomForest,86.57353591160222,82.91010947131257,360040
math_avg_grade,RandomForest,82.065,80.76338513894405,360123
math_avg_grade,RandomForest,82.50052631578947,80.76338513894405,360123
math_avg_grade,RandomForest,82.55725490196079,80.76338513894405,360123
math_avg_grade,RandomForest,84.98666666666666,80.76338513894405,360123
math_avg_grade,RandomForest,78.24567567567568,76.01696070364372,360149
math_avg_grade,RandomForest,73.5570769230769,76.01696070364372,360149
math_avg_grade,RandomForest,85.28428571428572,76.01696070364372,360149
math_avg_grade,RandomForest,80.35072289156626,76.01696070364372,360149
math_avg_grade,RandomForest,81.30684848484847,83.83220604688346,360222
math_avg_grade,RandomForest,83.62018633540373,83.83220604688346,360222
math_avg_grade,RandomForest,86.41424418604652,83.83220604688346,360222
math_avg_grade,RandomForest,86.66366666666667,83.83220604688346,360222
math_avg_grade,RandomForest,82.82,84.90327347234538,360503
math_avg_grade,RandomForest,89.53,84.90327347234538,360503
math_avg_grade,RandomForest,80.28,83.30926482545715,370049
math_avg_grade,RandomForest,83.28479591836735,83.30926482545715,370049
math_avg_grade,RandomForest,84.38369565217391,83.30926482545715,370049
math_avg_grade,RandomForest,84.9799,83.30926482545715,370049
math_avg_grade,RandomForest,77.49638554216868,79.32852062147721,370072
math_avg_grade,RandomForest,78.98504347826088,79.32852062147721,370072
math_avg_grade,RandomForest,80.18723880597015,79.32852062147721,370072
math_avg_grade,RandomForest,80.96614814814815,79.32852062147721,370072
math_avg_grade,RandomForest,69.24595238095237,74.52786966794099,370122
math_avg_grade,RandomForest,76.84768,74.52786966794099,370122
math_avg_grade,RandomForest,73.87,74.52786966794099,370122
math_avg_grade,RandomForest,74.3250495049505,74.52786966794099,370122
math_avg_grade,RandomForest,57.07,74.69158884006436,370155
math_avg_grade,RandomForest,64.49,74.69158884006436,370155
math_avg_grade,RandomForest,68.0,74.69158884006436,370155
math_avg_grade,RandomForest,66.59653333333333,74.69158884006436,370155
math_avg_grade,RandomForest,83.64,71.81101395936591,370254
math_avg_grade,RandomForest,70.48,71.81101395936591,370254
math_avg_grade,RandomForest,70.71,71.81101395936591,370254
math_avg_grade,RandomForest,72.32058823529412,71.81101395936591,370254
math_avg_grade,RandomForest,72.20769230769231,78.74368084335933,370304
math_avg_grade,RandomForest,79.88,78.74368084335933,370304
math_avg_grade,RandomForest,80.71743589743589,78.74368084335933,370304
math_avg_grade,RandomForest,80.99777777777778,78.74368084335933,370304
math_avg_grade,RandomForest,79.64216783216781,76.23339004418261,370312
math_avg_grade,RandomForest,79.52736486486486,76.23339004418261,370312
math_avg_grade,RandomForest,81.86172297297297,76.23339004418261,370312
math_avg_grade,RandomForest,81.8552490421456,76.23339004418261,370312
math_avg_grade,RandomForest,82.15135802469136,84.02867131741418,370395
math_avg_grade,RandomForest,81.17713450292398,84.02867131741418,370395
math_avg_grade,RandomForest,85.34679245283019,84.02867131741418,370395
math_avg_grade,RandomForest,82.71870689655171,84.02867131741418,370395
math_avg_grade,RandomForest,74.49,74.18780491421926,370494
math_avg_grade,RandomForest,78.97909090909091,74.18780491421926,370494
math_avg_grade,RandomForest,80.00097826086957,74.18780491421926,370494
math_avg_grade,RandomForest,75.57,74.18780491421926,370494
math_avg_grade,RandomForest,75.47,76.81779869362003,370551
math_avg_grade,RandomForest,80.57,76.81779869362003,370551
math_avg_grade,RandomForest,82.82,76.81779869362003,370551
math_avg_grade,RandomForest,79.29,76.81779869362003,370551
math_avg_grade,RandomForest,82.58962962962963,76.05763421547051,372243
math_avg_grade,RandomForest,85.8214,76.05763421547051,372243
math_avg_grade,RandomForest,89.86,84.85946422250879,372953
math_avg_grade,RandomForest,87.31,84.85946422250879,372953
math_avg_grade,RandomForest,89.59,86.4924004611534,373142
math_avg_grade,RandomForest,89.0,86.4924004611534,373142
math_avg_grade,RandomForest,78.18,86.07273243712247,373357
math_avg_grade,RandomForest,89.61,86.07273243712247,373357
math_avg_grade,RandomForest,85.0,86.07273243712247,373357
math_avg_grade,RandomForest,88.36,81.69721290145534,374249
math_avg_grade,RandomForest,82.845,81.69721290145534,374249
math_avg_grade,RandomForest,73.82666666666667,77.56152290810562,378018
math_avg_grade,RandomForest,74.8444347826087,77.56152290810562,378018
math_avg_grade,RandomForest,71.98034482758622,77.56152290810562,378018
math_avg_grade,RandomForest,73.81916666666667,77.56152290810562,378018
math_avg_grade,RandomForest,69.93,73.3433911174711,378075
math_avg_grade,RandomForest,69.81,73.3433911174711,378075
math_avg_grade,RandomForest,64.02,73.3433911174711,378075
math_avg_grade,RandomForest,65.0,73.3433911174711,378075
math_avg_grade,RandomForest,66.36,78.38925214268781,378117
math_avg_grade,RandomForest,84.36,78.38925214268781,378117
math_avg_grade,RandomForest,84.0423076923077,78.38925214268781,378117
math_avg_grade,RandomForest,77.0,78.38925214268781,378117
math_avg_grade,RandomForest,79.02065420560749,75.93254467964661,380022
math_avg_grade,RandomForest,82.24229885057471,75.93254467964661,380022
math_avg_grade,RandomForest,82.15378640776699,75.93254467964661,380022
math_avg_grade,RandomForest,80.29130434782608,75.93254467964661,380022
math_avg_grade,RandomForest,77.01142857142857,78.13551242836589,380030
math_avg_grade,RandomForest,75.57295081967213,78.13551242836589,380030
math_avg_grade,RandomForest,78.63464516129032,78.13551242836589,380030
math_avg_grade,RandomForest,76.96006802721088,78.13551242836589,380030
math_avg_grade,RandomForest,78.31,68.77101253538828,380048
math_avg_grade,RandomForest,72.69,68.77101253538828,380048
math_avg_grade,RandomForest,78.31,68.77101253538828,380048
math_avg_grade,RandomForest,74.53063829787233,68.77101253538828,380048
math_avg_grade,RandomForest,75.5,77.62322238347548,380055
math_avg_grade,RandomForest,81.77,77.62322238347548,380055
math_avg_grade,RandomForest,68.74,77.62322238347548,380055
math_avg_grade,RandomForest,79.71447761194028,77.62322238347548,380055
math_avg_grade,RandomForest,80.4,81.71743426963346,384016
math_avg_grade,RandomForest,84.9270731707317,81.71743426963346,384016
math_avg_grade,RandomForest,81.69943396226415,81.71743426963346,384016
math_avg_grade,RandomForest,87.95447761194029,81.71743426963346,384016
math_avg_grade,RandomForest,64.39,80.61910435247792,410001
math_avg_grade,RandomForest,73.45,80.61910435247792,410001
math_avg_grade,RandomForest,67.69,80.61910435247792,410001
math_avg_grade,RandomForest,73.91,80.61910435247792,410001
math_avg_grade,RandomForest,88.71897435897436,75.72836050881035,410076
math_avg_grade,RandomForest,89.82,75.72836050881035,410076
math_avg_grade,RandomForest,75.67000000000002,76.5327356997469,417204
math_avg_grade,RandomForest,72.47,76.5327356997469,417204
math_avg_grade,RandomForest,68.65,76.5327356997469,417204
math_avg_grade,RandomForest,65.52,76.5327356997469,417204
math_avg_grade,RandomForest,84.41357142857143,85.00423836966266,420018
math_avg_grade,RandomForest,81.68,86.30231989365322,420026
math_avg_grade,RandomForest,81.45374999999999,86.30231989365322,420026
math_avg_grade,RandomForest,81.22393700787401,84.65472867323211,420489
math_avg_grade,RandomForest,77.81020134228189,84.65472867323211,420489
math_avg_grade,RandomForest,77.7456953642384,84.65472867323211,420489
math_avg_grade,RandomForest,78.13783625730994,84.65472867323211,420489
math_avg_grade,RandomForest,83.2834589041096,82.61657877686848,440016
math_avg_grade,RandomForest,81.13505154639175,82.61657877686848,440016
math_avg_grade,RandomForest,85.29441791044775,82.61657877686848,440016
math_avg_grade,RandomForest,84.25095744680851,82.61657877686848,440016
math_avg_grade,RandomForest,87.89386554621849,83.41260969660321,440024
math_avg_grade,RandomForest,88.89759493670886,83.41260969660321,440024
math_avg_grade,RandomForest,91.60590308370044,83.41260969660321,440024
math_avg_grade,RandomForest,89.76958158995816,83.41260969660321,440024
math_avg_grade,RandomForest,70.79,80.71831628939876,440040
math_avg_grade,RandomForest,80.73244897959184,80.71831628939876,440040
math_avg_grade,RandomForest,81.90470588235294,80.71831628939876,440040
math_avg_grade,RandomForest,84.94,80.71831628939876,440040
math_avg_grade,RandomForest,82.34716814159292,83.79411979939587,440065
math_avg_grade,RandomForest,82.80867549668875,83.79411979939587,440065
math_avg_grade,RandomForest,85.0315210355987,83.79411979939587,440065
math_avg_grade,RandomForest,83.70711538461538,83.79411979939587,440065
math_avg_grade,RandomForest,72.19,74.50636022300107,440073
math_avg_grade,RandomForest,76.43796610169491,74.50636022300107,440073
math_avg_grade,RandomForest,83.78,74.50636022300107,440073
math_avg_grade,RandomForest,82.43,74.50636022300107,440073
math_avg_grade,RandomForest,86.13151515151515,82.98774800635499,440081
math_avg_grade,RandomForest,87.5614364640884,82.98774800635499,440081
math_avg_grade,RandomForest,90.28888324873095,82.98774800635499,440081
math_avg_grade,RandomForest,89.53355555555557,82.98774800635499,440081
math_avg_grade,RandomForest,79.70005208333333,82.23979040036137,440099
math_avg_grade,RandomForest,81.87302083333333,82.23979040036137,440099
math_avg_grade,RandomForest,84.69672413793103,82.23979040036137,440099
math_avg_grade,RandomForest,83.29297959183673,82.23979040036137,440099
math_avg_grade,RandomForest,86.18282945736433,85.07803292303346,440107
math_avg_grade,RandomForest,87.11806250000001,85.07803292303346,440107
math_avg_grade,RandomForest,87.1250352112676,85.07803292303346,440107
math_avg_grade,RandomForest,87.94552346570397,85.07803292303346,440107
math_avg_grade,RandomForest,79.60945945945946,76.8941974174872,440115
math_avg_grade,RandomForest,79.4240251572327,76.8941974174872,440115
math_avg_grade,RandomForest,79.65374233128834,76.8941974174872,440115
math_avg_grade,RandomForest,78.28217948717949,76.8941974174872,440115
math_avg_grade,RandomForest,87.83259259259259,88.32912888844612,440131
math_avg_grade,RandomForest,89.00093749999999,88.32912888844612,440131
math_avg_grade,RandomForest,94.51333333333332,88.32912888844612,440131
math_avg_grade,RandomForest,93.21720588235291,88.32912888844612,440131
math_avg_grade,RandomForest,80.8314598540146,79.3499235154241,440149
math_avg_grade,RandomForest,80.773046875,79.3499235154241,440149
math_avg_grade,RandomForest,80.4648,79.3499235154241,440149
math_avg_grade,RandomForest,83.74606299212599,79.3499235154241,440149
math_avg_grade,RandomForest,77.66221153846153,80.53615549843529,440156
math_avg_grade,RandomForest,82.50889705882352,80.53615549843529,440156
math_avg_grade,RandomForest,83.32235294117648,80.53615549843529,440156
math_avg_grade,RandomForest,85.17829787234042,80.53615549843529,440156
math_avg_grade,RandomForest,82.14108247422679,85.90355872550097,440172
math_avg_grade,RandomForest,84.84441441441442,85.90355872550097,440172
math_avg_grade,RandomForest,85.4484649122807,85.90355872550097,440172
math_avg_grade,RandomForest,86.5131223628692,85.90355872550097,440172
math_avg_grade,RandomForest,86.38331838565023,82.92893874603814,440180
math_avg_grade,RandomForest,86.25564575645755,82.92893874603814,440180
math_avg_grade,RandomForest,85.80464843749999,82.92893874603814,440180
math_avg_grade,RandomForest,86.15086330935253,82.92893874603814,440180
math_avg_grade,RandomForest,79.66748717948718,79.24043226554745,440198
math_avg_grade,RandomForest,77.67335766423358,79.24043226554745,440198
math_avg_grade,RandomForest,79.24302158273382,79.24043226554745,440198
math_avg_grade,RandomForest,77.3038064516129,79.24043226554745,440198
math_avg_grade,RandomForest,86.13756097560976,86.35751092508464,440214
math_avg_grade,RandomForest,89.134375,86.35751092508464,440214
math_avg_grade,RandomForest,93.15538461538462,86.35751092508464,440214
math_avg_grade,RandomForest,87.745,86.35751092508464,440214
math_avg_grade,RandomForest,84.23082089552238,86.0143129198264,440248
math_avg_grade,RandomForest,83.83860215053764,86.0143129198264,440248
math_avg_grade,RandomForest,83.96198113207546,86.0143129198264,440248
math_avg_grade,RandomForest,87.99192118226601,86.0143129198264,440248
math_avg_grade,RandomForest,90.12,80.11802532302879,440255
math_avg_grade,RandomForest,93.0,80.11802532302879,440255
math_avg_grade,RandomForest,89.47,80.11802532302879,440255
math_avg_grade,RandomForest,93.93,80.11802532302879,440255
math_avg_grade,RandomForest,84.06533163265306,86.57354504561194,440289
math_avg_grade,RandomForest,85.06682302771854,86.57354504561194,440289
math_avg_grade,RandomForest,85.84272727272727,86.57354504561194,440289
math_avg_grade,RandomForest,85.34533468559837,86.57354504561194,440289
math_avg_grade,RandomForest,82.68592105263157,84.46179260267299,440297
math_avg_grade,RandomForest,85.01117647058823,84.46179260267299,440297
math_avg_grade,RandomForest,83.26245901639345,84.46179260267299,440297
math_avg_grade,RandomForest,86.30150684931507,84.46179260267299,440297
math_avg_grade,RandomForest,60.21,74.92680333290366,440305
math_avg_grade,RandomForest,65.8,74.92680333290366,440305
math_avg_grade,RandomForest,86.81,88.6556241172175,440313
math_avg_grade,RandomForest,88.02,88.6556241172175,440313
math_avg_grade,RandomForest,92.77,88.6556241172175,440313
math_avg_grade,RandomForest,92.29,88.6556241172175,440313
math_avg_grade,RandomForest,81.06020833333334,85.11287818370045,440339
math_avg_grade,RandomForest,80.2842857142857,85.11287818370045,440339
math_avg_grade,RandomForest,81.57927272727274,85.11287818370045,440339
math_avg_grade,RandomForest,82.67074626865673,85.11287818370045,440339
math_avg_grade,RandomForest,75.15685714285713,82.00918651029784,440347
math_avg_grade,RandomForest,83.6050704225352,82.00918651029784,440347
math_avg_grade,RandomForest,81.05513157894738,82.00918651029784,440347
math_avg_grade,RandomForest,81.813125,82.00918651029784,440347
math_avg_grade,RandomForest,70.42,75.11957283125734,440354
math_avg_grade,RandomForest,68.77,75.11957283125734,440354
math_avg_grade,RandomForest,65.08,75.11957283125734,440354
math_avg_grade,RandomForest,65.43,75.11957283125734,440354
math_avg_grade,RandomForest,73.485625,84.90451926780706,440362
math_avg_grade,RandomForest,74.16571428571429,84.90451926780706,440362
math_avg_grade,RandomForest,79.15615384615386,84.90451926780706,440362
math_avg_grade,RandomForest,80.17838709677419,84.90451926780706,440362
math_avg_grade,RandomForest,80.11,82.70236766011236,440370
math_avg_grade,RandomForest,84.0,82.70236766011236,440370
math_avg_grade,RandomForest,81.46693548387098,82.70236766011236,440370
math_avg_grade,RandomForest,81.35,82.70236766011236,440370
math_avg_grade,RandomForest,91.57545454545456,83.87203144314778,440388
math_avg_grade,RandomForest,88.48,83.87203144314778,440388
math_avg_grade,RandomForest,88.09866666666667,83.87203144314778,440388
math_avg_grade,RandomForest,86.9383064516129,83.87203144314778,440388
math_avg_grade,RandomForest,77.75,81.27876123969727,440446
math_avg_grade,RandomForest,84.82,81.27876123969727,440446
math_avg_grade,RandomForest,87.66416666666667,81.27876123969727,440446
math_avg_grade,RandomForest,83.27364238410595,84.70210524364926,440479
math_avg_grade,RandomForest,89.64172661870504,84.70210524364926,440479
math_avg_grade,RandomForest,88.71921739130434,84.70210524364926,440479
math_avg_grade,RandomForest,83.77589285714285,84.70210524364926,440479
math_avg_grade,RandomForest,71.17933333333333,79.92432357471642,440487
math_avg_grade,RandomForest,75.65943396226415,79.92432357471642,440487
math_avg_grade,RandomForest,77.54423728813559,79.92432357471642,440487
math_avg_grade,RandomForest,76.88384615384615,79.92432357471642,440487
math_avg_grade,RandomForest,73.07,79.9011314276295,440495
math_avg_grade,RandomForest,73.67,79.9011314276295,440495
math_avg_grade,RandomForest,70.93,79.9011314276295,440495
math_avg_grade,RandomForest,70.64,79.9011314276295,440495
math_avg_grade,RandomForest,84.0,86.56844934214898,440503
math_avg_grade,RandomForest,85.23,86.56844934214898,440503
math_avg_grade,RandomForest,82.91388888888889,86.56844934214898,440503
math_avg_grade,RandomForest,88.8384090909091,86.56844934214898,440503
math_avg_grade,RandomForest,74.93659090909091,78.15221857578511,440545
math_avg_grade,RandomForest,77.5190410958904,78.15221857578511,440545
math_avg_grade,RandomForest,79.70475247524752,78.15221857578511,440545
math_avg_grade,RandomForest,76.47770114942529,78.15221857578511,440545
math_avg_grade,RandomForest,76.19,77.12619764449855,440560
math_avg_grade,RandomForest,77.32,77.12619764449855,440560
math_avg_grade,RandomForest,81.5,77.12619764449855,440560
math_avg_grade,RandomForest,80.249375,77.12619764449855,440560
math_avg_grade,RandomForest,80.7,86.0452188478115,440586
math_avg_grade,RandomForest,83.53,86.0452188478115,440586
math_avg_grade,RandomForest,78.59,86.0452188478115,440586
math_avg_grade,RandomForest,82.61,86.0452188478115,440586
math_avg_grade,RandomForest,92.91,80.7661352258134,440677
math_avg_grade,RandomForest,91.08,80.7661352258134,440677
math_avg_grade,RandomForest,89.58712962962963,85.96943308724224,440834
math_avg_grade,RandomForest,92.82342592592592,85.96943308724224,440834
math_avg_grade,RandomForest,89.6375,85.96943308724224,440834
math_avg_grade,RandomForest,90.88469565217392,85.96943308724224,440834
math_avg_grade,RandomForest,81.87375478927203,84.1672009292813,440875
math_avg_grade,RandomForest,80.8207729468599,84.1672009292813,440875
math_avg_grade,RandomForest,81.32076923076923,84.1672009292813,440875
math_avg_grade,RandomForest,79.44810945273633,84.1672009292813,440875
math_avg_grade,RandomForest,81.91783783783784,85.8984461342417,440883
math_avg_grade,RandomForest,85.90274509803922,85.8984461342417,440883
math_avg_grade,RandomForest,84.2323076923077,85.8984461342417,440883
math_avg_grade,RandomForest,84.22568965517242,85.8984461342417,440883
math_avg_grade,RandomForest,82.48062499999999,82.00982101256909,440909
math_avg_grade,RandomForest,85.25428571428571,82.00982101256909,440909
math_avg_grade,RandomForest,88.40920289855072,82.00982101256909,440909
math_avg_grade,RandomForest,84.16225352112677,82.00982101256909,440909
math_avg_grade,RandomForest,78.1168202764977,82.60667443016837,440917
math_avg_grade,RandomForest,81.27366197183099,82.60667443016837,440917
math_avg_grade,RandomForest,81.6157874015748,82.60667443016837,440917
math_avg_grade,RandomForest,79.49741818181818,82.60667443016837,440917
math_avg_grade,RandomForest,76.05817391304349,79.08186669462077,440925
math_avg_grade,RandomForest,75.79028571428572,79.08186669462077,440925
math_avg_grade,RandomForest,81.13682926829269,79.08186669462077,440925
math_avg_grade,RandomForest,80.61570422535212,79.08186669462077,440925
math_avg_grade,RandomForest,89.35,83.09152877718162,440933
math_avg_grade,RandomForest,95.54,83.09152877718162,440933
math_avg_grade,RandomForest,97.09,83.09152877718162,440933
math_avg_grade,RandomForest,79.181,82.30408722126936,440941
math_avg_grade,RandomForest,83.56863636363636,82.30408722126936,440941
math_avg_grade,RandomForest,88.33852941176471,82.30408722126936,440941
math_avg_grade,RandomForest,84.86815789473684,82.30408722126936,440941
math_avg_grade,RandomForest,78.27780000000001,85.19243970280175,440958
math_avg_grade,RandomForest,82.04688524590163,85.19243970280175,440958
math_avg_grade,RandomForest,82.49862068965517,85.19243970280175,440958
math_avg_grade,RandomForest,82.18197183098592,85.19243970280175,440958
math_avg_grade,RandomForest,75.33481481481482,82.20421603116243,440982
math_avg_grade,RandomForest,79.65752631578947,82.20421603116243,440982
math_avg_grade,RandomForest,76.94191709844559,82.20421603116243,440982
math_avg_grade,RandomForest,73.70931428571429,82.20421603116243,440982
math_avg_grade,RandomForest,77.58,81.2112362734285,440990
math_avg_grade,RandomForest,86.63,81.2112362734285,440990
math_avg_grade,RandomForest,89.39166666666665,81.2112362734285,440990
math_avg_grade,RandomForest,88.94,81.2112362734285,440990
math_avg_grade,RandomForest,86.97282945736433,85.61956893694845,441006
math_avg_grade,RandomForest,86.56138888888889,85.61956893694845,441006
math_avg_grade,RandomForest,87.53065789473685,85.61956893694845,441006
math_avg_grade,RandomForest,86.68284615384616,85.61956893694845,441006
math_avg_grade,RandomForest,85.59513513513514,84.44501129978845,441014
math_avg_grade,RandomForest,86.89022471910111,84.44501129978845,441014
math_avg_grade,RandomForest,89.9527868852459,84.44501129978845,441014
math_avg_grade,RandomForest,91.3621978021978,84.44501129978845,441014
math_avg_grade,RandomForest,85.79,84.52207552512873,441022
math_avg_grade,RandomForest,89.12,84.52207552512873,441022
math_avg_grade,RandomForest,83.18730158730159,85.18411835013622,441030
math_avg_grade,RandomForest,85.53823809523809,85.18411835013622,441030
math_avg_grade,RandomForest,87.1621761658031,85.18411835013622,441030
math_avg_grade,RandomForest,84.21837837837838,85.18411835013622,441030
math_avg_grade,RandomForest,81.55555023923445,82.74144361701637,441089
math_avg_grade,RandomForest,80.52359281437126,82.74144361701637,441089
math_avg_grade,RandomForest,84.86988439306359,82.74144361701637,441089
math_avg_grade,RandomForest,81.1451461988304,82.74144361701637,441089
math_avg_grade,RandomForest,80.6079716981132,78.56310032837662,441097
math_avg_grade,RandomForest,77.16191256830601,78.56310032837662,441097
math_avg_grade,RandomForest,83.18505154639176,78.56310032837662,441097
math_avg_grade,RandomForest,81.69286432160803,78.56310032837662,441097
math_avg_grade,RandomForest,65.68,78.20689996791778,441113
math_avg_grade,RandomForest,78.00066666666666,78.20689996791778,441113
math_avg_grade,RandomForest,82.375,78.20689996791778,441113
math_avg_grade,RandomForest,88.03857142857143,78.20689996791778,441113
math_avg_grade,RandomForest,78.44634831460675,84.37499182858203,441139
math_avg_grade,RandomForest,82.70214285714286,84.37499182858203,441139
math_avg_grade,RandomForest,86.18658291457285,84.37499182858203,441139
math_avg_grade,RandomForest,83.40123809523809,84.37499182858203,441139
math_avg_grade,RandomForest,81.96555023923445,81.88397595006053,441147
math_avg_grade,RandomForest,79.94626728110597,81.88397595006053,441147
math_avg_grade,RandomForest,81.34090476190477,81.88397595006053,441147
math_avg_grade,RandomForest,79.91571428571429,81.88397595006053,441147
math_avg_grade,RandomForest,69.35,84.33021892074412,441188
math_avg_grade,RandomForest,66.97,84.33021892074412,441188
math_avg_grade,RandomForest,71.57,84.33021892074412,441188
math_avg_grade,RandomForest,70.97,84.33021892074412,441188
math_avg_grade,RandomForest,88.05181818181819,86.0729022047228,441196
math_avg_grade,RandomForest,88.51171052631578,86.0729022047228,441196
math_avg_grade,RandomForest,89.59875,86.0729022047228,441196
math_avg_grade,RandomForest,89.81248618784531,86.0729022047228,441196
math_avg_grade,RandomForest,87.86999999999999,85.8387222237174,441204
math_avg_grade,RandomForest,87.40857142857143,85.8387222237174,441204
math_avg_grade,RandomForest,87.95543478260869,85.8387222237174,441204
math_avg_grade,RandomForest,88.534,85.8387222237174,441204
math_avg_grade,RandomForest,73.17,74.5951168990584,441212
math_avg_grade,RandomForest,74.21944,74.5951168990584,441212
math_avg_grade,RandomForest,80.40957446808511,74.5951168990584,441212
math_avg_grade,RandomForest,78.64078125,74.5951168990584,441212
math_avg_grade,RandomForest,74.0,79.2429917577212,441220
math_avg_grade,RandomForest,74.65,79.2429917577212,441220
math_avg_grade,RandomForest,80.69,79.2429917577212,441220
math_avg_grade,RandomForest,76.36,79.2429917577212,441220
math_avg_grade,RandomForest,86.05598930481284,85.03026616561527,441238
math_avg_grade,RandomForest,87.13066985645933,85.03026616561527,441238
math_avg_grade,RandomForest,86.57528846153846,85.03026616561527,441238
math_avg_grade,RandomForest,85.12183962264152,85.03026616561527,441238
math_avg_grade,RandomForest,67.88,77.3227362081407,441253
math_avg_grade,RandomForest,69.56,76.4850330633369,441261
math_avg_grade,RandomForest,73.4,76.4850330633369,441261
math_avg_grade,RandomForest,86.912,85.79612670142711,441279
math_avg_grade,RandomForest,87.81254901960784,85.79612670142711,441279
math_avg_grade,RandomForest,89.0380808080808,85.79612670142711,441279
math_avg_grade,RandomForest,91.90196319018403,85.79612670142711,441279
math_avg_grade,RandomForest,81.29892655367233,84.3760892688645,441287
math_avg_grade,RandomForest,84.15449367088607,84.3760892688645,441287
math_avg_grade,RandomForest,86.44709497206703,84.3760892688645,441287
math_avg_grade,RandomForest,84.09385365853657,84.3760892688645,441287
math_avg_grade,RandomForest,82.62130044843049,82.35895794707857,441311
math_avg_grade,RandomForest,81.77429787234043,82.35895794707857,441311
math_avg_grade,RandomForest,85.80045643153527,82.35895794707857,441311
math_avg_grade,RandomForest,81.2196256684492,82.35895794707857,441311
math_avg_grade,RandomForest,84.46244837758113,85.70949674215157,441337
math_avg_grade,RandomForest,83.7011377245509,85.70949674215157,441337
math_avg_grade,RandomForest,86.85179331306992,85.70949674215157,441337
math_avg_grade,RandomForest,87.0730029154519,85.70949674215157,441337
math_avg_grade,RandomForest,72.64,72.98317530176372,441378
math_avg_grade,RandomForest,62.42,72.98317530176372,441378
math_avg_grade,RandomForest,85.56098039215686,87.51901488037565,441410
math_avg_grade,RandomForest,86.63791946308724,87.51901488037565,441410
math_avg_grade,RandomForest,87.17333333333333,87.51901488037565,441410
math_avg_grade,RandomForest,89.128156424581,87.51901488037565,441410
math_avg_grade,RandomForest,79.64,83.07372011056987,441436
math_avg_grade,RandomForest,82.46000000000001,83.07372011056987,441436
math_avg_grade,RandomForest,74.58,79.40273260412673,441584
math_avg_grade,RandomForest,88.86,79.40273260412673,441584
math_avg_grade,RandomForest,86.15,84.48952702744708,441592
math_avg_grade,RandomForest,84.06,84.48952702744708,441592
math_avg_grade,RandomForest,76.77,84.48952702744708,441592
math_avg_grade,RandomForest,88.13,84.48952702744708,441592
math_avg_grade,RandomForest,82.98780000000001,87.92448512853902,441634
math_avg_grade,RandomForest,88.89735632183908,87.92448512853902,441634
math_avg_grade,RandomForest,86.21134615384615,87.92448512853902,441634
math_avg_grade,RandomForest,88.66722222222222,87.92448512853902,441634
math_avg_grade,RandomForest,75.84375,81.61093000949718,441667
math_avg_grade,RandomForest,78.40718749999999,81.61093000949718,441667
math_avg_grade,RandomForest,73.38117647058823,81.61093000949718,441667
math_avg_grade,RandomForest,78.96555555555555,82.20645835589858,441758
math_avg_grade,RandomForest,80.08182291666667,82.20645835589858,441758
math_avg_grade,RandomForest,80.08345679012346,82.20645835589858,441758
math_avg_grade,RandomForest,80.55872727272727,82.20645835589858,441758
math_avg_grade,RandomForest,81.77589641434263,84.17513583800483,441808
math_avg_grade,RandomForest,80.60480446927374,84.17513583800483,441808
math_avg_grade,RandomForest,78.73989361702127,84.17513583800483,441808
math_avg_grade,RandomForest,84.04145077720207,84.17513583800483,441808
math_avg_grade,RandomForest,90.38,83.49590722067325,441816
math_avg_grade,RandomForest,93.81,83.49590722067325,441816
math_avg_grade,RandomForest,89.55,83.49590722067325,441816
math_avg_grade,RandomForest,92.4,83.49590722067325,441816
math_avg_grade,RandomForest,66.38,78.87115573221226,441824
math_avg_grade,RandomForest,85.13,78.87115573221226,441824
math_avg_grade,RandomForest,80.5,78.87115573221226,441824
math_avg_grade,RandomForest,80.73,83.03463864119703,441832
math_avg_grade,RandomForest,83.5,83.03463864119703,441832
math_avg_grade,RandomForest,88.08,83.03463864119703,441832
math_avg_grade,RandomForest,87.63,83.03463864119703,441832
math_avg_grade,RandomForest,72.18,82.59919564887137,441857
math_avg_grade,RandomForest,73.33,82.59919564887137,441857
math_avg_grade,RandomForest,75.29,82.59919564887137,441857
math_avg_grade,RandomForest,75.57,82.59919564887137,441857
math_avg_grade,RandomForest,88.86,82.58967280659958,441899
math_avg_grade,RandomForest,79.74,82.58967280659958,441899
math_avg_grade,RandomForest,84.52,82.58967280659958,441899
math_avg_grade,RandomForest,87.48,82.58967280659958,441899
math_avg_grade,RandomForest,83.93,84.51168529908497,441972
math_avg_grade,RandomForest,90.69,84.51168529908497,441972
math_avg_grade,RandomForest,90.92,84.51168529908497,441972
math_avg_grade,RandomForest,88.85259259259259,83.60330264222367,441980
math_avg_grade,RandomForest,88.12,83.60330264222367,441980
math_avg_grade,RandomForest,89.32358490566037,83.60330264222367,441980
math_avg_grade,RandomForest,85.16045454545456,83.60330264222367,441980
math_avg_grade,RandomForest,71.93,80.26605185464425,442004
math_avg_grade,RandomForest,68.45,80.26605185464425,442004
math_avg_grade,RandomForest,70.56,80.26605185464425,442004
math_avg_grade,RandomForest,72.47,80.26605185464425,442004
math_avg_grade,RandomForest,69.42,75.85985949781775,442020
math_avg_grade,RandomForest,72.55,75.85985949781775,442020
math_avg_grade,RandomForest,75.8,75.85985949781775,442020
math_avg_grade,RandomForest,69.5,75.85985949781775,442020
math_avg_grade,RandomForest,75.36,76.60143300212367,442038
math_avg_grade,RandomForest,81.57534351145037,83.10940396322285,442061
math_avg_grade,RandomForest,84.44535211267605,83.10940396322285,442061
math_avg_grade,RandomForest,81.63180555555556,83.10940396322285,442061
math_avg_grade,RandomForest,81.3436129032258,83.10940396322285,442061
math_avg_grade,RandomForest,95.1842105263158,85.51893662875919,442079
math_avg_grade,RandomForest,90.90703703703704,85.51893662875919,442079
math_avg_grade,RandomForest,93.016,85.51893662875919,442079
math_avg_grade,RandomForest,90.67785714285716,85.51893662875919,442079
math_avg_grade,RandomForest,84.2,86.41789477875703,442111
math_avg_grade,RandomForest,91.41,86.41789477875703,442111
math_avg_grade,RandomForest,81.0,86.41789477875703,442111
math_avg_grade,RandomForest,86.26,87.39666096099869,442129
math_avg_grade,RandomForest,85.88,87.39666096099869,442129
math_avg_grade,RandomForest,90.7,87.39666096099869,442129
math_avg_grade,RandomForest,91.66,87.39666096099869,442129
math_avg_grade,RandomForest,64.9,81.76513769100087,442137
math_avg_grade,RandomForest,78.2,81.76513769100087,442137
math_avg_grade,RandomForest,74.9,81.76513769100087,442137
math_avg_grade,RandomForest,84.72232558139535,86.22691650429842,442186
math_avg_grade,RandomForest,83.836,86.22691650429842,442186
math_avg_grade,RandomForest,88.87904761904763,86.22691650429842,442186
math_avg_grade,RandomForest,84.458,86.22691650429842,442186
math_avg_grade,RandomForest,78.70021505376344,84.0446553479393,442236
math_avg_grade,RandomForest,84.06062015503876,84.0446553479393,442236
math_avg_grade,RandomForest,82.11007751937986,84.0446553479393,442236
math_avg_grade,RandomForest,69.17,84.34325941726571,442244
math_avg_grade,RandomForest,92.58,79.96293364145907,442251
math_avg_grade,RandomForest,94.93,87.31564285097987,442269
math_avg_grade,RandomForest,89.45,87.31564285097987,442269
math_avg_grade,RandomForest,94.56,87.31564285097987,442269
math_avg_grade,RandomForest,97.57,87.31564285097987,442269
math_avg_grade,RandomForest,75.9170093457944,79.41166376420978,442277
math_avg_grade,RandomForest,77.33669291338583,79.41166376420978,442277
math_avg_grade,RandomForest,78.15604651162792,79.41166376420978,442277
math_avg_grade,RandomForest,83.05182795698924,81.96628384397056,442293
math_avg_grade,RandomForest,82.12142857142858,84.2531122251667,442301
math_avg_grade,RandomForest,85.28,84.2531122251667,442301
math_avg_grade,RandomForest,82.53,84.2531122251667,442301
math_avg_grade,RandomForest,82.82787234042553,84.2531122251667,442301
math_avg_grade,RandomForest,86.4,81.38352439806921,442319
math_avg_grade,RandomForest,88.06,81.38352439806921,442319
math_avg_grade,RandomForest,86.22,81.38352439806921,442319
math_avg_grade,RandomForest,85.25888888888888,81.38352439806921,442319
math_avg_grade,RandomForest,75.64,77.60377142088187,442343
math_avg_grade,RandomForest,83.85914285714286,77.60377142088187,442343
math_avg_grade,RandomForest,77.13,77.60377142088187,442343
math_avg_grade,RandomForest,87.08,84.61370785558286,442368
math_avg_grade,RandomForest,84.6386111111111,84.61370785558286,442368
math_avg_grade,RandomForest,87.64264150943396,84.61370785558286,442368
math_avg_grade,RandomForest,90.48564102564104,84.61370785558286,442368
math_avg_grade,RandomForest,73.77,80.33656343682891,442384
math_avg_grade,RandomForest,72.56152173913043,80.33656343682891,442384
math_avg_grade,RandomForest,70.32,80.33656343682891,442384
math_avg_grade,RandomForest,87.14,82.697459327598,442392
math_avg_grade,RandomForest,88.75585365853658,82.697459327598,442392
math_avg_grade,RandomForest,87.26304347826087,82.697459327598,442392
math_avg_grade,RandomForest,92.36976744186046,82.697459327598,442392
math_avg_grade,RandomForest,74.27,77.59400341010418,442418
math_avg_grade,RandomForest,71.81,77.58188647066972,442426
math_avg_grade,RandomForest,79.92,77.58188647066972,442426
math_avg_grade,RandomForest,73.74,77.58188647066972,442426
math_avg_grade,RandomForest,77.26,77.58188647066972,442426
math_avg_grade,RandomForest,78.94,82.60463608302089,442434
math_avg_grade,RandomForest,72.43,82.60463608302089,442434
math_avg_grade,RandomForest,86.46,86.97907006224564,442517
math_avg_grade,RandomForest,83.91,86.97907006224564,442517
math_avg_grade,RandomForest,91.04000000000002,86.97907006224564,442517
math_avg_grade,RandomForest,88.54,86.97907006224564,442517
math_avg_grade,RandomForest,81.0,85.24282667808033,442533
math_avg_grade,RandomForest,87.08,85.24282667808033,442533
math_avg_grade,RandomForest,77.07000000000001,85.24282667808033,442533
math_avg_grade,RandomForest,83.92999999999999,83.35472107212964,442749
math_avg_grade,RandomForest,85.79,83.35472107212964,442749
math_avg_grade,RandomForest,88.92,83.35472107212964,442749
math_avg_grade,RandomForest,59.16,74.76378049045428,442822
math_avg_grade,RandomForest,76.1,74.76378049045428,442822
math_avg_grade,RandomForest,81.71,74.76378049045428,442822
math_avg_grade,RandomForest,85.9730303030303,82.94700665922402,442855
math_avg_grade,RandomForest,85.530625,82.94700665922402,442855
math_avg_grade,RandomForest,91.60829268292684,82.94700665922402,442855
math_avg_grade,RandomForest,87.0965,82.94700665922402,442855
math_avg_grade,RandomForest,79.58,78.28988390685883,442897
math_avg_grade,RandomForest,85.07000000000001,78.28988390685883,442897
math_avg_grade,RandomForest,84.57000000000001,78.28988390685883,442897
math_avg_grade,RandomForest,74.92999999999999,77.02449055525963,444026
math_avg_grade,RandomForest,64.32,77.02449055525963,444026
math_avg_grade,RandomForest,71.16196428571429,77.02449055525963,444026
math_avg_grade,RandomForest,79.8,77.02449055525963,444026
math_avg_grade,RandomForest,63.14999999999999,72.4906311489844,444034
math_avg_grade,RandomForest,66.37,72.4906311489844,444034
math_avg_grade,RandomForest,75.83,72.4906311489844,444034
math_avg_grade,RandomForest,69.35,72.4906311489844,444034
math_avg_grade,RandomForest,72.14,84.83131871606885,444067
math_avg_grade,RandomForest,82.69253521126761,84.83131871606885,444067
math_avg_grade,RandomForest,77.52179104477612,84.83131871606885,444067
math_avg_grade,RandomForest,79.40277777777777,84.83131871606885,444067
math_avg_grade,RandomForest,85.32246153846154,84.58558251757326,444117
math_avg_grade,RandomForest,82.84869565217392,84.58558251757326,444117
math_avg_grade,RandomForest,86.19957142857143,84.58558251757326,444117
math_avg_grade,RandomForest,86.67845794392524,84.58558251757326,444117
math_avg_grade,RandomForest,72.46461538461539,80.92150920195026,444257
math_avg_grade,RandomForest,74.55617647058823,80.92150920195026,444257
math_avg_grade,RandomForest,63.16,79.22069699278038,444364
math_avg_grade,RandomForest,78.90595238095239,79.22069699278038,444364
math_avg_grade,RandomForest,77.48280000000001,79.22069699278038,444364
math_avg_grade,RandomForest,74.99744680851063,79.22069699278038,444364
math_avg_grade,RandomForest,83.95291187739463,86.2913536482569,444562
math_avg_grade,RandomForest,84.0488560885609,86.2913536482569,444562
math_avg_grade,RandomForest,86.45242424242426,86.2913536482569,444562
math_avg_grade,RandomForest,85.1445925925926,86.2913536482569,444562
math_avg_grade,RandomForest,78.28734693877551,77.5687372254149,444612
math_avg_grade,RandomForest,73.35677966101696,77.5687372254149,444612
math_avg_grade,RandomForest,73.55,77.5687372254149,444612
math_avg_grade,RandomForest,69.50150000000001,77.5687372254149,444612
math_avg_grade,RandomForest,75.27974999999999,79.71840070367477,444653
math_avg_grade,RandomForest,77.18975155279503,79.71840070367477,444653
math_avg_grade,RandomForest,76.9735761589404,79.71840070367477,444653
math_avg_grade,RandomForest,74.56477941176472,79.71840070367477,444653
math_avg_grade,RandomForest,80.37708333333332,83.06947016785476,444679
math_avg_grade,RandomForest,84.4449074074074,83.06947016785476,444679
math_avg_grade,RandomForest,84.10029411764705,83.06947016785476,444679
math_avg_grade,RandomForest,80.42764705882352,83.06947016785476,444679
math_avg_grade,RandomForest,69.47,79.9914887051326,444687
math_avg_grade,RandomForest,74.42,79.9914887051326,444687
math_avg_grade,RandomForest,75.05,79.9914887051326,444687
math_avg_grade,RandomForest,76.45,79.9914887051326,444687
math_avg_grade,RandomForest,86.11444444444444,86.62745804622926,444703
math_avg_grade,RandomForest,90.17127659574469,86.62745804622926,444703
math_avg_grade,RandomForest,93.1025,86.62745804622926,444703
math_avg_grade,RandomForest,91.61890909090909,86.62745804622926,444703
math_avg_grade,RandomForest,84.46537037037037,84.74915437660367,444745
math_avg_grade,RandomForest,86.34649289099526,84.74915437660367,444745
math_avg_grade,RandomForest,87.9734871794872,84.74915437660367,444745
math_avg_grade,RandomForest,82.46793893129771,84.74915437660367,444745
math_avg_grade,RandomForest,75.28692307692307,80.41266378258877,444828
math_avg_grade,RandomForest,77.75153846153847,80.41266378258877,444828
math_avg_grade,RandomForest,77.18567251461988,80.41266378258877,444828
math_avg_grade,RandomForest,78.42939759036145,80.41266378258877,444828
math_avg_grade,RandomForest,77.49141221374046,80.40478065139817,444836
math_avg_grade,RandomForest,80.80407407407407,80.40478065139817,444836
math_avg_grade,RandomForest,80.56787499999999,80.40478065139817,444836
math_avg_grade,RandomForest,82.50142857142858,80.40478065139817,444836
math_avg_grade,RandomForest,90.97,83.94362301788027,444844
math_avg_grade,RandomForest,87.964625,83.94362301788027,444844
math_avg_grade,RandomForest,82.92099337748344,83.70456112212833,444935
math_avg_grade,RandomForest,84.49666666666666,83.70456112212833,444935
math_avg_grade,RandomForest,86.47617486338798,83.70456112212833,444935
math_avg_grade,RandomForest,83.33735632183908,83.70456112212833,444935
math_avg_grade,RandomForest,74.24,77.5004874349297,444943
math_avg_grade,RandomForest,76.66363636363636,77.5004874349297,444943
math_avg_grade,RandomForest,75.0,77.5004874349297,444943
math_avg_grade,RandomForest,79.75,77.5004874349297,444943
math_avg_grade,RandomForest,72.13612068965519,78.29597720951907,444950
math_avg_grade,RandomForest,80.26288135593221,78.29597720951907,444950
math_avg_grade,RandomForest,81.20274809160307,78.29597720951907,444950
math_avg_grade,RandomForest,78.97188679245284,78.29597720951907,444950
math_avg_grade,RandomForest,75.59700000000001,83.17602373084087,448019
math_avg_grade,RandomForest,80.20617224880382,83.17602373084087,448019
math_avg_grade,RandomForest,80.87228070175438,83.17602373084087,448019
math_avg_grade,RandomForest,79.05,83.17602373084087,448019
math_avg_grade,RandomForest,68.85076388888889,79.14722472477061,448027
math_avg_grade,RandomForest,73.72764705882352,79.14722472477061,448027
math_avg_grade,RandomForest,74.24204379562043,79.14722472477061,448027
math_avg_grade,RandomForest,74.7322222222222,79.14722472477061,448027
math_avg_grade,RandomForest,75.4514406779661,78.7387037105797,448050
math_avg_grade,RandomForest,78.76348837209302,78.7387037105797,448050
math_avg_grade,RandomForest,75.28335766423358,78.7387037105797,448050
math_avg_grade,RandomForest,79.88013333333333,78.7387037105797,448050
math_avg_grade,RandomForest,72.82535087719299,76.47516672006586,448076
math_avg_grade,RandomForest,83.34430555555555,76.47516672006586,448076
math_avg_grade,RandomForest,77.84590604026846,76.47516672006586,448076
math_avg_grade,RandomForest,78.37108527131782,76.47516672006586,448076
math_avg_grade,RandomForest,68.11,73.49657693940262,448100
math_avg_grade,RandomForest,66.16,73.49657693940262,448100
math_avg_grade,RandomForest,70.9,73.49657693940262,448100
math_avg_grade,RandomForest,70.03,73.49657693940262,448100
math_avg_grade,RandomForest,76.228,79.21410207727813,448142
math_avg_grade,RandomForest,76.07884615384614,79.21410207727813,448142
math_avg_grade,RandomForest,74.79052631578948,79.21410207727813,448142
math_avg_grade,RandomForest,75.6871875,79.21410207727813,448142
math_avg_grade,RandomForest,64.47,73.71653894359537,448159
math_avg_grade,RandomForest,54.89999999999999,73.71653894359537,448159
math_avg_grade,RandomForest,72.63065573770493,77.90683107231527,448167
math_avg_grade,RandomForest,75.99426356589147,77.90683107231527,448167
math_avg_grade,RandomForest,73.18256756756757,77.90683107231527,448167
math_avg_grade,RandomForest,73.0,77.58971516134474,448233
math_avg_grade,RandomForest,77.44,77.58971516134474,448233
math_avg_grade,RandomForest,74.67,77.58971516134474,448233
math_avg_grade,RandomForest,76.55927835051547,77.58971516134474,448233
math_avg_grade,RandomForest,79.59540983606557,81.86382553649959,448241
math_avg_grade,RandomForest,80.82858267716537,81.86382553649959,448241
math_avg_grade,RandomForest,79.69722222222222,81.86382553649959,448241
math_avg_grade,RandomForest,82.18076923076923,81.86382553649959,448241
math_avg_grade,RandomForest,77.71,74.65419872078357,448290
math_avg_grade,RandomForest,67.69,74.65419872078357,448290
math_avg_grade,RandomForest,66.76,71.96695424561108,448324
math_avg_grade,RandomForest,77.35,71.96695424561108,448324
math_avg_grade,RandomForest,73.68,71.96695424561108,448324
math_avg_grade,RandomForest,74.97,78.00875072117397,448332
math_avg_grade,RandomForest,80.532,78.00875072117397,448332
math_avg_grade,RandomForest,85.69,78.00875072117397,448332
math_avg_grade,RandomForest,82.58222222222223,78.00875072117397,448332
math_avg_grade,RandomForest,80.26,78.54645630794371,453605
math_avg_grade,RandomForest,72.95,78.54645630794371,453605
math_avg_grade,RandomForest,75.5,78.54645630794371,453605
math_avg_grade,RandomForest,74.40162162162163,78.54645630794371,453605
math_avg_grade,RandomForest,77.82,86.16835620045231,455162
math_avg_grade,RandomForest,83.64,79.28153631245816,455188
math_avg_grade,RandomForest,90.31,83.66190952518636,455477
math_avg_grade,RandomForest,70.05,79.16399252649516,460006
math_avg_grade,RandomForest,68.53,79.16399252649516,460006
math_avg_grade,RandomForest,50.09,80.58330916450149,460022
math_avg_grade,RandomForest,83.01473684210525,83.39251027167661,460063
math_avg_grade,RandomForest,84.93702127659574,83.39251027167661,460063
math_avg_grade,RandomForest,88.223,83.39251027167661,460063
math_avg_grade,RandomForest,89.38333333333334,83.39251027167661,460063
math_avg_grade,RandomForest,81.51693548387095,80.983224758288,460097
math_avg_grade,RandomForest,84.14,80.983224758288,460097
math_avg_grade,RandomForest,82.93370786516854,80.983224758288,460097
math_avg_grade,RandomForest,81.73556701030927,83.88557395563996,460113
math_avg_grade,RandomForest,82.98499999999999,83.88557395563996,460113
math_avg_grade,RandomForest,81.9840366972477,83.88557395563996,460113
math_avg_grade,RandomForest,81.94184782608696,83.88557395563996,460113
math_avg_grade,RandomForest,82.97151515151515,83.90912266073627,460154
math_avg_grade,RandomForest,87.05694444444444,83.90912266073627,460154
math_avg_grade,RandomForest,89.66461538461539,83.90912266073627,460154
math_avg_grade,RandomForest,90.46829787234044,83.90912266073627,460154
math_avg_grade,RandomForest,85.08184210526315,85.2627482164848,460246
math_avg_grade,RandomForest,91.33,81.04550501341518,460261
math_avg_grade,RandomForest,81.71,81.04550501341518,460261
math_avg_grade,RandomForest,75.52,79.98472712528138,460410
math_avg_grade,RandomForest,69.05,79.98472712528138,460410
math_avg_grade,RandomForest,65.25,79.98472712528138,460410
math_avg_grade,RandomForest,66.24,79.98472712528138,460410
math_avg_grade,RandomForest,90.91277777777776,84.00272903378159,460428
math_avg_grade,RandomForest,86.95333333333333,84.00272903378159,460428
math_avg_grade,RandomForest,92.75,84.00272903378159,460428
math_avg_grade,RandomForest,90.02619047619048,84.00272903378159,460428
math_avg_grade,RandomForest,88.14,73.4821351560214,460592
math_avg_grade,RandomForest,80.6,73.4821351560214,460592
math_avg_grade,RandomForest,90.5,73.4821351560214,460592
math_avg_grade,RandomForest,75.82000000000001,73.4821351560214,460592
math_avg_grade,RandomForest,79.18,77.22608060621438,460626
math_avg_grade,RandomForest,89.5,81.16823668230772,462200
math_avg_grade,RandomForest,79.91,81.16823668230772,462200
math_avg_grade,RandomForest,98.18,82.12211739325541,462929
math_avg_grade,RandomForest,95.88,82.12211739325541,462929
math_avg_grade,RandomForest,65.01,77.61028146532388,470021
math_avg_grade,RandomForest,66.38,77.61028146532388,470021
math_avg_grade,RandomForest,72.03,77.61028146532388,470021
math_avg_grade,RandomForest,68.05,77.61028146532388,470021
math_avg_grade,RandomForest,67.94,77.88489562588968,470047
math_avg_grade,RandomForest,72.37,77.88489562588968,470047
math_avg_grade,RandomForest,69.9,77.88489562588968,470047
math_avg_grade,RandomForest,70.83081081081082,77.88489562588968,470047
math_avg_grade,RandomForest,74.375,78.89740116724742,470054
math_avg_grade,RandomForest,75.43816666666666,78.89740116724742,470054
math_avg_grade,RandomForest,78.3148905109489,78.89740116724742,470054
math_avg_grade,RandomForest,79.93625,78.89740116724742,470054
math_avg_grade,RandomForest,68.62,75.42732393561757,470070
math_avg_grade,RandomForest,70.58,75.42732393561757,470070
math_avg_grade,RandomForest,67.91,75.42732393561757,470070
math_avg_grade,RandomForest,69.75,75.42732393561757,470070
math_avg_grade,RandomForest,75.21322981366461,78.60059118298452,470096
math_avg_grade,RandomForest,76.70164835164834,78.60059118298452,470096
math_avg_grade,RandomForest,78.71808080808081,78.60059118298452,470096
math_avg_grade,RandomForest,76.4863070539419,78.60059118298452,470096
math_avg_grade,RandomForest,78.50493333333333,83.2462342690806,470112
math_avg_grade,RandomForest,81.42833333333333,83.2462342690806,470112
math_avg_grade,RandomForest,83.14666666666666,83.2462342690806,470112
math_avg_grade,RandomForest,82.14175,83.2462342690806,470112
math_avg_grade,RandomForest,68.85951923076922,79.23798715923306,470120
math_avg_grade,RandomForest,69.69,79.23798715923306,470120
math_avg_grade,RandomForest,68.87170454545455,79.23798715923306,470120
math_avg_grade,RandomForest,76.36853932584269,79.23798715923306,470120
math_avg_grade,RandomForest,80.16278606965174,80.19843299269604,470138
math_avg_grade,RandomForest,81.71437810945274,80.19843299269604,470138
math_avg_grade,RandomForest,86.03341708542715,80.19843299269604,470138
math_avg_grade,RandomForest,81.86238938053098,80.19843299269604,470138
math_avg_grade,RandomForest,69.71,71.75691986098789,470146
math_avg_grade,RandomForest,67.32,71.75691986098789,470146
math_avg_grade,RandomForest,66.43,71.75691986098789,470146
math_avg_grade,RandomForest,67.31,71.75691986098789,470146
math_avg_grade,RandomForest,72.19685039370079,73.84244190185397,470187
math_avg_grade,RandomForest,73.11664,73.84244190185397,470187
math_avg_grade,RandomForest,72.8323076923077,73.84244190185397,470187
math_avg_grade,RandomForest,74.17354838709677,73.84244190185397,470187
math_avg_grade,RandomForest,80.30882352941177,76.40893529154022,470377
math_avg_grade,RandomForest,77.38,76.40893529154022,470377
math_avg_grade,RandomForest,78.12999999999998,76.40893529154022,470377
math_avg_grade,RandomForest,71.66,78.85134287690744,470443
math_avg_grade,RandomForest,65.11,78.85134287690744,470443
math_avg_grade,RandomForest,81.75135922330097,78.85134287690744,470443
math_avg_grade,RandomForest,81.96186721991702,78.85134287690744,470443
math_avg_grade,RandomForest,93.38,83.21381751286171,470583
math_avg_grade,RandomForest,80.55556818181819,83.35226356264151,470591
math_avg_grade,RandomForest,82.70363057324842,83.35226356264151,470591
math_avg_grade,RandomForest,84.43642857142858,83.35226356264151,470591
math_avg_grade,RandomForest,83.19582938388625,83.35226356264151,470591
math_avg_grade,RandomForest,80.3168253968254,83.28487155394363,470625
math_avg_grade,RandomForest,82.37574626865671,83.28487155394363,470625
math_avg_grade,RandomForest,85.34559006211181,83.28487155394363,470625
math_avg_grade,RandomForest,88.45403973509934,83.28487155394363,470625
math_avg_grade,RandomForest,77.25259259259259,80.54834046257844,470963
math_avg_grade,RandomForest,79.05929078014185,80.54834046257844,470963
math_avg_grade,RandomForest,81.53858208955224,80.54834046257844,470963
math_avg_grade,RandomForest,84.20509433962265,80.54834046257844,470963
math_avg_grade,RandomForest,73.99185185185185,77.73977875743341,471011
math_avg_grade,RandomForest,75.48511494252874,77.73977875743341,471011
math_avg_grade,RandomForest,76.68482014388489,77.73977875743341,471011
math_avg_grade,RandomForest,78.4961052631579,77.73977875743341,471011
math_avg_grade,RandomForest,73.37173913043478,77.08585695199878,472332
math_avg_grade,RandomForest,70.54081967213115,77.08585695199878,472332
math_avg_grade,RandomForest,67.494,77.08585695199878,472332
math_avg_grade,RandomForest,60.0,80.84851143630776,476986
math_avg_grade,RandomForest,74.53040268456377,81.05917076038625,478016
math_avg_grade,RandomForest,75.67433566433567,81.05917076038625,478016
math_avg_grade,RandomForest,75.94421538461538,81.05917076038625,478016
math_avg_grade,RandomForest,74.98249322493224,81.05917076038625,478016
math_avg_grade,RandomForest,72.47,74.56095196306075,480038
math_avg_grade,RandomForest,68.32,74.56095196306075,480038
math_avg_grade,RandomForest,69.59,74.56095196306075,480038
math_avg_grade,RandomForest,64.09,74.56095196306075,480038
math_avg_grade,RandomForest,84.15182857142857,83.49614696939972,480046
math_avg_grade,RandomForest,85.69289156626506,83.49614696939972,480046
math_avg_grade,RandomForest,87.96511210762333,83.49614696939972,480046
math_avg_grade,RandomForest,86.79295964125559,83.49614696939972,480046
math_avg_grade,RandomForest,67.36,76.25062135745785,480061
math_avg_grade,RandomForest,69.79,76.25062135745785,480061
math_avg_grade,RandomForest,76.45,76.25062135745785,480061
math_avg_grade,RandomForest,76.29,76.25062135745785,480061
math_avg_grade,RandomForest,68.31,74.73529306671067,480087
math_avg_grade,RandomForest,68.47,74.73529306671067,480087
math_avg_grade,RandomForest,73.45,74.73529306671067,480087
math_avg_grade,RandomForest,72.26,74.73529306671067,480087
math_avg_grade,RandomForest,70.47,75.22056232326739,480145
math_avg_grade,RandomForest,75.155,75.22056232326739,480145
math_avg_grade,RandomForest,78.42,75.22056232326739,480145
math_avg_grade,RandomForest,72.4763076923077,75.22056232326739,480145
math_avg_grade,RandomForest,71.57962962962962,80.35749877556765,480178
math_avg_grade,RandomForest,76.482,80.35749877556765,480178
math_avg_grade,RandomForest,75.82661971830987,80.35749877556765,480178
math_avg_grade,RandomForest,78.7933962264151,80.35749877556765,480178
math_avg_grade,RandomForest,78.66496503496504,76.22445512370966,490037
math_avg_grade,RandomForest,80.26792792792794,76.22445512370966,490037
math_avg_grade,RandomForest,77.156171875,76.22445512370966,490037
math_avg_grade,RandomForest,83.72801418439715,76.22445512370966,490037
math_avg_grade,RandomForest,81.97834008097166,84.90053308050936,490052
math_avg_grade,RandomForest,79.73060240963856,84.90053308050936,490052
math_avg_grade,RandomForest,82.81975000000001,84.90053308050936,490052
math_avg_grade,RandomForest,84.08940766550522,84.90053308050936,490052
math_avg_grade,RandomForest,87.93742268041237,85.60632665950212,499681
math_avg_grade,RandomForest,77.33,81.34284833542078,499806
math_avg_grade,RandomForest,82.59,81.34284833542078,499806
math_avg_grade,RandomForest,82.38000000000001,81.34284833542078,499806
math_avg_grade,RandomForest,90.49587412587412,86.64537406330557,540021
math_avg_grade,RandomForest,89.53951048951049,86.64537406330557,540021
math_avg_grade,RandomForest,92.6496,86.64537406330557,540021
math_avg_grade,RandomForest,93.66617021276596,86.64537406330557,540021
math_avg_grade,RandomForest,62.04,75.99439085993613,540039
math_avg_grade,RandomForest,73.18,75.99439085993613,540039
math_avg_grade,RandomForest,84.49490066225165,84.98257491916733,540062
math_avg_grade,RandomForest,85.58553846153845,84.98257491916733,540062
math_avg_grade,RandomForest,87.89167567567567,84.98257491916733,540062
math_avg_grade,RandomForest,85.01754098360655,84.98257491916733,540062
math_avg_grade,RandomForest,85.45076923076924,83.98500114803326,540070
math_avg_grade,RandomForest,85.30497695852534,83.98500114803326,540070
math_avg_grade,RandomForest,87.01191780821918,83.98500114803326,540070
math_avg_grade,RandomForest,88.54847826086957,83.98500114803326,540070
math_avg_grade,RandomForest,87.35018450184502,88.29334438126585,540088
math_avg_grade,RandomForest,88.06201492537313,88.29334438126585,540088
math_avg_grade,RandomForest,90.20288888888888,88.29334438126585,540088
math_avg_grade,RandomForest,90.53266666666669,88.29334438126585,540088
math_avg_grade,RandomForest,83.7968269230769,85.93470632346734,540112
math_avg_grade,RandomForest,86.15296116504855,85.93470632346734,540112
math_avg_grade,RandomForest,88.37689814814814,85.93470632346734,540112
math_avg_grade,RandomForest,87.35596837944664,85.93470632346734,540112
math_avg_grade,RandomForest,76.46835616438356,80.34653280328648,540120
math_avg_grade,RandomForest,76.6672,80.34653280328648,540120
math_avg_grade,RandomForest,76.17,80.34653280328648,540120
math_avg_grade,RandomForest,80.04224719101123,80.34653280328648,540120
math_avg_grade,RandomForest,84.1481939799331,86.01684509546504,540146
math_avg_grade,RandomForest,85.92306338028168,86.01684509546504,540146
math_avg_grade,RandomForest,89.47568345323741,86.01684509546504,540146
math_avg_grade,RandomForest,85.70078947368421,86.01684509546504,540146
math_avg_grade,RandomForest,72.68,79.16139951635613,540153
math_avg_grade,RandomForest,74.64,79.16139951635613,540153
math_avg_grade,RandomForest,77.71,79.16139951635613,540153
math_avg_grade,RandomForest,76.48,79.16139951635613,540153
math_avg_grade,RandomForest,75.83,72.58374017801138,540161
math_avg_grade,RandomForest,78.33,72.58374017801138,540161
math_avg_grade,RandomForest,81.52,72.58374017801138,540161
math_avg_grade,RandomForest,80.78,72.58374017801138,540161
math_avg_grade,RandomForest,83.68,76.57176189649768,540179
math_avg_grade,RandomForest,78.14,76.57176189649768,540179
math_avg_grade,RandomForest,84.19,76.57176189649768,540179
math_avg_grade,RandomForest,83.09272727272727,76.57176189649768,540179
math_avg_grade,RandomForest,67.64,73.35441864945702,540187
math_avg_grade,RandomForest,68.24,73.35441864945702,540187
math_avg_grade,RandomForest,72.93,73.35441864945702,540187
math_avg_grade,RandomForest,77.11764705882354,73.35441864945702,540187
math_avg_grade,RandomForest,76.17808988764044,78.68063552658988,540195
math_avg_grade,RandomForest,76.7942105263158,78.68063552658988,540195
math_avg_grade,RandomForest,78.34503105590062,78.68063552658988,540195
math_avg_grade,RandomForest,81.72257425742573,78.68063552658988,540195
math_avg_grade,RandomForest,86.37214899713466,86.08127776923214,540203
math_avg_grade,RandomForest,88.09801152737752,86.08127776923214,540203
math_avg_grade,RandomForest,87.85844574780057,86.08127776923214,540203
math_avg_grade,RandomForest,88.34127167630058,86.08127776923214,540203
math_avg_grade,RandomForest,84.73663507109005,86.30664859247086,540211
math_avg_grade,RandomForest,87.34061176470587,86.30664859247086,540211
math_avg_grade,RandomForest,89.87387234042554,86.30664859247086,540211
math_avg_grade,RandomForest,90.07758547008548,86.30664859247086,540211
math_avg_grade,RandomForest,91.86444444444444,88.12769559745576,540237
math_avg_grade,RandomForest,90.96,88.12769559745576,540237
math_avg_grade,RandomForest,91.44285714285714,88.12769559745576,540237
math_avg_grade,RandomForest,92.30918032786884,88.12769559745576,540237
math_avg_grade,RandomForest,87.98666666666666,83.63417457132589,540252
math_avg_grade,RandomForest,88.96141025641025,83.63417457132589,540252
math_avg_grade,RandomForest,92.56764705882352,83.63417457132589,540252
math_avg_grade,RandomForest,91.65899082568808,83.63417457132589,540252
math_avg_grade,RandomForest,87.06448036951501,85.65732843427647,540286
math_avg_grade,RandomForest,89.38323113207548,85.65732843427647,540286
math_avg_grade,RandomForest,89.81698513800426,85.65732843427647,540286
math_avg_grade,RandomForest,89.30668049792531,85.65732843427647,540286
math_avg_grade,RandomForest,77.90664429530202,83.14942517874579,540294
math_avg_grade,RandomForest,79.64290780141843,83.14942517874579,540294
math_avg_grade,RandomForest,81.5277142857143,83.14942517874579,540294
math_avg_grade,RandomForest,81.22119047619047,83.14942517874579,540294
math_avg_grade,RandomForest,82.56528301886793,78.29330168598507,540302
math_avg_grade,RandomForest,80.87,78.29330168598507,540302
math_avg_grade,RandomForest,84.22688524590164,78.29330168598507,540302
math_avg_grade,RandomForest,83.20215384615385,78.29330168598507,540302
math_avg_grade,RandomForest,74.47694915254237,80.57794088037257,540310
math_avg_grade,RandomForest,76.77937853107345,80.57794088037257,540310
math_avg_grade,RandomForest,80.27207446808511,80.57794088037257,540310
math_avg_grade,RandomForest,78.94764331210192,80.57794088037257,540310
math_avg_grade,RandomForest,83.69388692579506,82.87256927749327,540328
math_avg_grade,RandomForest,82.48455357142858,82.87256927749327,540328
math_avg_grade,RandomForest,85.96663157894736,82.87256927749327,540328
math_avg_grade,RandomForest,84.92661016949152,82.87256927749327,540328
math_avg_grade,RandomForest,84.14824675324675,84.80046525227327,540344
math_avg_grade,RandomForest,85.48428571428572,84.80046525227327,540344
math_avg_grade,RandomForest,83.78577922077922,84.80046525227327,540344
math_avg_grade,RandomForest,84.00866666666667,84.80046525227327,540344
math_avg_grade,RandomForest,81.66306666666667,77.35714978170749,540351
math_avg_grade,RandomForest,76.69734375,77.35714978170749,540351
math_avg_grade,RandomForest,75.62079646017699,77.35714978170749,540351
math_avg_grade,RandomForest,79.69589928057553,77.35714978170749,540351
math_avg_grade,RandomForest,76.8651724137931,74.40682661544896,540369
math_avg_grade,RandomForest,77.97,74.40682661544896,540369
math_avg_grade,RandomForest,80.76,74.40682661544896,540369
math_avg_grade,RandomForest,79.06,74.40682661544896,540369
math_avg_grade,RandomForest,78.79,78.8000495910978,540377
math_avg_grade,RandomForest,67.41,78.8000495910978,540377
math_avg_grade,RandomForest,78.5,78.8000495910978,540377
math_avg_grade,RandomForest,77.04,78.8000495910978,540377
math_avg_grade,RandomForest,86.89,85.33661121641214,540385
math_avg_grade,RandomForest,90.90129032258064,85.33661121641214,540385
math_avg_grade,RandomForest,93.65954545454548,85.33661121641214,540385
math_avg_grade,RandomForest,93.27016949152544,85.33661121641214,540385
math_avg_grade,RandomForest,77.72,83.1615591906851,540443
math_avg_grade,RandomForest,81.75904347826086,83.1615591906851,540443
math_avg_grade,RandomForest,79.37837037037036,83.1615591906851,540443
math_avg_grade,RandomForest,84.85,83.1615591906851,540443
math_avg_grade,RandomForest,88.53461538461536,80.07663778937982,540476
math_avg_grade,RandomForest,85.235,80.07663778937982,540476
math_avg_grade,RandomForest,88.868,80.07663778937982,540476
math_avg_grade,RandomForest,90.1253125,80.07663778937982,540476
math_avg_grade,RandomForest,81.25,80.96833637904429,540484
math_avg_grade,RandomForest,82.32411764705883,80.96833637904429,540484
math_avg_grade,RandomForest,82.99981132075472,80.96833637904429,540484
math_avg_grade,RandomForest,84.0271875,80.96833637904429,540484
math_avg_grade,RandomForest,76.97421875,79.21579449686598,540492
math_avg_grade,RandomForest,80.04671532846714,79.21579449686598,540492
math_avg_grade,RandomForest,81.76107526881721,79.21579449686598,540492
math_avg_grade,RandomForest,80.48650943396225,79.21579449686598,540492
math_avg_grade,RandomForest,67.11,77.55416955676218,540518
math_avg_grade,RandomForest,65.79,77.55416955676218,540518
math_avg_grade,RandomForest,73.39,77.55416955676218,540518
math_avg_grade,RandomForest,81.93,77.55416955676218,540518
math_avg_grade,RandomForest,63.5,78.21665186565414,540534
math_avg_grade,RandomForest,64.56,78.21665186565414,540534
math_avg_grade,RandomForest,65.88,78.21665186565414,540534
math_avg_grade,RandomForest,68.8,78.21665186565414,540534
math_avg_grade,RandomForest,81.84811881188119,85.98742197163405,540591
math_avg_grade,RandomForest,86.90799999999999,85.98742197163405,540591
math_avg_grade,RandomForest,85.6885593220339,85.98742197163405,540591
math_avg_grade,RandomForest,86.97827814569536,85.98742197163405,540591
math_avg_grade,RandomForest,79.78521739130434,79.94552565871652,540674
math_avg_grade,RandomForest,73.67,79.94552565871652,540674
math_avg_grade,RandomForest,81.09181818181817,79.94552565871652,540674
math_avg_grade,RandomForest,80.68,79.94552565871652,540674
math_avg_grade,RandomForest,70.19,82.81904771150539,540807
math_avg_grade,RandomForest,68.94,82.81904771150539,540807
math_avg_grade,RandomForest,67.69,82.81904771150539,540807
math_avg_grade,RandomForest,73.89363636363636,82.81904771150539,540807
math_avg_grade,RandomForest,81.9315,86.01872351651436,540849
math_avg_grade,RandomForest,83.95495412844036,86.01872351651436,540849
math_avg_grade,RandomForest,85.81457943925234,86.01872351651436,540849
math_avg_grade,RandomForest,84.09663043478261,86.01872351651436,540849
math_avg_grade,RandomForest,78.4288524590164,79.15292029627031,540864
math_avg_grade,RandomForest,76.43834645669291,79.15292029627031,540864
math_avg_grade,RandomForest,80.63425000000001,79.15292029627031,540864
math_avg_grade,RandomForest,80.33986842105263,79.15292029627031,540864
math_avg_grade,RandomForest,79.96709677419355,82.01452824206794,540898
math_avg_grade,RandomForest,82.13727272727273,82.01452824206794,540898
math_avg_grade,RandomForest,81.24,82.01452824206794,540898
math_avg_grade,RandomForest,79.72659090909092,82.01452824206794,540898
math_avg_grade,RandomForest,83.8836153846154,85.80963497896974,541045
math_avg_grade,RandomForest,83.56466960352424,85.80963497896974,541045
math_avg_grade,RandomForest,83.89961538461537,85.80963497896974,541045
math_avg_grade,RandomForest,83.54544642857142,85.80963497896974,541045
math_avg_grade,RandomForest,84.89293604651164,82.42317367583229,541110
math_avg_grade,RandomForest,84.66745591939545,82.42317367583229,541110
math_avg_grade,RandomForest,83.8754593175853,82.42317367583229,541110
math_avg_grade,RandomForest,84.3185945945946,82.42317367583229,541110
math_avg_grade,RandomForest,83.27995215311005,83.84700022310842,541169
math_avg_grade,RandomForest,83.04405737704919,83.84700022310842,541169
math_avg_grade,RandomForest,85.66856502242153,83.84700022310842,541169
math_avg_grade,RandomForest,82.61348717948718,83.84700022310842,541169
math_avg_grade,RandomForest,70.41,78.2098873797117,541268
math_avg_grade,RandomForest,72.77,78.2098873797117,541268
math_avg_grade,RandomForest,70.39,78.2098873797117,541268
math_avg_grade,RandomForest,71.34,78.2098873797117,541268
math_avg_grade,RandomForest,75.56,76.38667230387935,541367
math_avg_grade,RandomForest,75.33,76.38667230387935,541367
math_avg_grade,RandomForest,67.5,76.38667230387935,541367
math_avg_grade,RandomForest,69.24,76.38667230387935,541367
math_avg_grade,RandomForest,75.14,82.8616176587068,541466
math_avg_grade,RandomForest,66.61,82.8616176587068,541466
math_avg_grade,RandomForest,73.89,82.8616176587068,541466
math_avg_grade,RandomForest,77.47,82.8616176587068,541466
math_avg_grade,RandomForest,67.3,76.80799551927979,541730
math_avg_grade,RandomForest,81.04,81.37852105614324,541789
math_avg_grade,RandomForest,70.65,81.37852105614324,541789
math_avg_grade,RandomForest,85.43,81.37852105614324,541789
math_avg_grade,RandomForest,87.81,81.37852105614324,541789
math_avg_grade,RandomForest,71.33,80.08161804492775,541805
math_avg_grade,RandomForest,76.0,80.08161804492775,541805
math_avg_grade,RandomForest,92.06,80.08161804492775,541805
math_avg_grade,RandomForest,73.83,80.08161804492775,541805
math_avg_grade,RandomForest,66.33,85.77312144525843,541920
math_avg_grade,RandomForest,90.71,85.77312144525843,541920
math_avg_grade,RandomForest,76.39,85.77312144525843,541920
math_avg_grade,RandomForest,88.67,85.77312144525843,541920
math_avg_grade,RandomForest,82.41689655172414,81.6933587506765,542027
math_avg_grade,RandomForest,74.06,81.6933587506765,542027
math_avg_grade,RandomForest,84.93,81.6933587506765,542027
math_avg_grade,RandomForest,87.45,81.6933587506765,542027
math_avg_grade,RandomForest,88.17326086956521,85.39105382931989,544312
math_avg_grade,RandomForest,85.62141176470588,85.39105382931989,544312
math_avg_grade,RandomForest,85.77838383838383,85.39105382931989,544312
math_avg_grade,RandomForest,84.81042735042735,85.39105382931989,544312
math_avg_grade,RandomForest,77.9391095890411,81.50265658223064,544353
math_avg_grade,RandomForest,81.83375,81.50265658223064,544353
math_avg_grade,RandomForest,80.25545454545454,81.50265658223064,544353
math_avg_grade,RandomForest,85.67205479452053,81.50265658223064,544353
math_avg_grade,RandomForest,81.47863636363635,79.93358390310536,544395
math_avg_grade,RandomForest,80.64918032786886,79.93358390310536,544395
math_avg_grade,RandomForest,78.07934065934066,79.93358390310536,544395
math_avg_grade,RandomForest,82.01948453608247,79.93358390310536,544395
math_avg_grade,RandomForest,83.458,86.05755552373554,544478
math_avg_grade,RandomForest,82.05121951219513,86.05755552373554,544478
math_avg_grade,RandomForest,80.92,86.05755552373554,544478
math_avg_grade,RandomForest,84.80538461538461,86.05755552373554,544478
math_avg_grade,RandomForest,84.35625,86.95714466574783,544494
math_avg_grade,RandomForest,88.46325,86.95714466574783,544494
math_avg_grade,RandomForest,89.99643835616438,86.95714466574783,544494
math_avg_grade,RandomForest,90.00066666666666,86.95714466574783,544494
math_avg_grade,RandomForest,76.13321428571429,81.96376136869303,544528
math_avg_grade,RandomForest,78.05260869565218,81.96376136869303,544528
math_avg_grade,RandomForest,80.49915254237288,81.96376136869303,544528
math_avg_grade,RandomForest,76.70699115044249,81.96376136869303,544528
math_avg_grade,RandomForest,67.0,79.60053941333882,544593
math_avg_grade,RandomForest,72.4582894736842,79.60053941333882,544593
math_avg_grade,RandomForest,67.53444444444445,79.60053941333882,544593
math_avg_grade,RandomForest,69.00935185185186,79.60053941333882,544593
math_avg_grade,RandomForest,78.29414634146342,80.272489329138,544668
math_avg_grade,RandomForest,81.88442307692307,80.272489329138,544668
math_avg_grade,RandomForest,86.08170212765958,80.272489329138,544668
math_avg_grade,RandomForest,86.69044444444444,80.272489329138,544668
math_avg_grade,RandomForest,74.81846153846153,76.84452975810072,544692
math_avg_grade,RandomForest,70.76,76.84452975810072,544692
math_avg_grade,RandomForest,76.08,76.84452975810072,544692
math_avg_grade,RandomForest,76.0,76.84452975810072,544692
math_avg_grade,RandomForest,73.79,76.56010605083723,547042
math_avg_grade,RandomForest,74.17,76.56010605083723,547042
math_avg_grade,RandomForest,61.17,76.56010605083723,547042
math_avg_grade,RandomForest,76.15,76.56010605083723,547042
math_avg_grade,RandomForest,78.384,74.78091450142973,548016
math_avg_grade,RandomForest,76.84,74.78091450142973,548016
math_avg_grade,RandomForest,75.17075471698112,74.78091450142973,548016
math_avg_grade,RandomForest,72.84,74.78091450142973,548016
math_avg_grade,RandomForest,74.25,78.26352513978586,548404
math_avg_grade,RandomForest,79.2875,78.26352513978586,548404
math_avg_grade,RandomForest,81.1,78.26352513978586,548404
math_avg_grade,RandomForest,79.48945945945945,78.26352513978586,548404
math_avg_grade,RandomForest,85.28,89.6167922450713,560045
math_avg_grade,RandomForest,89.42,80.18017676766814,560094
math_avg_grade,RandomForest,89.53999999999999,83.99684678460096,560136
math_avg_grade,RandomForest,84.87000000000002,84.00605155262566,560268
math_avg_grade,RandomForest,87.33083333333333,88.45268338446675,560342
math_avg_grade,RandomForest,79.58343283582089,81.24236182427933,560508
math_avg_grade,RandomForest,85.36676056338027,81.24236182427933,560508
math_avg_grade,RandomForest,85.4,81.24236182427933,560508
math_avg_grade,RandomForest,86.64693277310924,86.25931367715233,570036
math_avg_grade,RandomForest,86.35921052631579,86.25931367715233,570036
math_avg_grade,RandomForest,88.55687050359712,86.25931367715233,570036
math_avg_grade,RandomForest,89.33008849557521,86.25931367715233,570036
math_avg_grade,RandomForest,73.14358974358974,81.53845998055716,570044
math_avg_grade,RandomForest,76.14639240506328,81.53845998055716,570044
math_avg_grade,RandomForest,80.27383116883117,81.53845998055716,570044
math_avg_grade,RandomForest,82.79218543046358,81.53845998055716,570044
math_avg_grade,RandomForest,79.01184713375795,78.71689836910775,570051
math_avg_grade,RandomForest,81.14374045801527,78.71689836910775,570051
math_avg_grade,RandomForest,78.68833333333333,78.71689836910775,570051
math_avg_grade,RandomForest,82.0506993006993,78.71689836910775,570051
math_avg_grade,RandomForest,72.45647058823529,78.96537415144182,570077
math_avg_grade,RandomForest,78.14097826086957,78.96537415144182,570077
math_avg_grade,RandomForest,79.63464285714285,78.96537415144182,570077
math_avg_grade,RandomForest,78.64812949640287,78.96537415144182,570077
math_avg_grade,RandomForest,85.28045454545455,85.14938379687152,570135
math_avg_grade,RandomForest,82.95283870967741,85.14938379687152,570135
math_avg_grade,RandomForest,86.41298245614034,85.14938379687152,570135
math_avg_grade,RandomForest,86.29980263157894,85.14938379687152,570135
math_avg_grade,RandomForest,76.02005076142132,82.471176963647,570168
math_avg_grade,RandomForest,78.41820224719102,82.471176963647,570168
math_avg_grade,RandomForest,77.64858974358974,82.471176963647,570168
math_avg_grade,RandomForest,78.64745762711864,82.471176963647,570168
math_avg_grade,RandomForest,71.82,75.67556782276854,570176
math_avg_grade,RandomForest,82.29,75.67556782276854,570176
math_avg_grade,RandomForest,73.0,75.67556782276854,570176
math_avg_grade,RandomForest,77.43,75.67556782276854,570176
math_avg_grade,RandomForest,82.31901734104046,84.60481123603535,570192
math_avg_grade,RandomForest,82.27176136363636,84.60481123603535,570192
math_avg_grade,RandomForest,84.95184466019418,84.60481123603535,570192
math_avg_grade,RandomForest,87.31009174311926,84.60481123603535,570192
math_avg_grade,RandomForest,81.87327272727272,83.42349832492651,570200
math_avg_grade,RandomForest,81.87409090909091,83.42349832492651,570200
math_avg_grade,RandomForest,88.13153846153847,83.42349832492651,570200
math_avg_grade,RandomForest,85.26927536231884,83.42349832492651,570200
math_avg_grade,RandomForest,68.98,78.78453752541446,570259
math_avg_grade,RandomForest,71.73,78.78453752541446,570259
math_avg_grade,RandomForest,72.39,78.78453752541446,570259
math_avg_grade,RandomForest,79.5871111111111,78.78453752541446,570259
math_avg_grade,RandomForest,82.78944444444444,86.53207549475053,570358
math_avg_grade,RandomForest,87.48714285714286,86.53207549475053,570358
math_avg_grade,RandomForest,86.91355555555555,86.53207549475053,570358
math_avg_grade,RandomForest,87.67547619047619,86.53207549475053,570358
math_avg_grade,RandomForest,87.39,86.24321564926238,570606
math_avg_grade,RandomForest,85.57,86.24321564926238,570606
math_avg_grade,RandomForest,92.47,86.24321564926238,570606
math_avg_grade,RandomForest,88.95999999999998,86.24321564926238,570606
math_avg_grade,RandomForest,72.30322222222222,75.57642069512006,570713
math_avg_grade,RandomForest,70.84,75.57642069512006,570713
math_avg_grade,RandomForest,73.05,75.57642069512006,570713
math_avg_grade,RandomForest,71.28285714285714,75.57642069512006,570713
math_avg_grade,RandomForest,85.24297297297296,86.03741520331977,571109
math_avg_grade,RandomForest,81.68525,86.03741520331977,571109
math_avg_grade,RandomForest,80.635,86.03741520331977,571109
math_avg_grade,RandomForest,81.8310843373494,86.03741520331977,571109
math_avg_grade,RandomForest,72.63,75.48625960738816,571158
math_avg_grade,RandomForest,71.19,75.48625960738816,571158
math_avg_grade,RandomForest,69.79,75.48625960738816,571158
math_avg_grade,RandomForest,70.45,75.48625960738816,571158
math_avg_grade,RandomForest,76.83823529411765,78.0026702163377,571174
math_avg_grade,RandomForest,79.30590163934426,78.0026702163377,571174
math_avg_grade,RandomForest,81.58035714285714,78.0026702163377,571174
math_avg_grade,RandomForest,80.47826530612245,78.0026702163377,571174
math_avg_grade,RandomForest,76.37754716981132,75.5354202892442,571224
math_avg_grade,RandomForest,71.18408163265305,75.5354202892442,571224
math_avg_grade,RandomForest,76.16616438356165,75.5354202892442,571224
math_avg_grade,RandomForest,75.452,75.5354202892442,571224
math_avg_grade,RandomForest,84.49497695852534,85.4945429200817,580019
math_avg_grade,RandomForest,86.41990476190476,85.4945429200817,580019
math_avg_grade,RandomForest,88.24027586206897,85.4945429200817,580019
math_avg_grade,RandomForest,89.38231707317074,85.4945429200817,580019
math_avg_grade,RandomForest,67.33,71.94899854717562,610006
math_avg_grade,RandomForest,66.79569620253166,71.94899854717562,610006
math_avg_grade,RandomForest,66.92,74.36853673217279,610170
math_avg_grade,RandomForest,70.47,74.36853673217279,610170
math_avg_grade,RandomForest,68.6,74.57940083257358,614321
math_avg_grade,RandomForest,75.67,74.57940083257358,614321
math_avg_grade,RandomForest,70.13,74.57940083257358,614321
math_avg_grade,RandomForest,70.89,74.57940083257358,614321
math_avg_grade,RandomForest,84.84,82.68309812377025,615351
math_avg_grade,RandomForest,89.91,82.68309812377025,615351
math_avg_grade,RandomForest,88.44,82.68309812377025,615351
math_avg_grade,RandomForest,82.63,82.68309812377025,615351
math_avg_grade,RandomForest,69.68,73.49250773848443,640029
math_avg_grade,RandomForest,68.29,73.49250773848443,640029
math_avg_grade,RandomForest,72.28,73.49250773848443,640029
math_avg_grade,RandomForest,73.07,73.49250773848443,640029
math_avg_grade,RandomForest,74.92891304347825,77.93678252181198,640037
math_avg_grade,RandomForest,75.1368544600939,77.93678252181198,640037
math_avg_grade,RandomForest,77.17052356020943,77.93678252181198,640037
math_avg_grade,RandomForest,76.30664206642066,77.93678252181198,640037
math_avg_grade,RandomForest,81.91,72.08463514551036,640045
math_avg_grade,RandomForest,85.18,72.08463514551036,640045
math_avg_grade,RandomForest,86.56953846153847,72.08463514551036,640045
math_avg_grade,RandomForest,84.84869565217392,72.08463514551036,640045
math_avg_grade,RandomForest,79.032,74.76401342416973,640052
math_avg_grade,RandomForest,78.72267857142857,74.76401342416973,640052
math_avg_grade,RandomForest,82.6227731092437,74.76401342416973,640052
math_avg_grade,RandomForest,80.25190476190475,74.76401342416973,640052
math_avg_grade,RandomForest,81.48118556701031,74.36082278559516,640060
math_avg_grade,RandomForest,80.66569306930693,74.36082278559516,640060
math_avg_grade,RandomForest,77.80310526315789,74.36082278559516,640060
math_avg_grade,RandomForest,84.32321637426901,74.36082278559516,640060
math_avg_grade,RandomForest,71.44608108108109,74.53437683210534,640078
math_avg_grade,RandomForest,73.10246376811594,74.53437683210534,640078
math_avg_grade,RandomForest,72.72887850467289,74.53437683210534,640078
math_avg_grade,RandomForest,73.7728,74.53437683210534,640078
math_avg_grade,RandomForest,69.37884955752212,75.54180711177818,640086
math_avg_grade,RandomForest,72.34840909090909,75.54180711177818,640086
math_avg_grade,RandomForest,74.58232000000001,75.54180711177818,640086
math_avg_grade,RandomForest,71.33433333333333,75.54180711177818,640086
math_avg_grade,RandomForest,68.89326086956522,70.77196402424335,640102
math_avg_grade,RandomForest,78.51,70.77196402424335,640102
math_avg_grade,RandomForest,73.21357142857144,70.77196402424335,640102
math_avg_grade,RandomForest,73.0,70.77196402424335,640102
math_avg_grade,RandomForest,72.64,85.4345987969573,640110
math_avg_grade,RandomForest,70.85,85.4345987969573,640110
math_avg_grade,RandomForest,72.01939999999999,73.33511622951833,640128
math_avg_grade,RandomForest,75.4644827586207,73.33511622951833,640128
math_avg_grade,RandomForest,69.19399999999999,73.33511622951833,640128
math_avg_grade,RandomForest,71.75100917431193,73.33511622951833,640128
math_avg_grade,RandomForest,68.89,73.08479308105628,640136
math_avg_grade,RandomForest,72.95,73.08479308105628,640136
math_avg_grade,RandomForest,69.08,73.08479308105628,640136
math_avg_grade,RandomForest,71.29,73.08479308105628,640136
math_avg_grade,RandomForest,68.31,77.25229652790331,640151
math_avg_grade,RandomForest,80.68,77.25229652790331,640151
math_avg_grade,RandomForest,87.88153846153847,77.25229652790331,640151
math_avg_grade,RandomForest,75.27944444444444,77.25229652790331,640151
math_avg_grade,RandomForest,68.37,79.41083306336249,640177
math_avg_grade,RandomForest,70.93,79.41083306336249,640177
math_avg_grade,RandomForest,76.15909090909092,79.41083306336249,640177
math_avg_grade,RandomForest,71.37142857142857,79.41083306336249,640177
math_avg_grade,RandomForest,76.91,77.12218420600547,640185
math_avg_grade,RandomForest,77.88888888888889,77.12218420600547,640185
math_avg_grade,RandomForest,82.05,77.12218420600547,640185
math_avg_grade,RandomForest,82.14,77.12218420600547,640185
math_avg_grade,RandomForest,73.58163636363638,73.73391837051666,640193
math_avg_grade,RandomForest,76.83503937007873,73.73391837051666,640193
math_avg_grade,RandomForest,76.52657718120805,73.73391837051666,640193
math_avg_grade,RandomForest,73.78484472049689,73.73391837051666,640193
math_avg_grade,RandomForest,76.72588235294117,72.69616526341738,640227
math_avg_grade,RandomForest,77.25948387096776,72.69616526341738,640227
math_avg_grade,RandomForest,78.75920863309352,72.69616526341738,640227
math_avg_grade,RandomForest,79.7466081871345,72.69616526341738,640227
math_avg_grade,RandomForest,71.89684210526316,74.39110124920738,640235
math_avg_grade,RandomForest,70.61321100917431,74.39110124920738,640235
math_avg_grade,RandomForest,75.22268817204301,74.39110124920738,640235
math_avg_grade,RandomForest,74.81850574712644,74.39110124920738,640235
math_avg_grade,RandomForest,62.86,74.04563238286627,640243
math_avg_grade,RandomForest,66.79,74.04563238286627,640243
math_avg_grade,RandomForest,67.42,74.04563238286627,640243
math_avg_grade,RandomForest,67.26,74.04563238286627,640243
math_avg_grade,RandomForest,79.27014285714286,75.4005526109562,640276
math_avg_grade,RandomForest,74.0686301369863,75.4005526109562,640276
math_avg_grade,RandomForest,80.8846835443038,75.4005526109562,640276
math_avg_grade,RandomForest,74.5995294117647,75.4005526109562,640276
math_avg_grade,RandomForest,63.35,75.5905043034524,640318
math_avg_grade,RandomForest,64.08084337349398,75.5905043034524,640318
math_avg_grade,RandomForest,66.265,75.5905043034524,640318
math_avg_grade,RandomForest,68.02272727272727,75.5905043034524,640318
math_avg_grade,RandomForest,83.97860465116278,77.98074519983678,640359
math_avg_grade,RandomForest,87.28432835820894,77.98074519983678,640359
math_avg_grade,RandomForest,87.30133333333333,77.98074519983678,640359
math_avg_grade,RandomForest,81.32745454545454,77.98074519983678,640359
math_avg_grade,RandomForest,89.36,85.57481352109406,640367
math_avg_grade,RandomForest,83.87000000000002,85.57481352109406,640367
math_avg_grade,RandomForest,84.09,85.57481352109406,640367
math_avg_grade,RandomForest,86.25,85.57481352109406,640367
math_avg_grade,RandomForest,79.88,80.38765460694628,640375
math_avg_grade,RandomForest,85.82,80.38765460694628,640375
math_avg_grade,RandomForest,81.26,80.38765460694628,640375
math_avg_grade,RandomForest,71.65,80.38765460694628,640375
math_avg_grade,RandomForest,83.47,77.41886148142758,640383
math_avg_grade,RandomForest,74.67,77.41886148142758,640383
math_avg_grade,RandomForest,80.29,77.41886148142758,640383
math_avg_grade,RandomForest,80.11,77.41886148142758,640383
math_avg_grade,RandomForest,93.23,82.70687928066937,640391
math_avg_grade,RandomForest,91.75,82.70687928066937,640391
math_avg_grade,RandomForest,76.276,80.91978617697599,640425
math_avg_grade,RandomForest,81.5,80.91978617697599,640425
math_avg_grade,RandomForest,74.36243093922651,74.84173327883872,640482
math_avg_grade,RandomForest,72.89635802469137,74.84173327883872,640482
math_avg_grade,RandomForest,74.30797927461141,74.84173327883872,640482
math_avg_grade,RandomForest,71.38608695652174,74.84173327883872,640482
math_avg_grade,RandomForest,75.89,74.27747364514285,640490
math_avg_grade,RandomForest,74.31585365853658,74.27747364514285,640490
math_avg_grade,RandomForest,76.74,74.27747364514285,640490
math_avg_grade,RandomForest,81.21,74.27747364514285,640490
math_avg_grade,RandomForest,83.2,76.83637225253406,640508
math_avg_grade,RandomForest,83.13193548387098,76.83637225253406,640508
math_avg_grade,RandomForest,82.49127659574468,76.83637225253406,640508
math_avg_grade,RandomForest,90.92,76.83637225253406,640508
math_avg_grade,RandomForest,86.8528787878788,81.10821790315885,640532
math_avg_grade,RandomForest,88.65769230769232,81.10821790315885,640532
math_avg_grade,RandomForest,89.09,81.10821790315885,640532
math_avg_grade,RandomForest,87.738375,81.10821790315885,640532
math_avg_grade,RandomForest,84.422375,77.83408498321864,640581
math_avg_grade,RandomForest,82.85988235294118,77.83408498321864,640581
math_avg_grade,RandomForest,84.16105263157894,77.83408498321864,640581
math_avg_grade,RandomForest,83.42053571428572,77.83408498321864,640581
math_avg_grade,RandomForest,84.73612244897959,77.86549532730275,640631
math_avg_grade,RandomForest,85.3,77.86549532730275,640631
math_avg_grade,RandomForest,88.41,77.86549532730275,640631
math_avg_grade,RandomForest,90.6153846153846,77.86549532730275,640631
math_avg_grade,RandomForest,79.1512962962963,80.85986731138226,640649
math_avg_grade,RandomForest,87.11,80.85986731138226,640649
math_avg_grade,RandomForest,83.87076923076923,80.85986731138226,640649
math_avg_grade,RandomForest,79.158,80.85986731138226,640649
math_avg_grade,RandomForest,71.02727272727273,73.88660130703316,640656
math_avg_grade,RandomForest,77.10265306122449,73.88660130703316,640656
math_avg_grade,RandomForest,77.9971568627451,73.88660130703316,640656
math_avg_grade,RandomForest,70.91642857142858,73.88660130703316,640656
math_avg_grade,RandomForest,85.57,88.7936972874138,640664
math_avg_grade,RandomForest,88.08,88.7936972874138,640664
math_avg_grade,RandomForest,92.2,88.7936972874138,640664
math_avg_grade,RandomForest,92.59,88.7936972874138,640664
math_avg_grade,RandomForest,77.72793103448275,74.9289595492718,640672
math_avg_grade,RandomForest,77.40855345911949,74.9289595492718,640672
math_avg_grade,RandomForest,79.35220512820513,74.9289595492718,640672
math_avg_grade,RandomForest,78.85935960591134,74.9289595492718,640672
math_avg_grade,RandomForest,87.45,78.56349436419717,640771
math_avg_grade,RandomForest,86.79,78.56349436419717,640771
math_avg_grade,RandomForest,88.68,78.56349436419717,640771
math_avg_grade,RandomForest,94.5,78.56349436419717,640771
math_avg_grade,RandomForest,68.4804347826087,73.83930658563423,640807
math_avg_grade,RandomForest,78.6,73.83930658563423,640807
math_avg_grade,RandomForest,76.87,73.83930658563423,640807
math_avg_grade,RandomForest,65.54,73.83930658563423,640807
math_avg_grade,RandomForest,84.65,84.49450214523326,640821
math_avg_grade,RandomForest,77.55,84.49450214523326,640821
math_avg_grade,RandomForest,85.91,84.49450214523326,640821
math_avg_grade,RandomForest,79.0,84.49450214523326,640821
math_avg_grade,RandomForest,83.05999999999999,85.37682328162245,640896
math_avg_grade,RandomForest,91.09612903225806,85.37682328162245,640896
math_avg_grade,RandomForest,88.17411764705882,85.37682328162245,640896
math_avg_grade,RandomForest,84.83903225806452,85.37682328162245,640896
math_avg_grade,RandomForest,81.91,83.5112800511069,640904
math_avg_grade,RandomForest,87.54,83.5112800511069,640904
math_avg_grade,RandomForest,81.05,83.5112800511069,640904
math_avg_grade,RandomForest,85.59000000000002,83.5112800511069,640904
math_avg_grade,RandomForest,64.82,79.67880069754592,640946
math_avg_grade,RandomForest,83.94,82.57122183406881,641183
math_avg_grade,RandomForest,80.12869565217392,82.57122183406881,641183
math_avg_grade,RandomForest,84.30565217391305,82.57122183406881,641183
math_avg_grade,RandomForest,77.57,82.57122183406881,641183
math_avg_grade,RandomForest,82.64,83.83744582239025,641191
math_avg_grade,RandomForest,88.07,83.83744582239025,641191
math_avg_grade,RandomForest,81.33,83.83744582239025,641191
math_avg_grade,RandomForest,78.81333333333333,84.44656991700995,641233
math_avg_grade,RandomForest,85.17275862068966,84.44656991700995,641233
math_avg_grade,RandomForest,83.79206896551725,84.44656991700995,641233
math_avg_grade,RandomForest,83.17719298245615,84.44656991700995,641233
math_avg_grade,RandomForest,79.18,83.27734266815503,641241
math_avg_grade,RandomForest,91.38,79.77581259174269,641258
math_avg_grade,RandomForest,93.86,79.77581259174269,641258
math_avg_grade,RandomForest,88.71,79.77581259174269,641258
math_avg_grade,RandomForest,91.0,79.77581259174269,641258
math_avg_grade,RandomForest,76.25,79.2228965403037,641324
math_avg_grade,RandomForest,77.57636363636364,81.30292637047442,641332
math_avg_grade,RandomForest,78.19,81.30292637047442,641332
math_avg_grade,RandomForest,87.51742857142857,81.30292637047442,641332
math_avg_grade,RandomForest,85.16595238095239,81.30292637047442,641332
math_avg_grade,RandomForest,71.85,86.55845940336725,641365
math_avg_grade,RandomForest,75.74,86.55845940336725,641365
math_avg_grade,RandomForest,84.69,86.55845940336725,641365
math_avg_grade,RandomForest,83.40888888888888,86.55845940336725,641365
math_avg_grade,RandomForest,84.36,84.54842702926366,641381
math_avg_grade,RandomForest,75.43333333333334,75.46686725938487,644062
math_avg_grade,RandomForest,76.2326923076923,75.46686725938487,644062
math_avg_grade,RandomForest,74.11243902439024,75.46686725938487,644062
math_avg_grade,RandomForest,76.46791666666667,75.46686725938487,644062
math_avg_grade,RandomForest,76.6792,72.85496916328401,644203
math_avg_grade,RandomForest,76.76086538461539,72.85496916328401,644203
math_avg_grade,RandomForest,74.52000000000001,72.85496916328401,644203
math_avg_grade,RandomForest,76.58605263157894,72.85496916328401,644203
math_avg_grade,RandomForest,81.35208333333334,77.07490244604358,644294
math_avg_grade,RandomForest,82.95252173913045,77.07490244604358,644294
math_avg_grade,RandomForest,83.24090163934426,77.07490244604358,644294
math_avg_grade,RandomForest,82.50581967213114,77.07490244604358,644294
math_avg_grade,RandomForest,74.77558139534884,78.15480745575773,644310
math_avg_grade,RandomForest,74.8956338028169,78.15480745575773,644310
math_avg_grade,RandomForest,77.01905263157894,78.15480745575773,644310
math_avg_grade,RandomForest,76.10159420289855,78.15480745575773,644310
math_avg_grade,RandomForest,75.80272727272727,77.13488275816951,644344
math_avg_grade,RandomForest,76.4943137254902,77.13488275816951,644344
math_avg_grade,RandomForest,77.47350515463918,77.13488275816951,644344
math_avg_grade,RandomForest,78.58524752475248,77.13488275816951,644344
math_avg_grade,RandomForest,77.41077586206896,78.07967153093463,644377
math_avg_grade,RandomForest,76.23690376569037,78.07967153093463,644377
math_avg_grade,RandomForest,76.42441860465117,78.07967153093463,644377
math_avg_grade,RandomForest,77.95376744186048,78.07967153093463,644377
math_avg_grade,RandomForest,80.27,82.84735000603735,644435
math_avg_grade,RandomForest,77.08500000000001,82.84735000603735,644435
math_avg_grade,RandomForest,82.43976744186047,82.84735000603735,644435
math_avg_grade,RandomForest,82.20958333333333,82.84735000603735,644435
math_avg_grade,RandomForest,79.6030985915493,81.47257136628592,644443
math_avg_grade,RandomForest,81.17788461538461,81.47257136628592,644443
math_avg_grade,RandomForest,89.78453125,81.47257136628592,644443
math_avg_grade,RandomForest,88.62782051282052,81.47257136628592,644443
math_avg_grade,RandomForest,76.64245614035089,77.07655622020468,644450
math_avg_grade,RandomForest,78.03,76.58820245631198,644484
math_avg_grade,RandomForest,75.54637931034483,76.58820245631198,644484
math_avg_grade,RandomForest,78.41065727699531,76.58820245631198,644484
math_avg_grade,RandomForest,77.44497797356829,76.58820245631198,644484
math_avg_grade,RandomForest,77.9496153846154,74.78633454652488,644492
math_avg_grade,RandomForest,75.81130434782608,74.78633454652488,644492
math_avg_grade,RandomForest,78.76456140350876,74.78633454652488,644492
math_avg_grade,RandomForest,75.61520000000002,74.78633454652488,644492
math_avg_grade,RandomForest,67.70554347826086,75.81346583792363,644526
math_avg_grade,RandomForest,72.5680985915493,75.81346583792363,644526
math_avg_grade,RandomForest,70.74059523809524,75.81346583792363,644526
math_avg_grade,RandomForest,72.82462427745665,75.81346583792363,644526
math_avg_grade,RandomForest,80.4945294117647,77.31757881932214,644534
math_avg_grade,RandomForest,78.75647058823529,77.31757881932214,644534
math_avg_grade,RandomForest,84.02010152284264,77.31757881932214,644534
math_avg_grade,RandomForest,81.08802721088436,77.31757881932214,644534
math_avg_grade,RandomForest,78.06712328767122,74.2724542056651,644542
math_avg_grade,RandomForest,71.67,74.2724542056651,644542
math_avg_grade,RandomForest,80.635,74.2724542056651,644542
math_avg_grade,RandomForest,80.31712328767122,74.2724542056651,644542
math_avg_grade,RandomForest,72.27878306878307,78.16052692771653,644559
math_avg_grade,RandomForest,74.85417910447761,78.16052692771653,644559
math_avg_grade,RandomForest,75.02589285714285,78.16052692771653,644559
math_avg_grade,RandomForest,73.546,78.16052692771653,644559
math_avg_grade,RandomForest,74.78405128205128,78.46770921695921,644583
math_avg_grade,RandomForest,73.7278,78.46770921695921,644583
math_avg_grade,RandomForest,75.70764423076923,78.46770921695921,644583
math_avg_grade,RandomForest,77.65410714285714,78.46770921695921,644583
math_avg_grade,RandomForest,80.36079787234043,83.97330973048862,644591
math_avg_grade,RandomForest,83.12158415841584,83.97330973048862,644591
math_avg_grade,RandomForest,84.00572727272728,83.97330973048862,644591
math_avg_grade,RandomForest,81.63537735849057,83.97330973048862,644591
math_avg_grade,RandomForest,77.92,78.91056810997344,644666
math_avg_grade,RandomForest,83.04,78.91056810997344,644666
math_avg_grade,RandomForest,77.41,78.91056810997344,644666
math_avg_grade,RandomForest,88.92,78.91056810997344,644666
math_avg_grade,RandomForest,75.35471014492754,75.44382361222871,644690
math_avg_grade,RandomForest,81.17770992366411,75.44382361222871,644690
math_avg_grade,RandomForest,80.33967532467533,75.44382361222871,644690
math_avg_grade,RandomForest,80.07026490066225,75.44382361222871,644690
math_avg_grade,RandomForest,65.02692307692308,75.61764137855143,644708
math_avg_grade,RandomForest,62.67,75.61764137855143,644708
math_avg_grade,RandomForest,66.09,75.61764137855143,644708
math_avg_grade,RandomForest,71.17,75.61764137855143,644708
math_avg_grade,RandomForest,76.85,77.4471159470696,644732
math_avg_grade,RandomForest,82.52173913043478,77.4471159470696,644732
math_avg_grade,RandomForest,82.586,77.4471159470696,644732
math_avg_grade,RandomForest,80.16530120481927,77.4471159470696,644732
math_avg_grade,RandomForest,86.85,85.51457332741006,644757
math_avg_grade,RandomForest,64.47,73.94211155484422,644781
math_avg_grade,RandomForest,66.42,73.94211155484422,644781
math_avg_grade,RandomForest,65.62,73.94211155484422,644781
math_avg_grade,RandomForest,61.0,73.94211155484422,644781
math_avg_grade,RandomForest,82.97,73.83129397527262,644807
math_avg_grade,RandomForest,86.25,73.83129397527262,644807
math_avg_grade,RandomForest,74.88,73.83129397527262,644807
math_avg_grade,RandomForest,72.09,73.83129397527262,644807
math_avg_grade,RandomForest,63.10999999999999,74.56303458896912,644823
math_avg_grade,RandomForest,60.59961538461539,74.56303458896912,644823
math_avg_grade,RandomForest,61.16428571428571,74.56303458896912,644823
math_avg_grade,RandomForest,69.39645161290322,74.56303458896912,644823
math_avg_grade,RandomForest,82.7175,84.08179910118979,644831
math_avg_grade,RandomForest,90.54,84.08179910118979,644831
math_avg_grade,RandomForest,88.56,84.08179910118979,644831
math_avg_grade,RandomForest,76.29,84.08179910118979,644831
math_avg_grade,RandomForest,77.68714285714286,75.57698775941823,644849
math_avg_grade,RandomForest,74.63727272727272,75.57698775941823,644849
math_avg_grade,RandomForest,77.36326530612246,75.57698775941823,644849
math_avg_grade,RandomForest,73.90039215686275,75.57698775941823,644849
math_avg_grade,RandomForest,74.94579439252337,72.54663939569122,648030
math_avg_grade,RandomForest,76.55980392156862,72.54663939569122,648030
math_avg_grade,RandomForest,80.5024,72.54663939569122,648030
math_avg_grade,RandomForest,68.11583333333333,72.54663939569122,648030
math_avg_grade,RandomForest,64.62913043478261,72.5002140421286,648048
math_avg_grade,RandomForest,67.3782142857143,72.5002140421286,648048
math_avg_grade,RandomForest,69.47170212765958,72.5002140421286,648048
math_avg_grade,RandomForest,71.3430612244898,72.5002140421286,648048
math_avg_grade,RandomForest,75.93752475247526,73.89427473134751,648063
math_avg_grade,RandomForest,74.7,73.89427473134751,648063
math_avg_grade,RandomForest,74.86,73.89427473134751,648063
math_avg_grade,RandomForest,72.57561643835616,73.89427473134751,648063
math_avg_grade,RandomForest,71.89025806451613,72.83937219355758,648071
math_avg_grade,RandomForest,74.7312087912088,72.83937219355758,648071
math_avg_grade,RandomForest,71.60993506493506,72.83937219355758,648071
math_avg_grade,RandomForest,71.13911392405065,72.83937219355758,648071
math_avg_grade,RandomForest,66.1,72.95489197566515,648089
math_avg_grade,RandomForest,72.73,72.95489197566515,648089
math_avg_grade,RandomForest,76.91,72.95489197566515,648089
math_avg_grade,RandomForest,71.08,72.95489197566515,648089
math_avg_grade,RandomForest,68.51257731958762,74.20008009672516,648097
math_avg_grade,RandomForest,74.03185840707965,74.20008009672516,648097
math_avg_grade,RandomForest,73.59862068965516,74.20008009672516,648097
math_avg_grade,RandomForest,67.6797005988024,74.20008009672516,648097
math_avg_grade,RandomForest,75.8342741935484,72.79148339813949,648113
math_avg_grade,RandomForest,72.11176470588236,72.79148339813949,648113
math_avg_grade,RandomForest,77.85499999999999,72.79148339813949,648113
math_avg_grade,RandomForest,74.65857142857142,72.79148339813949,648113
math_avg_grade,RandomForest,66.75016949152543,72.37629819872522,648121
math_avg_grade,RandomForest,69.07215053763441,72.37629819872522,648121
math_avg_grade,RandomForest,71.54,72.37629819872522,648121
math_avg_grade,RandomForest,69.1675294117647,72.37629819872522,648121
math_avg_grade,RandomForest,68.60010752688171,75.32479575536264,648139
math_avg_grade,RandomForest,67.01023668639053,75.32479575536264,648139
math_avg_grade,RandomForest,69.16393548387097,75.32479575536264,648139
math_avg_grade,RandomForest,62.4186274509804,75.32479575536264,648139
math_avg_grade,RandomForest,75.414,71.82287782638501,648147
math_avg_grade,RandomForest,74.46347826086956,71.82287782638501,648147
math_avg_grade,RandomForest,77.59126984126983,71.82287782638501,648147
math_avg_grade,RandomForest,78.84,71.82287782638501,648147
math_avg_grade,RandomForest,71.3,74.34603852070792,648154
math_avg_grade,RandomForest,71.07,74.34603852070792,648154
math_avg_grade,RandomForest,73.64,74.34603852070792,648154
math_avg_grade,RandomForest,66.66666666666667,74.34603852070792,648154
math_avg_grade,RandomForest,67.96296610169492,72.37909838766609,648204
math_avg_grade,RandomForest,70.11211009174312,72.37909838766609,648204
math_avg_grade,RandomForest,68.54181818181817,72.37909838766609,648204
math_avg_grade,RandomForest,64.43,72.37909838766609,648204
math_avg_grade,RandomForest,79.7,73.6731476686635,648220
math_avg_grade,RandomForest,72.43,73.6731476686635,648220
math_avg_grade,RandomForest,75.64,73.6731476686635,648220
math_avg_grade,RandomForest,74.02,73.6731476686635,648220
math_avg_grade,RandomForest,70.58846153846154,74.35636779769854,648238
math_avg_grade,RandomForest,74.3504347826087,74.35636779769854,648238
math_avg_grade,RandomForest,70.77095238095238,74.35636779769854,648238
math_avg_grade,RandomForest,68.67787234042552,74.35636779769854,648238
math_avg_grade,RandomForest,81.7,72.63417833984717,648261
math_avg_grade,RandomForest,70.96730158730158,72.63417833984717,648261
math_avg_grade,RandomForest,62.84189655172413,72.63417833984717,648261
math_avg_grade,RandomForest,77.11813953488372,73.49149194063556,648279
math_avg_grade,RandomForest,72.36168674698796,73.49149194063556,648279
math_avg_grade,RandomForest,79.05,73.49149194063556,648279
math_avg_grade,RandomForest,70.5188888888889,73.49149194063556,648279
math_avg_grade,RandomForest,74.5,74.55033903976167,648287
math_avg_grade,RandomForest,68.06,74.55033903976167,648287
math_avg_grade,RandomForest,71.76,74.55033903976167,648287
math_avg_grade,RandomForest,75.03,74.55033903976167,648287
math_avg_grade,RandomForest,69.61,72.95227952740743,648303
math_avg_grade,RandomForest,70.13,72.95227952740743,648303
math_avg_grade,RandomForest,73.63,72.95227952740743,648303
math_avg_grade,RandomForest,66.86509433962264,72.95227952740743,648303
math_avg_grade,RandomForest,63.71,73.69042435262487,648311
math_avg_grade,RandomForest,73.75,73.69042435262487,648311
math_avg_grade,RandomForest,70.87,73.69042435262487,648311
math_avg_grade,RandomForest,69.7589552238806,73.69042435262487,648311
math_avg_grade,RandomForest,61.68,75.8685342678958,648329
math_avg_grade,RandomForest,74.03,72.65381686752947,648337
math_avg_grade,RandomForest,75.0,72.65381686752947,648337
math_avg_grade,RandomForest,66.78425531914894,72.65381686752947,648337
math_avg_grade,RandomForest,74.43119047619048,72.65381686752947,648337
math_avg_grade,RandomForest,81.09,74.50518402510666,648345
math_avg_grade,RandomForest,78.30305084745763,74.50518402510666,648345
math_avg_grade,RandomForest,75.86533333333334,74.50518402510666,648345
math_avg_grade,RandomForest,84.03270270270271,84.07391177019153,660076
math_avg_grade,RandomForest,83.82392857142857,84.07391177019153,660076
math_avg_grade,RandomForest,82.5405982905983,84.07391177019153,660076
math_avg_grade,RandomForest,83.38655405405405,84.07391177019153,660076
math_avg_grade,RandomForest,77.90380952380953,80.85683413920995,660084
math_avg_grade,RandomForest,84.41415094339624,80.85683413920995,660084
math_avg_grade,RandomForest,79.13,80.85683413920995,660084
math_avg_grade,RandomForest,78.2619298245614,80.85683413920995,660084
math_avg_grade,RandomForest,75.21231404958678,78.01746071412346,660126
math_avg_grade,RandomForest,76.39074829931972,78.01746071412346,660126
math_avg_grade,RandomForest,78.22337209302326,78.01746071412346,660126
math_avg_grade,RandomForest,81.42620320855616,78.01746071412346,660126
math_avg_grade,RandomForest,81.79762331838565,81.2658043942573,660134
math_avg_grade,RandomForest,81.21042056074766,81.2658043942573,660134
math_avg_grade,RandomForest,84.74743190661479,81.2658043942573,660134
math_avg_grade,RandomForest,84.38981751824817,81.2658043942573,660134
math_avg_grade,RandomForest,90.25,84.20699136329823,660209
math_avg_grade,RandomForest,71.09,73.8488860823789,660225
math_avg_grade,RandomForest,79.85615384615386,80.2137503186175,660274
math_avg_grade,RandomForest,82.82179487179488,80.2137503186175,660274
math_avg_grade,RandomForest,83.5205785123967,80.2137503186175,660274
math_avg_grade,RandomForest,84.72,80.2137503186175,660274
math_avg_grade,RandomForest,79.80028037383177,77.82349879694388,660324
math_avg_grade,RandomForest,79.17,77.82349879694388,660324
math_avg_grade,RandomForest,81.70565891472867,77.82349879694388,660324
math_avg_grade,RandomForest,81.59111940298507,77.82349879694388,660324
math_avg_grade,RandomForest,80.84473684210526,77.04795574375063,660498
math_avg_grade,RandomForest,87.09,77.04795574375063,660498
math_avg_grade,RandomForest,82.92999999999999,77.04795574375063,660498
math_avg_grade,RandomForest,73.35794642857142,79.20078663396049,670042
math_avg_grade,RandomForest,75.15148936170212,79.20078663396049,670042
math_avg_grade,RandomForest,81.59776371308016,79.20078663396049,670042
math_avg_grade,RandomForest,79.39716279069768,79.20078663396049,670042
math_avg_grade,RandomForest,77.49925925925925,73.73018982131404,670067
math_avg_grade,RandomForest,74.20151515151515,73.73018982131404,670067
math_avg_grade,RandomForest,77.23049689440994,73.73018982131404,670067
math_avg_grade,RandomForest,77.62245398773007,73.73018982131404,670067
math_avg_grade,RandomForest,64.5,73.20216349785342,670208
math_avg_grade,RandomForest,73.85,73.20216349785342,670208
math_avg_grade,RandomForest,65.49739130434783,75.61263175414045,670232
math_avg_grade,RandomForest,68.202,75.61263175414045,670232
math_avg_grade,RandomForest,75.43075471698113,75.61263175414045,670232
math_avg_grade,RandomForest,74.13941176470587,75.61263175414045,670232
math_avg_grade,RandomForest,66.5,76.87817468225431,670331
math_avg_grade,RandomForest,63.24,76.87817468225431,670331
math_avg_grade,RandomForest,64.55,76.87817468225431,670331
math_avg_grade,RandomForest,66.75,76.87817468225431,670331
math_avg_grade,RandomForest,66.18943396226415,73.25158803227096,670414
math_avg_grade,RandomForest,73.67,73.25158803227096,670414
math_avg_grade,RandomForest,76.8248275862069,73.25158803227096,670414
math_avg_grade,RandomForest,75.54,73.25158803227096,670414
math_avg_grade,RandomForest,67.1231506849315,73.99641478559747,670422
math_avg_grade,RandomForest,69.22833333333334,73.99641478559747,670422
math_avg_grade,RandomForest,67.96225000000001,73.99641478559747,670422
math_avg_grade,RandomForest,72.43,73.99641478559747,670422
math_avg_grade,RandomForest,75.2185306122449,75.21486953387787,670810
math_avg_grade,RandomForest,76.45133587786259,75.21486953387787,670810
math_avg_grade,RandomForest,79.00017985611511,75.21486953387787,670810
math_avg_grade,RandomForest,76.77338403041826,75.21486953387787,670810
math_avg_grade,RandomForest,67.2259090909091,72.72126695112905,678011
math_avg_grade,RandomForest,77.79565217391304,72.72126695112905,678011
math_avg_grade,RandomForest,71.60549295774648,72.72126695112905,678011
math_avg_grade,RandomForest,72.64333333333333,72.72126695112905,678011
math_avg_grade,RandomForest,79.19043478260869,83.15476606145499,680025
math_avg_grade,RandomForest,80.03356807511736,83.15476606145499,680025
math_avg_grade,RandomForest,81.60921875000001,83.15476606145499,680025
math_avg_grade,RandomForest,84.16940594059406,83.15476606145499,680025
math_avg_grade,RandomForest,74.43347826086956,76.95660707260737,680033
math_avg_grade,RandomForest,74.69698113207546,76.95660707260737,680033
math_avg_grade,RandomForest,78.62945205479451,76.95660707260737,680033
math_avg_grade,RandomForest,78.30421052631579,76.95660707260737,680033
math_avg_grade,RandomForest,66.87,76.24680193854014,680066
math_avg_grade,RandomForest,72.7,76.24680193854014,680066
math_avg_grade,RandomForest,73.81,76.24680193854014,680066
math_avg_grade,RandomForest,74.1,76.24680193854014,680066
math_avg_grade,RandomForest,71.62999999999998,75.28542899416338,680108
math_avg_grade,RandomForest,72.72,75.28542899416338,680108
math_avg_grade,RandomForest,76.31,75.28542899416338,680108
math_avg_grade,RandomForest,75.97,75.28542899416338,680108
math_avg_grade,RandomForest,69.80641791044776,73.8345608895761,770057
math_avg_grade,RandomForest,65.34987012987014,73.8345608895761,770057
math_avg_grade,RandomForest,72.81343749999999,73.8345608895761,770057
math_avg_grade,RandomForest,75.41890625,73.8345608895761,770057
math_avg_grade,RandomForest,82.9528855721393,83.07256023050122,770065
math_avg_grade,RandomForest,85.36,83.07256023050122,770065
math_avg_grade,RandomForest,83.971,83.07256023050122,770065
math_avg_grade,RandomForest,84.75243243243243,83.07256023050122,770065
math_avg_grade,RandomForest,81.03207070707072,82.63080974491338,770073
math_avg_grade,RandomForest,79.40634615384616,82.63080974491338,770073
math_avg_grade,RandomForest,82.27906542056076,82.63080974491338,770073
math_avg_grade,RandomForest,82.86378947368422,82.63080974491338,770073
math_avg_grade,RandomForest,63.27,73.28767141839123,770222
math_avg_grade,RandomForest,64.43,73.28767141839123,770222
math_avg_grade,RandomForest,68.95,73.28767141839123,770222
math_avg_grade,RandomForest,70.41,73.28767141839123,770222
math_avg_grade,RandomForest,87.70803921568627,85.81456200726228,770297
math_avg_grade,RandomForest,88.2910843373494,85.81456200726228,770297
math_avg_grade,RandomForest,88.87283870967742,85.81456200726228,770297
math_avg_grade,RandomForest,89.28173469387755,85.81456200726228,770297
math_avg_grade,RandomForest,84.74,83.40073559046387,770305
math_avg_grade,RandomForest,86.61931034482758,83.40073559046387,770305
math_avg_grade,RandomForest,83.86150943396225,83.40073559046387,770305
math_avg_grade,RandomForest,84.70844660194174,83.40073559046387,770305
math_avg_grade,RandomForest,74.00888888888889,72.75795022635977,770396
math_avg_grade,RandomForest,73.37071942446042,72.75795022635977,770396
math_avg_grade,RandomForest,74.91040650406504,72.75795022635977,770396
math_avg_grade,RandomForest,73.8606611570248,72.75795022635977,770396
math_avg_grade,RandomForest,85.2978,82.58918971262086,770412
math_avg_grade,RandomForest,86.88,82.58918971262086,770412
math_avg_grade,RandomForest,89.23782608695653,82.58918971262086,770412
math_avg_grade,RandomForest,82.28857142857143,82.58918971262086,770412
math_avg_grade,RandomForest,83.65186206896551,83.04677329292883,770453
math_avg_grade,RandomForest,85.05822580645162,83.04677329292883,770453
math_avg_grade,RandomForest,84.27468438538206,83.04677329292883,770453
math_avg_grade,RandomForest,87.35004098360656,83.04677329292883,770453
math_avg_grade,RandomForest,75.3589705882353,76.8335713196851,770461
math_avg_grade,RandomForest,76.29242236024845,76.8335713196851,770461
math_avg_grade,RandomForest,76.01284313725489,76.8335713196851,770461
math_avg_grade,RandomForest,78.10522222222222,76.8335713196851,770461
math_avg_grade,RandomForest,86.61920634920635,80.68896810430995,770495
math_avg_grade,RandomForest,87.71272727272728,80.68896810430995,770495
math_avg_grade,RandomForest,88.17876712328766,80.68896810430995,770495
math_avg_grade,RandomForest,88.48307692307692,80.68896810430995,770495
math_avg_grade,RandomForest,90.35,83.59064001927223,770503
math_avg_grade,RandomForest,95.08,83.59064001927223,770503
math_avg_grade,RandomForest,92.39,83.59064001927223,770503
math_avg_grade,RandomForest,91.87000000000002,83.59064001927223,770503
math_avg_grade,RandomForest,74.825,75.32973512991475,770552
math_avg_grade,RandomForest,76.50073825503357,75.32973512991475,770552
math_avg_grade,RandomForest,76.63376811594203,75.32973512991475,770552
math_avg_grade,RandomForest,73.3364534883721,75.32973512991475,770552
math_avg_grade,RandomForest,73.84823529411766,79.1595801290352,770586
math_avg_grade,RandomForest,75.67198529411765,79.1595801290352,770586
math_avg_grade,RandomForest,77.56124260355028,79.1595801290352,770586
math_avg_grade,RandomForest,77.9071875,79.1595801290352,770586
math_avg_grade,RandomForest,81.49666666666667,76.92224582188791,770602
math_avg_grade,RandomForest,80.06,76.92224582188791,770602
math_avg_grade,RandomForest,87.95322580645161,76.92224582188791,770602
math_avg_grade,RandomForest,82.21898734177215,76.92224582188791,770602
math_avg_grade,RandomForest,78.58,77.96198814534023,770727
math_avg_grade,RandomForest,72.91,77.96198814534023,770727
math_avg_grade,RandomForest,82.39,77.96198814534023,770727
math_avg_grade,RandomForest,86.4,77.96198814534023,770727
math_avg_grade,RandomForest,77.74,73.41451464498716,770768
math_avg_grade,RandomForest,75.68,73.41451464498716,770768
math_avg_grade,RandomForest,74.89,73.41451464498716,770768
math_avg_grade,RandomForest,69.68,73.41451464498716,770768
math_avg_grade,RandomForest,77.37375,76.55925932468949,770776
math_avg_grade,RandomForest,75.17803921568627,76.55925932468949,770776
math_avg_grade,RandomForest,72.22,76.55925932468949,770776
math_avg_grade,RandomForest,75.288,76.55925932468949,770776
math_avg_grade,RandomForest,83.3,73.39347888844698,770784
math_avg_grade,RandomForest,78.67750000000001,73.39347888844698,770784
math_avg_grade,RandomForest,79.35928571428573,73.39347888844698,770784
math_avg_grade,RandomForest,75.11,73.39347888844698,770784
math_avg_grade,RandomForest,76.68398230088495,77.66054242200273,770826
math_avg_grade,RandomForest,74.61358288770055,77.66054242200273,770826
math_avg_grade,RandomForest,72.89390909090909,77.66054242200273,770826
math_avg_grade,RandomForest,78.70926829268292,77.66054242200273,770826
math_avg_grade,RandomForest,73.68,74.07396203034862,770834
math_avg_grade,RandomForest,78.0,74.07396203034862,770834
math_avg_grade,RandomForest,81.75,74.07396203034862,770834
math_avg_grade,RandomForest,84.02841836734694,85.02558550779013,770842
math_avg_grade,RandomForest,82.6187459807074,85.02558550779013,770842
math_avg_grade,RandomForest,85.43639072847682,85.02558550779013,770842
math_avg_grade,RandomForest,85.9163344051447,85.02558550779013,770842
math_avg_grade,RandomForest,75.85127388535032,75.94629822421714,770859
math_avg_grade,RandomForest,78.219012345679,75.94629822421714,770859
math_avg_grade,RandomForest,79.75531707317074,75.94629822421714,770859
math_avg_grade,RandomForest,80.90415384615385,75.94629822421714,770859
math_avg_grade,RandomForest,77.88701492537314,84.01265765786098,770875
math_avg_grade,RandomForest,78.30037037037037,84.01265765786098,770875
math_avg_grade,RandomForest,80.57118811881188,84.01265765786098,770875
math_avg_grade,RandomForest,80.92562162162162,84.01265765786098,770875
math_avg_grade,RandomForest,80.48326923076921,81.64625519527564,770941
math_avg_grade,RandomForest,76.67279069767443,81.64625519527564,770941
math_avg_grade,RandomForest,77.70298701298701,81.64625519527564,770941
math_avg_grade,RandomForest,83.60786516853932,81.64625519527564,770941
math_avg_grade,RandomForest,80.73,78.22457065029259,771030
math_avg_grade,RandomForest,82.0,78.22457065029259,771030
math_avg_grade,RandomForest,76.9682191780822,84.14822885024476,771071
math_avg_grade,RandomForest,78.00072727272726,84.14822885024476,771071
math_avg_grade,RandomForest,82.20933333333333,84.14822885024476,771071
math_avg_grade,RandomForest,81.15646288209606,84.14822885024476,771071
math_avg_grade,RandomForest,86.44348837209303,83.02434427469117,771089
math_avg_grade,RandomForest,89.94,83.02434427469117,771089
math_avg_grade,RandomForest,85.85191489361702,83.02434427469117,771089
math_avg_grade,RandomForest,87.12,83.02434427469117,771089
math_avg_grade,RandomForest,80.38461538461539,75.00231620160308,771105
math_avg_grade,RandomForest,86.64,75.00231620160308,771105
math_avg_grade,RandomForest,88.11,75.00231620160308,771105
math_avg_grade,RandomForest,88.47,75.00231620160308,771105
math_avg_grade,RandomForest,77.14971428571428,79.33071561712961,800003
math_avg_grade,RandomForest,82.39598639455782,79.33071561712961,800003
math_avg_grade,RandomForest,77.30117647058823,79.33071561712961,800003
math_avg_grade,RandomForest,78.58081481481481,79.33071561712961,800003
math_avg_grade,RandomForest,71.71909090909091,73.03500655773345,800037
math_avg_grade,RandomForest,75.4778947368421,73.03500655773345,800037
math_avg_grade,RandomForest,74.07949152542373,73.03500655773345,800037
math_avg_grade,RandomForest,75.018,73.03500655773345,800037
math_avg_grade,RandomForest,79.72222222222223,76.45523493850655,800052
math_avg_grade,RandomForest,82.56755458515285,76.45523493850655,800052
math_avg_grade,RandomForest,81.29613043478261,76.45523493850655,800052
math_avg_grade,RandomForest,80.27503676470589,76.45523493850655,800052
math_avg_grade,RandomForest,70.09361702127659,74.2931252335984,800060
math_avg_grade,RandomForest,71.46916129032257,74.2931252335984,800060
math_avg_grade,RandomForest,68.24757142857143,74.2931252335984,800060
math_avg_grade,RandomForest,66.8815294117647,74.2931252335984,800060
math_avg_grade,RandomForest,77.96084112149532,73.04559431858928,800078
math_avg_grade,RandomForest,80.49512,73.04559431858928,800078
math_avg_grade,RandomForest,77.88290322580644,73.04559431858928,800078
math_avg_grade,RandomForest,75.30060606060606,73.04559431858928,800078
math_avg_grade,RandomForest,72.694,79.92144135061359,800086
math_avg_grade,RandomForest,79.02363636363637,79.92144135061359,800086
math_avg_grade,RandomForest,78.934,79.92144135061359,800086
math_avg_grade,RandomForest,79.210350877193,79.92144135061359,800086
math_avg_grade,RandomForest,71.07960893854748,73.73809511282026,800094
math_avg_grade,RandomForest,74.32624277456648,73.73809511282026,800094
math_avg_grade,RandomForest,76.72127450980393,73.73809511282026,800094
math_avg_grade,RandomForest,72.08346534653465,73.73809511282026,800094
math_avg_grade,RandomForest,68.72354066985646,76.34976289389445,800102
math_avg_grade,RandomForest,73.49811320754718,76.34976289389445,800102
math_avg_grade,RandomForest,73.85784688995216,76.34976289389445,800102
math_avg_grade,RandomForest,72.44946428571428,76.34976289389445,800102
math_avg_grade,RandomForest,60.44,74.84448361688683,800110
math_avg_grade,RandomForest,71.33,74.84448361688683,800110
math_avg_grade,RandomForest,81.06649999999999,76.19511242848334,800128
math_avg_grade,RandomForest,85.62272058823528,76.19511242848334,800128
math_avg_grade,RandomForest,82.3714,76.19511242848334,800128
math_avg_grade,RandomForest,78.65706666666667,76.19511242848334,800128
math_avg_grade,RandomForest,73.08640883977901,74.22570641124398,800136
math_avg_grade,RandomForest,70.0770786516854,74.22570641124398,800136
math_avg_grade,RandomForest,66.30080459770114,74.22570641124398,800136
math_avg_grade,RandomForest,65.97892857142858,74.22570641124398,800136
math_avg_grade,RandomForest,74.46,73.29503526814756,800144
math_avg_grade,RandomForest,74.99,73.29503526814756,800144
math_avg_grade,RandomForest,74.38378151260504,73.29503526814756,800144
math_avg_grade,RandomForest,68.05945945945946,73.29503526814756,800144
math_avg_grade,RandomForest,75.56,81.2857560179199,841213
math_avg_grade,RandomForest,81.75,81.2857560179199,841213
math_avg_grade,RandomForest,85.50277777777778,81.2857560179199,841213
math_avg_grade,RandomForest,84.69,81.2857560179199,841213
math_avg_grade,RandomForest,79.92,75.32302362777064,841247
math_avg_grade,RandomForest,76.25,75.32302362777064,841247
math_avg_grade,RandomForest,76.63,75.32302362777064,841247
math_avg_grade,RandomForest,72.22,75.32302362777064,841247
math_avg_grade,RandomForest,82.82347457627118,86.18163509075774,841254
math_avg_grade,RandomForest,86.33042016806722,86.18163509075774,841254
math_avg_grade,RandomForest,87.56151515151514,86.18163509075774,841254
math_avg_grade,RandomForest,87.29603448275863,86.18163509075774,841254
math_avg_grade,RandomForest,77.60154639175258,82.60253322082264,841262
math_avg_grade,RandomForest,77.86728155339806,82.60253322082264,841262
math_avg_grade,RandomForest,85.87316666666668,82.60253322082264,841262
math_avg_grade,RandomForest,79.67375,82.60253322082264,841262
math_avg_grade,RandomForest,81.07136612021857,83.72812752402035,844076
math_avg_grade,RandomForest,81.15108108108107,83.72812752402035,844076
math_avg_grade,RandomForest,83.27281609195401,83.72812752402035,844076
math_avg_grade,RandomForest,84.46,83.72812752402035,844076
math_avg_grade,RandomForest,73.37,78.98176450227928,860361
math_avg_grade,RandomForest,71.37,78.98176450227928,860361
math_avg_grade,RandomForest,74.64,78.98176450227928,860361
math_avg_grade,RandomForest,73.81,78.98176450227928,860361
math_avg_grade,RandomForest,70.83,79.27292570558113,900076
math_avg_grade,RandomForest,54.79,79.27292570558113,900076
math_avg_grade,RandomForest,65.33,79.27292570558113,900076
english_avg_grade,RandomForest,92.05771186440676,83.0015317290897,140012
english_avg_grade,RandomForest,91.62597122302157,83.0015317290897,140012
english_avg_grade,RandomForest,91.73,83.0015317290897,140012
english_avg_grade,RandomForest,91.78504065040651,83.0015317290897,140012
english_avg_grade,RandomForest,90.16,80.77838238222071,140038
english_avg_grade,RandomForest,92.24,80.77838238222071,140038
english_avg_grade,RandomForest,93.67,80.77838238222071,140038
english_avg_grade,RandomForest,92.6,80.77838238222071,140038
english_avg_grade,RandomForest,82.78659574468085,83.16562938434171,140046
english_avg_grade,RandomForest,83.884,83.16562938434171,140046
english_avg_grade,RandomForest,81.68642857142858,83.16562938434171,140046
english_avg_grade,RandomForest,84.57813333333333,83.16562938434171,140046
english_avg_grade,RandomForest,88.11,88.35466758193695,140053
english_avg_grade,RandomForest,91.44,88.35466758193695,140053
english_avg_grade,RandomForest,89.31,88.35466758193695,140053
english_avg_grade,RandomForest,89.17,88.35466758193695,140053
english_avg_grade,RandomForest,93.03,86.86060406549012,140061
english_avg_grade,RandomForest,94.08,86.86060406549012,140061
english_avg_grade,RandomForest,94.11,86.86060406549012,140061
english_avg_grade,RandomForest,95.3,86.86060406549012,140061
english_avg_grade,RandomForest,86.75794871794872,82.69757023652554,140079
english_avg_grade,RandomForest,86.55048780487805,82.69757023652554,140079
english_avg_grade,RandomForest,87.10508771929824,82.69757023652554,140079
english_avg_grade,RandomForest,88.46799999999999,82.69757023652554,140079
english_avg_grade,RandomForest,82.95837719298247,83.38661396034104,140087
english_avg_grade,RandomForest,82.81,83.38661396034104,140087
english_avg_grade,RandomForest,81.81067567567567,83.38661396034104,140087
english_avg_grade,RandomForest,79.27621621621623,83.38661396034104,140087
english_avg_grade,RandomForest,85.2748051948052,76.19649903474438,140095
english_avg_grade,RandomForest,84.01259259259258,76.19649903474438,140095
english_avg_grade,RandomForest,86.15818181818182,76.19649903474438,140095
english_avg_grade,RandomForest,85.7263492063492,76.19649903474438,140095
english_avg_grade,RandomForest,86.30340807174888,88.21900370669843,140103
english_avg_grade,RandomForest,84.94154867256637,88.21900370669843,140103
english_avg_grade,RandomForest,85.91034782608695,88.21900370669843,140103
english_avg_grade,RandomForest,83.66350467289719,88.21900370669843,140103
english_avg_grade,RandomForest,75.73031578947368,81.72537638565173,140129
english_avg_grade,RandomForest,73.77385714285714,81.72537638565173,140129
english_avg_grade,RandomForest,75.67287671232877,81.72537638565173,140129
english_avg_grade,RandomForest,81.83888888888887,81.72537638565173,140129
english_avg_grade,RandomForest,87.52762711864408,84.02751329879052,140137
english_avg_grade,RandomForest,84.24215189873418,84.02751329879052,140137
english_avg_grade,RandomForest,83.71777777777778,84.02751329879052,140137
english_avg_grade,RandomForest,84.30181818181818,84.02751329879052,140137
english_avg_grade,RandomForest,90.45842105263158,86.28201395101752,140145
english_avg_grade,RandomForest,91.06348623853212,86.28201395101752,140145
english_avg_grade,RandomForest,90.9185576923077,86.28201395101752,140145
english_avg_grade,RandomForest,93.3,86.28201395101752,140145
english_avg_grade,RandomForest,87.07922077922079,86.25617993928003,140160
english_avg_grade,RandomForest,85.851320754717,86.25617993928003,140160
english_avg_grade,RandomForest,84.7968253968254,86.25617993928003,140160
english_avg_grade,RandomForest,85.55584615384616,86.25617993928003,140160
english_avg_grade,RandomForest,87.75555555555556,87.84638634351298,140186
english_avg_grade,RandomForest,84.66121951219512,87.84638634351298,140186
english_avg_grade,RandomForest,82.8788888888889,87.84638634351298,140186
english_avg_grade,RandomForest,83.45718446601941,87.84638634351298,140186
english_avg_grade,RandomForest,72.52684210526316,77.45133110637367,140202
english_avg_grade,RandomForest,81.13976744186047,77.45133110637367,140202
english_avg_grade,RandomForest,79.61,77.45133110637367,140202
english_avg_grade,RandomForest,78.3025,77.45133110637367,140202
english_avg_grade,RandomForest,92.31,87.67295059860152,140236
english_avg_grade,RandomForest,91.54000000000002,87.67295059860152,140236
english_avg_grade,RandomForest,93.32,87.67295059860152,140236
english_avg_grade,RandomForest,92.81,87.67295059860152,140236
english_avg_grade,RandomForest,77.82,78.14593103669235,140251
english_avg_grade,RandomForest,74.91,78.14593103669235,140251
english_avg_grade,RandomForest,68.38,78.39892816337041,140269
english_avg_grade,RandomForest,75.91,78.39892816337041,140269
english_avg_grade,RandomForest,76.92,78.39892816337041,140269
english_avg_grade,RandomForest,73.42,78.39892816337041,140269
english_avg_grade,RandomForest,79.987375,82.40754172183183,140277
english_avg_grade,RandomForest,86.63333333333334,82.40754172183183,140277
english_avg_grade,RandomForest,86.83857142857143,82.40754172183183,140277
english_avg_grade,RandomForest,84.74414285714286,82.40754172183183,140277
english_avg_grade,RandomForest,86.08,80.98266403488383,140434
english_avg_grade,RandomForest,81.09,80.98266403488383,140434
english_avg_grade,RandomForest,86.48339285714287,83.62243632442501,140491
english_avg_grade,RandomForest,84.2702985074627,83.62243632442501,140491
english_avg_grade,RandomForest,84.61561403508772,83.62243632442501,140491
english_avg_grade,RandomForest,84.9382,83.62243632442501,140491
english_avg_grade,RandomForest,76.67,77.25571515287383,140525
english_avg_grade,RandomForest,85.0,77.25571515287383,140525
english_avg_grade,RandomForest,87.0,77.25571515287383,140525
english_avg_grade,RandomForest,82.27054347826086,83.73685062947315,140665
english_avg_grade,RandomForest,81.76685393258427,83.73685062947315,140665
english_avg_grade,RandomForest,83.21969999999999,83.73685062947315,140665
english_avg_grade,RandomForest,82.05919540229885,83.73685062947315,140665
english_avg_grade,RandomForest,83.29044444444443,86.20345244335657,140723
english_avg_grade,RandomForest,82.23175182481752,86.20345244335657,140723
english_avg_grade,RandomForest,82.15635036496352,86.20345244335657,140723
english_avg_grade,RandomForest,83.31510638297873,86.20345244335657,140723
english_avg_grade,RandomForest,77.02038461538461,82.96538310302735,140731
english_avg_grade,RandomForest,81.99872549019607,82.96538310302735,140731
english_avg_grade,RandomForest,77.79279411764706,82.96538310302735,140731
english_avg_grade,RandomForest,81.98018181818182,82.96538310302735,140731
english_avg_grade,RandomForest,85.30640350877194,86.43638147641374,140764
english_avg_grade,RandomForest,88.39111111111112,86.43638147641374,140764
english_avg_grade,RandomForest,90.2008695652174,86.43638147641374,140764
english_avg_grade,RandomForest,91.27782608695652,86.43638147641374,140764
english_avg_grade,RandomForest,89.22,87.90866596313941,140806
english_avg_grade,RandomForest,84.50817204301076,87.90866596313941,140806
english_avg_grade,RandomForest,85.80875,87.90866596313941,140806
english_avg_grade,RandomForest,86.27911111111112,87.90866596313941,140806
english_avg_grade,RandomForest,80.05076923076923,79.38886394778939,140848
english_avg_grade,RandomForest,80.97090909090909,79.38886394778939,140848
english_avg_grade,RandomForest,79.33391812865497,82.85575515532031,140863
english_avg_grade,RandomForest,83.088,82.85575515532031,140863
english_avg_grade,RandomForest,81.53181395348837,82.85575515532031,140863
english_avg_grade,RandomForest,81.05331360946745,82.85575515532031,140863
english_avg_grade,RandomForest,70.59,78.13580144456438,140871
english_avg_grade,RandomForest,67.15,78.13580144456438,140871
english_avg_grade,RandomForest,77.8235,78.13580144456438,140871
english_avg_grade,RandomForest,74.42642857142857,78.13580144456438,140871
english_avg_grade,RandomForest,86.06666666666668,84.49754924253362,140913
english_avg_grade,RandomForest,92.03,84.49754924253362,140913
english_avg_grade,RandomForest,91.75,84.49754924253362,140913
english_avg_grade,RandomForest,89.42,84.49754924253362,140913
english_avg_grade,RandomForest,74.93,83.9713111296586,140939
english_avg_grade,RandomForest,79.5,83.9713111296586,140939
english_avg_grade,RandomForest,77.64291666666666,83.9713111296586,140939
english_avg_grade,RandomForest,81.23325581395349,83.9713111296586,140939
english_avg_grade,RandomForest,91.99666666666666,84.74290749599783,140954
english_avg_grade,RandomForest,89.963,84.74290749599783,140954
english_avg_grade,RandomForest,87.02875,84.74290749599783,140954
english_avg_grade,RandomForest,87.12,84.74290749599783,140954
english_avg_grade,RandomForest,81.2254761904762,84.90874162521335,140962
english_avg_grade,RandomForest,82.32352941176471,84.90874162521335,140962
english_avg_grade,RandomForest,84.2371052631579,84.90874162521335,140962
english_avg_grade,RandomForest,84.99817073170732,84.90874162521335,140962
english_avg_grade,RandomForest,81.60704545454546,81.88241919434557,140970
english_avg_grade,RandomForest,82.59088,81.88241919434557,140970
english_avg_grade,RandomForest,82.11390625,81.88241919434557,140970
english_avg_grade,RandomForest,80.3010625,81.88241919434557,140970
english_avg_grade,RandomForest,77.71,84.93455370757076,141010
english_avg_grade,RandomForest,76.37,84.93455370757076,141010
english_avg_grade,RandomForest,76.79,84.93455370757076,141010
english_avg_grade,RandomForest,84.06,84.93455370757076,141010
english_avg_grade,RandomForest,86.164,86.73528781355648,141028
english_avg_grade,RandomForest,88.74,86.73528781355648,141028
english_avg_grade,RandomForest,85.13499999999999,86.73528781355648,141028
english_avg_grade,RandomForest,87.30322033898305,86.73528781355648,141028
english_avg_grade,RandomForest,82.13692307692307,85.55026496278604,141101
english_avg_grade,RandomForest,82.7184,85.55026496278604,141101
english_avg_grade,RandomForest,81.06296875000001,85.55026496278604,141101
english_avg_grade,RandomForest,79.03696428571428,85.55026496278604,141101
english_avg_grade,RandomForest,85.7055737704918,79.01726824917564,141119
english_avg_grade,RandomForest,88.39631578947369,82.93008829678143,141168
english_avg_grade,RandomForest,84.398,82.93008829678143,141168
english_avg_grade,RandomForest,85.02512195121952,82.93008829678143,141168
english_avg_grade,RandomForest,86.6359574468085,82.93008829678143,141168
english_avg_grade,RandomForest,85.57142857142857,83.61080789170124,141176
english_avg_grade,RandomForest,85.51085365853659,83.61080789170124,141176
english_avg_grade,RandomForest,84.99789999999999,83.61080789170124,141176
english_avg_grade,RandomForest,85.67045454545455,83.61080789170124,141176
english_avg_grade,RandomForest,75.15,81.17871527176366,141291
english_avg_grade,RandomForest,83.53,81.17871527176366,141291
english_avg_grade,RandomForest,77.79176470588236,81.17871527176366,141291
english_avg_grade,RandomForest,82.15717948717949,81.17871527176366,141291
english_avg_grade,RandomForest,79.29958762886598,83.07616719647612,141309
english_avg_grade,RandomForest,81.30014285714286,83.07616719647612,141309
english_avg_grade,RandomForest,83.4581679389313,83.07616719647612,141309
english_avg_grade,RandomForest,80.42461538461536,83.07616719647612,141309
english_avg_grade,RandomForest,84.18593220338984,82.89007771014423,141390
english_avg_grade,RandomForest,87.66777777777777,82.89007771014423,141390
english_avg_grade,RandomForest,86.19238805970149,82.89007771014423,141390
english_avg_grade,RandomForest,84.09460526315789,82.89007771014423,141390
english_avg_grade,RandomForest,76.14622950819673,84.61718893663839,141499
english_avg_grade,RandomForest,78.14,84.61718893663839,141499
english_avg_grade,RandomForest,78.124,84.61718893663839,141499
english_avg_grade,RandomForest,80.04767441860464,84.61718893663839,141499
english_avg_grade,RandomForest,85.986875,87.55523982754964,141549
english_avg_grade,RandomForest,82.9234375,87.55523982754964,141549
english_avg_grade,RandomForest,87.24097560975609,87.55523982754964,141549
english_avg_grade,RandomForest,87.09800000000001,87.55523982754964,141549
english_avg_grade,RandomForest,70.10179487179487,82.53871847528586,141739
english_avg_grade,RandomForest,70.08315789473684,82.53871847528586,141739
english_avg_grade,RandomForest,73.48272727272729,82.53871847528586,141739
english_avg_grade,RandomForest,78.835,82.53871847528586,141739
english_avg_grade,RandomForest,91.41,85.87689663824825,141754
english_avg_grade,RandomForest,88.85,85.87689663824825,141754
english_avg_grade,RandomForest,91.25,85.87689663824825,141754
english_avg_grade,RandomForest,94.2,85.87689663824825,141754
english_avg_grade,RandomForest,73.91,79.65713161769204,141861
english_avg_grade,RandomForest,80.74483870967742,80.75352361085253,141978
english_avg_grade,RandomForest,86.06,80.75352361085253,141978
english_avg_grade,RandomForest,83.96000000000001,80.75352361085253,141978
english_avg_grade,RandomForest,79.90322580645162,80.75352361085253,141978
english_avg_grade,RandomForest,76.71,78.98881654064321,141994
english_avg_grade,RandomForest,85.09,81.1463091872568,142034
english_avg_grade,RandomForest,78.67,81.68773195792835,142166
english_avg_grade,RandomForest,82.24119999999999,81.68773195792835,142166
english_avg_grade,RandomForest,79.86,81.68773195792835,142166
english_avg_grade,RandomForest,82.71,81.68773195792835,142166
english_avg_grade,RandomForest,86.7,80.46595002562748,142174
english_avg_grade,RandomForest,87.46000000000001,80.46595002562748,142174
english_avg_grade,RandomForest,88.95,80.46595002562748,142174
english_avg_grade,RandomForest,87.61,80.46595002562748,142174
english_avg_grade,RandomForest,82.47,79.56255743958457,142265
english_avg_grade,RandomForest,75.89,79.56255743958457,142265
english_avg_grade,RandomForest,82.29703703703704,79.56255743958457,142265
english_avg_grade,RandomForest,80.345,79.56255743958457,142265
english_avg_grade,RandomForest,80.43608695652173,86.62879503337759,142281
english_avg_grade,RandomForest,82.09,86.62879503337759,142281
english_avg_grade,RandomForest,78.33,86.62879503337759,142281
english_avg_grade,RandomForest,81.0,86.62879503337759,142281
english_avg_grade,RandomForest,82.58,74.86735886842322,142323
english_avg_grade,RandomForest,92.82,88.01219541288575,144097
english_avg_grade,RandomForest,93.3,88.01219541288575,144097
english_avg_grade,RandomForest,92.32,88.01219541288575,144097
english_avg_grade,RandomForest,92.55,88.01219541288575,144097
english_avg_grade,RandomForest,78.6127777777778,77.40915431108618,144212
english_avg_grade,RandomForest,80.0505,77.40915431108618,144212
english_avg_grade,RandomForest,79.425,77.40915431108618,144212
english_avg_grade,RandomForest,77.58500000000001,77.40915431108618,144212
english_avg_grade,RandomForest,90.05,87.1422820553772,144220
english_avg_grade,RandomForest,91.1,87.1422820553772,144220
english_avg_grade,RandomForest,90.99,87.1422820553772,144220
english_avg_grade,RandomForest,89.34,87.1422820553772,144220
english_avg_grade,RandomForest,87.79117437722418,87.15284174342919,144329
english_avg_grade,RandomForest,88.68671641791045,87.15284174342919,144329
english_avg_grade,RandomForest,88.6612937062937,87.15284174342919,144329
english_avg_grade,RandomForest,88.84353333333334,87.15284174342919,144329
english_avg_grade,RandomForest,87.17418604651164,83.57155584116566,144337
english_avg_grade,RandomForest,86.57081395348837,83.57155584116566,144337
english_avg_grade,RandomForest,84.80021505376344,83.57155584116566,144337
english_avg_grade,RandomForest,85.12918604651163,83.57155584116566,144337
english_avg_grade,RandomForest,80.25,83.701326752739,144428
english_avg_grade,RandomForest,81.65540983606557,83.701326752739,144428
english_avg_grade,RandomForest,85.88,83.701326752739,144428
english_avg_grade,RandomForest,79.17969696969698,83.701326752739,144428
english_avg_grade,RandomForest,84.1905487804878,85.6542688878792,144501
english_avg_grade,RandomForest,87.16522935779817,85.6542688878792,144501
english_avg_grade,RandomForest,85.39834394904457,85.6542688878792,144501
english_avg_grade,RandomForest,86.51875,85.6542688878792,144501
english_avg_grade,RandomForest,67.33,79.6874300092619,144592
english_avg_grade,RandomForest,70.5,79.6874300092619,144592
english_avg_grade,RandomForest,84.38023809523808,82.4808320298958,144600
english_avg_grade,RandomForest,88.18,82.4808320298958,144600
english_avg_grade,RandomForest,88.83000000000001,82.4808320298958,144600
english_avg_grade,RandomForest,90.08,82.4808320298958,144600
english_avg_grade,RandomForest,82.92473451327433,86.39698166730855,144675
english_avg_grade,RandomForest,83.11921933085502,86.39698166730855,144675
english_avg_grade,RandomForest,84.92497382198952,86.39698166730855,144675
english_avg_grade,RandomForest,87.05327014218008,86.39698166730855,144675
english_avg_grade,RandomForest,81.8444,86.63656239143097,144683
english_avg_grade,RandomForest,83.66223175965665,86.63656239143097,144683
english_avg_grade,RandomForest,84.86876666666667,86.63656239143097,144683
english_avg_grade,RandomForest,85.06502202643173,86.63656239143097,144683
english_avg_grade,RandomForest,85.577,84.09354894634598,144691
english_avg_grade,RandomForest,86.41441176470589,84.09354894634598,144691
english_avg_grade,RandomForest,84.11441860465116,84.09354894634598,144691
english_avg_grade,RandomForest,86.09766666666665,84.09354894634598,144691
english_avg_grade,RandomForest,88.8376712328767,85.32568630002848,144717
english_avg_grade,RandomForest,88.55058823529411,85.32568630002848,144717
english_avg_grade,RandomForest,85.3109375,85.32568630002848,144717
english_avg_grade,RandomForest,87.77561983471075,85.32568630002848,144717
english_avg_grade,RandomForest,84.65710280373833,86.28330370426565,144741
english_avg_grade,RandomForest,86.61388349514563,86.28330370426565,144741
english_avg_grade,RandomForest,85.0378947368421,86.28330370426565,144741
english_avg_grade,RandomForest,86.62412371134022,86.28330370426565,144741
english_avg_grade,RandomForest,78.55344827586208,81.71809185882991,144758
english_avg_grade,RandomForest,75.5,81.71809185882991,144758
english_avg_grade,RandomForest,92.7,84.73330954604572,144766
english_avg_grade,RandomForest,92.84,84.73330954604572,144766
english_avg_grade,RandomForest,90.55711111111113,84.73330954604572,144766
english_avg_grade,RandomForest,90.349,84.73330954604572,144766
english_avg_grade,RandomForest,74.89941176470587,79.22445249620647,148056
english_avg_grade,RandomForest,75.4918888888889,79.22445249620647,148056
english_avg_grade,RandomForest,79.264,79.22445249620647,148056
english_avg_grade,RandomForest,79.17582417582418,79.22445249620647,148056
english_avg_grade,RandomForest,73.964,79.18626570780464,148080
english_avg_grade,RandomForest,76.02605633802817,79.18626570780464,148080
english_avg_grade,RandomForest,74.90142857142858,79.18626570780464,148080
english_avg_grade,RandomForest,79.10264705882352,79.18626570780464,148080
english_avg_grade,RandomForest,90.92235294117648,87.99805120554807,160242
english_avg_grade,RandomForest,87.62666666666667,87.99805120554807,160242
english_avg_grade,RandomForest,86.50526315789475,87.99805120554807,160242
english_avg_grade,RandomForest,88.92965517241379,87.99805120554807,160242
english_avg_grade,RandomForest,82.57799999999999,83.19979664396253,160259
english_avg_grade,RandomForest,84.5392,83.19979664396253,160259
english_avg_grade,RandomForest,81.68333333333332,83.19979664396253,160259
english_avg_grade,RandomForest,82.39391304347826,83.19979664396253,160259
english_avg_grade,RandomForest,80.46,83.79924265627356,160416
english_avg_grade,RandomForest,89.48,83.79924265627356,160416
english_avg_grade,RandomForest,88.27,83.79924265627356,160416
english_avg_grade,RandomForest,86.17,83.79924265627356,160416
english_avg_grade,RandomForest,73.16765027322404,82.53802181747402,160432
english_avg_grade,RandomForest,73.13444444444445,82.53802181747402,160432
english_avg_grade,RandomForest,75.13107344632769,82.53802181747402,160432
english_avg_grade,RandomForest,77.5865909090909,82.53802181747402,160432
english_avg_grade,RandomForest,76.42,79.94273240552768,160549
english_avg_grade,RandomForest,93.44,82.59936129583099,160580
english_avg_grade,RandomForest,95.0,82.59936129583099,160580
english_avg_grade,RandomForest,91.69,82.59936129583099,160580
english_avg_grade,RandomForest,91.19,82.59936129583099,160580
english_avg_grade,RandomForest,76.6,81.34660480796924,160598
english_avg_grade,RandomForest,80.79,81.34660480796924,160598
english_avg_grade,RandomForest,83.40795918367347,81.34660480796924,160598
english_avg_grade,RandomForest,79.24265306122449,80.60178127572067,160648
english_avg_grade,RandomForest,79.95958333333333,80.60178127572067,160648
english_avg_grade,RandomForest,80.71603773584906,80.60178127572067,160648
english_avg_grade,RandomForest,75.25714285714285,80.60178127572067,160648
english_avg_grade,RandomForest,90.42741573033707,85.05211566463996,165852
english_avg_grade,RandomForest,88.93271028037383,85.05211566463996,165852
english_avg_grade,RandomForest,90.3016806722689,85.05211566463996,165852
english_avg_grade,RandomForest,90.34,85.05211566463996,165852
english_avg_grade,RandomForest,92.31736842105263,82.54011614414318,166769
english_avg_grade,RandomForest,89.485,82.54011614414318,166769
english_avg_grade,RandomForest,91.088,82.54011614414318,166769
english_avg_grade,RandomForest,84.73266666666666,84.12941184960358,168419
english_avg_grade,RandomForest,83.3,84.12941184960358,168419
english_avg_grade,RandomForest,80.86533333333334,84.12941184960358,168419
english_avg_grade,RandomForest,84.28352112676056,84.12941184960358,168419
english_avg_grade,RandomForest,67.17,79.2053817324344,170035
english_avg_grade,RandomForest,72.08,79.2053817324344,170035
english_avg_grade,RandomForest,71.56,79.2053817324344,170035
english_avg_grade,RandomForest,83.95,85.36459652255631,170043
english_avg_grade,RandomForest,82.93172413793106,85.36459652255631,170043
english_avg_grade,RandomForest,79.875,85.36459652255631,170043
english_avg_grade,RandomForest,79.78721518987342,83.37907763379503,170092
english_avg_grade,RandomForest,85.39,83.37907763379503,170092
english_avg_grade,RandomForest,82.374375,83.37907763379503,170092
english_avg_grade,RandomForest,84.02313253012048,83.37907763379503,170092
english_avg_grade,RandomForest,81.18,77.4771263374661,170282
english_avg_grade,RandomForest,75.33,77.4771263374661,170282
english_avg_grade,RandomForest,75.24607142857144,76.75200390301997,170514
english_avg_grade,RandomForest,77.7948717948718,76.75200390301997,170514
english_avg_grade,RandomForest,75.58,76.75200390301997,170514
english_avg_grade,RandomForest,76.5996,76.75200390301997,170514
english_avg_grade,RandomForest,81.08450777202073,82.97297066764632,170803
english_avg_grade,RandomForest,80.53391304347825,82.97297066764632,170803
english_avg_grade,RandomForest,79.24910112359551,82.97297066764632,170803
english_avg_grade,RandomForest,82.0972340425532,82.97297066764632,170803
english_avg_grade,RandomForest,84.35513513513514,82.12866786867538,174391
english_avg_grade,RandomForest,82.48034482758622,82.12866786867538,174391
english_avg_grade,RandomForest,77.63,79.62995838907675,176487
english_avg_grade,RandomForest,76.1,79.62995838907675,176487
english_avg_grade,RandomForest,85.07000000000001,79.62995838907675,176487
english_avg_grade,RandomForest,82.42,79.62995838907675,176487
english_avg_grade,RandomForest,87.94,77.94445037515429,177295
english_avg_grade,RandomForest,83.79533980582525,82.25457505415548,180018
english_avg_grade,RandomForest,80.83816091954023,82.25457505415548,180018
english_avg_grade,RandomForest,81.2343795620438,82.25457505415548,180018
english_avg_grade,RandomForest,83.91368421052631,82.25457505415548,180018
english_avg_grade,RandomForest,93.53,83.75328716187632,180034
english_avg_grade,RandomForest,91.06,83.75328716187632,180034
english_avg_grade,RandomForest,92.8,83.75328716187632,180034
english_avg_grade,RandomForest,89.81375,83.75328716187632,180034
english_avg_grade,RandomForest,75.52,77.36826112210912,185157
english_avg_grade,RandomForest,71.45,77.36826112210912,185157
english_avg_grade,RandomForest,73.14,77.36826112210912,185157
english_avg_grade,RandomForest,69.37,77.36826112210912,185157
english_avg_grade,RandomForest,84.25615384615384,84.20033515777924,186908
english_avg_grade,RandomForest,88.29936170212765,84.20033515777924,186908
english_avg_grade,RandomForest,85.476,84.20033515777924,186908
english_avg_grade,RandomForest,89.94749999999999,84.20033515777924,186908
english_avg_grade,RandomForest,82.97666666666666,87.65341522509756,189001
english_avg_grade,RandomForest,79.466,87.65341522509756,189001
english_avg_grade,RandomForest,80.25589743589744,87.65341522509756,189001
english_avg_grade,RandomForest,84.40474576271187,81.29110785684763,189076
english_avg_grade,RandomForest,85.74112903225806,81.29110785684763,189076
english_avg_grade,RandomForest,84.28333333333333,81.29110785684763,189076
english_avg_grade,RandomForest,82.80580645161291,81.29110785684763,189076
english_avg_grade,RandomForest,90.58,82.39924463670906,189084
english_avg_grade,RandomForest,88.9,82.39924463670906,189084
english_avg_grade,RandomForest,89.42,82.39924463670906,189084
english_avg_grade,RandomForest,74.0,79.24038961932146,189092
english_avg_grade,RandomForest,89.34249999999999,83.65756413360265,193185
english_avg_grade,RandomForest,88.17652173913044,83.65756413360265,193185
english_avg_grade,RandomForest,86.33028846153844,83.65756413360265,193185
english_avg_grade,RandomForest,85.12642857142856,83.65756413360265,193185
english_avg_grade,RandomForest,82.8,83.7370206584969,199109
english_avg_grade,RandomForest,80.80923076923077,83.7370206584969,199109
english_avg_grade,RandomForest,80.95232558139534,83.7370206584969,199109
english_avg_grade,RandomForest,85.10946428571431,82.96914775472361,214007
english_avg_grade,RandomForest,82.36,82.96914775472361,214007
english_avg_grade,RandomForest,84.8978947368421,82.96914775472361,214007
english_avg_grade,RandomForest,86.8302380952381,82.96914775472361,214007
english_avg_grade,RandomForest,89.92,82.42422989892962,214098
english_avg_grade,RandomForest,90.67,82.42422989892962,214098
english_avg_grade,RandomForest,89.73,82.42422989892962,214098
english_avg_grade,RandomForest,74.54,82.42422989892962,214098
english_avg_grade,RandomForest,78.93671052631578,79.95569994262358,214262
english_avg_grade,RandomForest,84.19135135135134,81.62196225895319,227694
english_avg_grade,RandomForest,83.77,81.62196225895319,227694
english_avg_grade,RandomForest,75.19,81.62196225895319,227694
english_avg_grade,RandomForest,73.78652173913044,81.62196225895319,227694
english_avg_grade,RandomForest,84.61,78.51774700804185,234021
english_avg_grade,RandomForest,82.65615384615386,78.51774700804185,234021
english_avg_grade,RandomForest,80.35529411764706,78.51774700804185,234021
english_avg_grade,RandomForest,87.57,78.51774700804185,234021
english_avg_grade,RandomForest,86.42650793650795,87.76783660916348,237354
english_avg_grade,RandomForest,86.17588235294117,87.76783660916348,237354
english_avg_grade,RandomForest,86.00709677419354,87.76783660916348,237354
english_avg_grade,RandomForest,87.71340425531915,87.76783660916348,237354
english_avg_grade,RandomForest,88.16428571428571,83.66756805121605,238121
english_avg_grade,RandomForest,90.05180327868852,83.66756805121605,238121
english_avg_grade,RandomForest,89.00241379310344,83.66756805121605,238121
english_avg_grade,RandomForest,89.42468085106383,83.66756805121605,238121
english_avg_grade,RandomForest,88.27,80.14965253681353,238527
english_avg_grade,RandomForest,82.74684210526316,78.97811043424699,240010
english_avg_grade,RandomForest,81.46389610389609,78.97811043424699,240010
english_avg_grade,RandomForest,78.70830303030303,78.97811043424699,240010
english_avg_grade,RandomForest,80.75446927374301,78.97811043424699,240010
english_avg_grade,RandomForest,83.10833333333332,80.27905877996686,240036
english_avg_grade,RandomForest,81.21229508196721,80.27905877996686,240036
english_avg_grade,RandomForest,86.39000000000001,80.27905877996686,240036
english_avg_grade,RandomForest,79.81173913043479,80.27905877996686,240036
english_avg_grade,RandomForest,75.56652173913044,77.82660736568016,240051
english_avg_grade,RandomForest,71.65571428571428,77.82660736568016,240051
english_avg_grade,RandomForest,71.3957894736842,77.82660736568016,240051
english_avg_grade,RandomForest,74.79034482758621,77.82660736568016,240051
english_avg_grade,RandomForest,77.87632075471697,77.7480845681386,240077
english_avg_grade,RandomForest,80.27448979591837,77.7480845681386,240077
english_avg_grade,RandomForest,78.92909909909909,77.7480845681386,240077
english_avg_grade,RandomForest,79.1432380952381,77.7480845681386,240077
english_avg_grade,RandomForest,86.125,82.02606210868112,240085
english_avg_grade,RandomForest,82.78277486910994,83.6720779904253,240093
english_avg_grade,RandomForest,85.71994117647058,83.6720779904253,240093
english_avg_grade,RandomForest,83.66134146341463,83.6720779904253,240093
english_avg_grade,RandomForest,85.32801762114536,83.6720779904253,240093
english_avg_grade,RandomForest,81.52618181818183,79.45992379311207,240127
english_avg_grade,RandomForest,83.41285714285713,79.45992379311207,240127
english_avg_grade,RandomForest,79.8508695652174,79.45992379311207,240127
english_avg_grade,RandomForest,79.83166666666665,79.45992379311207,240127
english_avg_grade,RandomForest,83.47358490566039,84.96057175111785,240176
english_avg_grade,RandomForest,86.78642857142857,84.96057175111785,240176
english_avg_grade,RandomForest,81.76184210526316,84.96057175111785,240176
english_avg_grade,RandomForest,83.5,84.96057175111785,240176
english_avg_grade,RandomForest,80.4019209039548,79.30132972696858,240192
english_avg_grade,RandomForest,80.62046783625732,79.30132972696858,240192
english_avg_grade,RandomForest,80.56577540106952,79.30132972696858,240192
english_avg_grade,RandomForest,80.85111111111111,79.30132972696858,240192
english_avg_grade,RandomForest,76.54,78.71128061745277,240234
english_avg_grade,RandomForest,82.67,78.71128061745277,240234
english_avg_grade,RandomForest,77.79621212121212,78.18273037307988,240267
english_avg_grade,RandomForest,83.00073529411765,78.18273037307988,240267
english_avg_grade,RandomForest,82.37991304347825,78.18273037307988,240267
english_avg_grade,RandomForest,81.51081395348838,78.18273037307988,240267
english_avg_grade,RandomForest,85.0,80.5304477215179,240440
english_avg_grade,RandomForest,86.0776923076923,80.5304477215179,240440
english_avg_grade,RandomForest,82.2261224489796,80.5304477215179,240440
english_avg_grade,RandomForest,83.81375,80.5304477215179,240440
english_avg_grade,RandomForest,81.58031645569619,78.77511571219692,240465
english_avg_grade,RandomForest,81.1296,78.77511571219692,240465
english_avg_grade,RandomForest,78.41798449612403,78.77511571219692,240465
english_avg_grade,RandomForest,79.51137254901961,78.77511571219692,240465
english_avg_grade,RandomForest,86.09835443037974,84.69934515678668,240481
english_avg_grade,RandomForest,84.59879032258064,84.69934515678668,240481
english_avg_grade,RandomForest,84.7600977198697,84.69934515678668,240481
english_avg_grade,RandomForest,86.56490066225165,84.69934515678668,240481
english_avg_grade,RandomForest,81.43204545454546,79.91035209676141,240499
english_avg_grade,RandomForest,84.68571428571428,79.91035209676141,240499
english_avg_grade,RandomForest,84.52936170212766,79.91035209676141,240499
english_avg_grade,RandomForest,82.44039215686274,79.91035209676141,240499
english_avg_grade,RandomForest,83.17,85.39713935765052,240572
english_avg_grade,RandomForest,86.94358490566039,85.39713935765052,240572
english_avg_grade,RandomForest,85.36915254237287,85.39713935765052,240572
english_avg_grade,RandomForest,90.05999999999999,85.39713935765052,240572
english_avg_grade,RandomForest,72.92,81.0601895344929,240580
english_avg_grade,RandomForest,76.14,81.0601895344929,240580
english_avg_grade,RandomForest,87.91,81.0601895344929,240580
english_avg_grade,RandomForest,69.45,76.4798208262151,240630
english_avg_grade,RandomForest,68.53,76.4798208262151,240630
english_avg_grade,RandomForest,77.12,78.71395584930285,240655
english_avg_grade,RandomForest,77.13,78.71395584930285,240655
english_avg_grade,RandomForest,91.36,84.26095372336877,240739
english_avg_grade,RandomForest,87.71,84.26095372336877,240739
english_avg_grade,RandomForest,84.4,84.26095372336877,240739
english_avg_grade,RandomForest,85.13,84.26095372336877,240739
english_avg_grade,RandomForest,87.33333333333333,85.60361004445069,240812
english_avg_grade,RandomForest,85.78571428571429,85.60361004445069,240812
english_avg_grade,RandomForest,85.43599999999999,85.60361004445069,240812
english_avg_grade,RandomForest,86.66566666666668,85.60361004445069,240812
english_avg_grade,RandomForest,83.5855172413793,81.71384216544126,240838
english_avg_grade,RandomForest,82.86,81.71384216544126,240838
english_avg_grade,RandomForest,74.18,81.06599040022483,241026
english_avg_grade,RandomForest,83.09,87.47982635968886,241067
english_avg_grade,RandomForest,88.08,87.47982635968886,241067
english_avg_grade,RandomForest,89.19,87.47982635968886,241067
english_avg_grade,RandomForest,81.43414364640886,79.60415937961278,242073
english_avg_grade,RandomForest,82.0675167785235,79.60415937961278,242073
english_avg_grade,RandomForest,84.09093167701863,79.60415937961278,242073
english_avg_grade,RandomForest,80.38877551020408,79.60415937961278,242073
english_avg_grade,RandomForest,80.88981818181817,79.32352520500919,244103
english_avg_grade,RandomForest,82.41833333333334,79.32352520500919,244103
english_avg_grade,RandomForest,76.09232558139534,79.32352520500919,244103
english_avg_grade,RandomForest,82.83903225806452,79.32352520500919,244103
english_avg_grade,RandomForest,89.59074074074073,82.05599322391328,244111
english_avg_grade,RandomForest,86.43400000000001,82.05599322391328,244111
english_avg_grade,RandomForest,81.97129032258066,82.05599322391328,244111
english_avg_grade,RandomForest,83.4054054054054,82.05599322391328,244111
english_avg_grade,RandomForest,82.7041111111111,83.39654169324405,244152
english_avg_grade,RandomForest,84.5738028169014,83.39654169324405,244152
english_avg_grade,RandomForest,84.18057777777778,83.39654169324405,244152
english_avg_grade,RandomForest,83.31821256038647,83.39654169324405,244152
english_avg_grade,RandomForest,77.0872340425532,78.9874338690814,244210
english_avg_grade,RandomForest,80.21549019607843,78.9874338690814,244210
english_avg_grade,RandomForest,75.05615384615385,78.9874338690814,244210
english_avg_grade,RandomForest,80.60436170212765,78.9874338690814,244210
english_avg_grade,RandomForest,85.42170984455959,84.28594101344135,244285
english_avg_grade,RandomForest,86.53370558375634,84.28594101344135,244285
english_avg_grade,RandomForest,84.12780487804878,84.28594101344135,244285
english_avg_grade,RandomForest,87.98215311004785,84.28594101344135,244285
english_avg_grade,RandomForest,68.88944444444445,73.73931386728721,244343
english_avg_grade,RandomForest,68.1,73.73931386728721,244343
english_avg_grade,RandomForest,73.13021978021978,73.73931386728721,244343
english_avg_grade,RandomForest,76.34571428571428,73.73931386728721,244343
english_avg_grade,RandomForest,87.70093750000001,82.04463188794372,244368
english_avg_grade,RandomForest,87.9352205882353,82.04463188794372,244368
english_avg_grade,RandomForest,86.59229166666667,82.04463188794372,244368
english_avg_grade,RandomForest,87.75633720930233,82.04463188794372,244368
english_avg_grade,RandomForest,80.20916666666666,81.49376516819046,244384
english_avg_grade,RandomForest,79.69559322033898,81.49376516819046,244384
english_avg_grade,RandomForest,80.81369230769229,81.49376516819046,244384
english_avg_grade,RandomForest,82.05785714285715,81.49376516819046,244384
english_avg_grade,RandomForest,83.06,76.9909934315717,244400
english_avg_grade,RandomForest,79.33,76.9909934315717,244400
english_avg_grade,RandomForest,87.23139534883721,86.1504779770318,244483
english_avg_grade,RandomForest,79.11,79.76422756229702,244608
english_avg_grade,RandomForest,85.22976744186046,79.76422756229702,244608
english_avg_grade,RandomForest,83.26552631578947,79.76422756229702,244608
english_avg_grade,RandomForest,81.48,79.76422756229702,244608
english_avg_grade,RandomForest,78.6505,80.74342103533482,244624
english_avg_grade,RandomForest,72.1576923076923,80.74342103533482,244624
english_avg_grade,RandomForest,75.92,80.74342103533482,244624
english_avg_grade,RandomForest,76.5,80.74342103533482,244624
english_avg_grade,RandomForest,82.93116279069767,81.91214743208798,246983
english_avg_grade,RandomForest,79.31023809523809,81.91214743208798,246983
english_avg_grade,RandomForest,79.5360975609756,81.91214743208798,246983
english_avg_grade,RandomForest,75.46,81.91214743208798,246983
english_avg_grade,RandomForest,91.12709677419356,84.5070593062781,247015
english_avg_grade,RandomForest,94.18,84.5070593062781,247015
english_avg_grade,RandomForest,96.14,84.5070593062781,247015
english_avg_grade,RandomForest,91.43,84.5070593062781,247015
english_avg_grade,RandomForest,93.8596460176991,89.00679011107673,247023
english_avg_grade,RandomForest,92.36714285714284,89.00679011107673,247023
english_avg_grade,RandomForest,92.59987654320987,89.00679011107673,247023
english_avg_grade,RandomForest,94.24890625,89.00679011107673,247023
english_avg_grade,RandomForest,85.06460869565218,83.33030504022813,247031
english_avg_grade,RandomForest,86.13188524590164,83.33030504022813,247031
english_avg_grade,RandomForest,85.96267857142857,83.33030504022813,247031
english_avg_grade,RandomForest,86.56672268907563,83.33030504022813,247031
english_avg_grade,RandomForest,93.2335294117647,89.4301224927764,247049
english_avg_grade,RandomForest,93.32676056338028,89.4301224927764,247049
english_avg_grade,RandomForest,93.26659793814432,89.4301224927764,247049
english_avg_grade,RandomForest,90.86237288135594,89.4301224927764,247049
english_avg_grade,RandomForest,94.23179487179486,90.13164503967135,247056
english_avg_grade,RandomForest,94.35972972972974,90.13164503967135,247056
english_avg_grade,RandomForest,94.95413223140496,90.13164503967135,247056
english_avg_grade,RandomForest,92.2662385321101,90.13164503967135,247056
english_avg_grade,RandomForest,82.20542372881357,79.44650729149284,247064
english_avg_grade,RandomForest,84.09743243243243,79.44650729149284,247064
english_avg_grade,RandomForest,82.54299999999999,79.44650729149284,247064
english_avg_grade,RandomForest,82.33740259740259,79.44650729149284,247064
english_avg_grade,RandomForest,81.15212765957446,81.35516716543557,247072
english_avg_grade,RandomForest,82.87281690140844,81.35516716543557,247072
english_avg_grade,RandomForest,82.6634375,81.35516716543557,247072
english_avg_grade,RandomForest,80.8322891566265,81.35516716543557,247072
english_avg_grade,RandomForest,86.22938144329896,85.18005618815226,247080
english_avg_grade,RandomForest,82.77411764705882,85.18005618815226,247080
english_avg_grade,RandomForest,86.01208333333334,85.18005618815226,247080
english_avg_grade,RandomForest,85.7833734939759,85.18005618815226,247080
english_avg_grade,RandomForest,88.22628571428572,78.75547191506686,247098
english_avg_grade,RandomForest,85.9748780487805,78.75547191506686,247098
english_avg_grade,RandomForest,88.73,78.75547191506686,247098
english_avg_grade,RandomForest,91.43625,78.75547191506686,247098
english_avg_grade,RandomForest,89.21666666666667,84.6617586282504,247106
english_avg_grade,RandomForest,87.4312030075188,84.6617586282504,247106
english_avg_grade,RandomForest,86.50370078740157,84.6617586282504,247106
english_avg_grade,RandomForest,88.32969026548673,84.6617586282504,247106
english_avg_grade,RandomForest,70.44488636363636,73.81342847954522,247122
english_avg_grade,RandomForest,73.1381818181818,73.81342847954522,247122
english_avg_grade,RandomForest,71.89304347826086,73.81342847954522,247122
english_avg_grade,RandomForest,71.36097744360902,73.81342847954522,247122
english_avg_grade,RandomForest,76.71513043478261,76.99572255757354,247130
english_avg_grade,RandomForest,80.31488372093024,76.99572255757354,247130
english_avg_grade,RandomForest,76.59446043165468,76.99572255757354,247130
english_avg_grade,RandomForest,77.1955905511811,76.99572255757354,247130
english_avg_grade,RandomForest,73.77480620155039,76.95731544525457,247163
english_avg_grade,RandomForest,77.10470588235293,76.95731544525457,247163
english_avg_grade,RandomForest,81.45016260162602,76.95731544525457,247163
english_avg_grade,RandomForest,76.61088888888888,76.95731544525457,247163
english_avg_grade,RandomForest,85.1908695652174,83.35374700165441,247205
english_avg_grade,RandomForest,87.14085714285714,83.35374700165441,247205
english_avg_grade,RandomForest,87.045,83.35374700165441,247205
english_avg_grade,RandomForest,84.5,83.35374700165441,247205
english_avg_grade,RandomForest,72.77925925925926,77.85098193281448,247213
english_avg_grade,RandomForest,77.32575,77.85098193281448,247213
english_avg_grade,RandomForest,80.27588235294117,77.85098193281448,247213
english_avg_grade,RandomForest,71.33,77.85098193281448,247213
english_avg_grade,RandomForest,73.758,78.64431135395365,247221
english_avg_grade,RandomForest,75.53,78.64431135395365,247221
english_avg_grade,RandomForest,75.7078125,78.64431135395365,247221
english_avg_grade,RandomForest,74.78075268817204,78.64431135395365,247221
english_avg_grade,RandomForest,76.09951219512195,75.42156920473931,247239
english_avg_grade,RandomForest,77.97837209302327,76.62718276731091,247247
english_avg_grade,RandomForest,83.54296296296297,76.62718276731091,247247
english_avg_grade,RandomForest,80.39385321100917,76.62718276731091,247247
english_avg_grade,RandomForest,76.8231111111111,76.62718276731091,247247
english_avg_grade,RandomForest,75.66416666666666,76.28628393121392,247288
english_avg_grade,RandomForest,78.30434782608695,76.28628393121392,247288
english_avg_grade,RandomForest,74.75066666666666,76.28628393121392,247288
english_avg_grade,RandomForest,73.25074626865671,76.28628393121392,247288
english_avg_grade,RandomForest,69.9484,76.83487852170101,247296
english_avg_grade,RandomForest,76.66280898876404,76.83487852170101,247296
english_avg_grade,RandomForest,74.40150000000001,76.83487852170101,247296
english_avg_grade,RandomForest,73.93526315789474,76.83487852170101,247296
english_avg_grade,RandomForest,76.1010465116279,76.36298475687764,247312
english_avg_grade,RandomForest,71.49009433962264,76.36298475687764,247312
english_avg_grade,RandomForest,73.79137931034482,76.36298475687764,247312
english_avg_grade,RandomForest,71.85818181818182,76.36298475687764,247312
english_avg_grade,RandomForest,75.38645161290323,70.90791147987929,247346
english_avg_grade,RandomForest,73.02768115942028,70.90791147987929,247346
english_avg_grade,RandomForest,74.2916,70.90791147987929,247346
english_avg_grade,RandomForest,74.205,70.90791147987929,247346
english_avg_grade,RandomForest,90.12,83.7230824798812,247387
english_avg_grade,RandomForest,93.26,83.7230824798812,247387
english_avg_grade,RandomForest,91.0,83.7230824798812,247387
english_avg_grade,RandomForest,94.06,83.7230824798812,247387
english_avg_grade,RandomForest,72.35460992907801,75.89232300343014,247817
english_avg_grade,RandomForest,73.1583850931677,75.89232300343014,247817
english_avg_grade,RandomForest,71.34255813953489,75.89232300343014,247817
english_avg_grade,RandomForest,75.13978723404254,75.89232300343014,247817
english_avg_grade,RandomForest,80.52214285714285,84.09741602104286,247833
english_avg_grade,RandomForest,82.97259259259259,84.09741602104286,247833
english_avg_grade,RandomForest,78.75382352941176,84.09741602104286,247833
english_avg_grade,RandomForest,76.81563218390805,84.09741602104286,247833
english_avg_grade,RandomForest,74.69642857142857,78.45265610319046,247858
english_avg_grade,RandomForest,75.76085526315791,78.45265610319046,247858
english_avg_grade,RandomForest,78.16432624113476,78.45265610319046,247858
english_avg_grade,RandomForest,77.881015625,78.45265610319046,247858
english_avg_grade,RandomForest,77.42920704845815,77.55337272694652,247866
english_avg_grade,RandomForest,79.49595890410959,77.55337272694652,247866
english_avg_grade,RandomForest,79.72829268292683,77.55337272694652,247866
english_avg_grade,RandomForest,77.14341614906833,77.55337272694652,247866
english_avg_grade,RandomForest,75.28513513513514,73.34927773046947,247882
english_avg_grade,RandomForest,79.31529411764706,73.34927773046947,247882
english_avg_grade,RandomForest,78.65310344827586,73.34927773046947,247882
english_avg_grade,RandomForest,77.75590361445784,73.34927773046947,247882
english_avg_grade,RandomForest,81.89884057971015,77.98436045191997,248013
english_avg_grade,RandomForest,82.21162393162393,77.98436045191997,248013
english_avg_grade,RandomForest,85.20253731343283,77.98436045191997,248013
english_avg_grade,RandomForest,80.77942857142858,77.98436045191997,248013
english_avg_grade,RandomForest,74.84843589743589,74.64388755142541,248021
english_avg_grade,RandomForest,75.71219047619047,74.64388755142541,248021
english_avg_grade,RandomForest,75.44189591078066,74.64388755142541,248021
english_avg_grade,RandomForest,75.5793471810089,74.64388755142541,248021
english_avg_grade,RandomForest,77.4477551020408,79.57870653188931,248047
english_avg_grade,RandomForest,81.30637254901961,79.57870653188931,248047
english_avg_grade,RandomForest,80.74603603603603,79.57870653188931,248047
english_avg_grade,RandomForest,81.68252427184466,79.57870653188931,248047
english_avg_grade,RandomForest,82.97110091743117,79.37690271162455,248062
english_avg_grade,RandomForest,84.58831325301205,79.37690271162455,248062
english_avg_grade,RandomForest,82.15685393258426,79.37690271162455,248062
english_avg_grade,RandomForest,83.35135922330096,79.37690271162455,248062
english_avg_grade,RandomForest,66.84067669172931,77.28174348411737,248070
english_avg_grade,RandomForest,68.01551401869159,77.28174348411737,248070
english_avg_grade,RandomForest,73.30256880733944,77.28174348411737,248070
english_avg_grade,RandomForest,71.69985294117647,77.28174348411737,248070
english_avg_grade,RandomForest,78.20577669902913,75.71501814698789,248088
english_avg_grade,RandomForest,81.33379746835442,75.71501814698789,248088
english_avg_grade,RandomForest,77.65253012048193,75.71501814698789,248088
english_avg_grade,RandomForest,79.20588235294117,75.71501814698789,248088
english_avg_grade,RandomForest,69.28697674418605,75.78902797917877,248104
english_avg_grade,RandomForest,77.20327999999999,75.78902797917877,248104
english_avg_grade,RandomForest,75.38578571428572,75.78902797917877,248104
english_avg_grade,RandomForest,76.06318471337579,75.78902797917877,248104
english_avg_grade,RandomForest,78.02993288590605,78.55322236433602,248112
english_avg_grade,RandomForest,76.32598837209302,78.55322236433602,248112
english_avg_grade,RandomForest,74.85815165876777,78.55322236433602,248112
english_avg_grade,RandomForest,77.86689119170984,78.55322236433602,248112
english_avg_grade,RandomForest,73.60058823529413,75.94360973714696,248138
english_avg_grade,RandomForest,77.35860465116279,75.94360973714696,248138
english_avg_grade,RandomForest,76.41968944099379,75.94360973714696,248138
english_avg_grade,RandomForest,81.34245901639345,75.94360973714696,248138
english_avg_grade,RandomForest,75.58860962566845,78.85268887206288,248179
english_avg_grade,RandomForest,78.2568306010929,78.85268887206288,248179
english_avg_grade,RandomForest,78.9195145631068,78.85268887206288,248179
english_avg_grade,RandomForest,75.36151515151514,78.85268887206288,248179
english_avg_grade,RandomForest,76.35418604651161,77.64806922305414,248195
english_avg_grade,RandomForest,80.07229007633589,77.64806922305414,248195
english_avg_grade,RandomForest,80.03834394904459,77.64806922305414,248195
english_avg_grade,RandomForest,78.2875935828877,77.64806922305414,248195
english_avg_grade,RandomForest,85.07663366336635,77.91430786706206,248203
english_avg_grade,RandomForest,79.49560975609756,77.91430786706206,248203
english_avg_grade,RandomForest,79.90647887323945,77.91430786706206,248203
english_avg_grade,RandomForest,76.27250000000001,77.91430786706206,248203
english_avg_grade,RandomForest,80.68296296296296,74.8500724090942,248229
english_avg_grade,RandomForest,80.02807692307692,74.8500724090942,248229
english_avg_grade,RandomForest,75.8466935483871,74.8500724090942,248229
english_avg_grade,RandomForest,92.68823529411765,77.72582053988538,248260
english_avg_grade,RandomForest,90.35256756756758,77.72582053988538,248260
english_avg_grade,RandomForest,83.77919191919192,77.72582053988538,248260
english_avg_grade,RandomForest,83.98,77.72582053988538,248260
english_avg_grade,RandomForest,94.14153846153846,84.26097109137335,248278
english_avg_grade,RandomForest,94.78241379310344,84.26097109137335,248278
english_avg_grade,RandomForest,94.24896907216494,84.26097109137335,248278
english_avg_grade,RandomForest,91.585,84.26097109137335,248278
english_avg_grade,RandomForest,86.60763358778627,76.5026865036907,248302
english_avg_grade,RandomForest,88.551015625,76.5026865036907,248302
english_avg_grade,RandomForest,82.34468531468532,76.5026865036907,248302
english_avg_grade,RandomForest,83.53999999999999,76.5026865036907,248302
english_avg_grade,RandomForest,73.28394495412844,74.46401238494049,248328
english_avg_grade,RandomForest,75.02645161290322,74.46401238494049,248328
english_avg_grade,RandomForest,71.61464788732395,74.46401238494049,248328
english_avg_grade,RandomForest,76.27000000000001,74.46401238494049,248328
english_avg_grade,RandomForest,75.42283783783783,78.602689789725,248336
english_avg_grade,RandomForest,76.56370370370371,78.602689789725,248336
english_avg_grade,RandomForest,71.66111111111111,78.602689789725,248336
english_avg_grade,RandomForest,74.88137404580154,78.602689789725,248336
english_avg_grade,RandomForest,78.00140845070423,75.8633401026634,248344
english_avg_grade,RandomForest,79.98268292682927,75.8633401026634,248344
english_avg_grade,RandomForest,73.5251851851852,75.8633401026634,248344
english_avg_grade,RandomForest,70.9973831775701,75.8633401026634,248344
english_avg_grade,RandomForest,69.07341463414635,79.28087177450149,248419
english_avg_grade,RandomForest,74.88735849056604,79.28087177450149,248419
english_avg_grade,RandomForest,71.80753424657534,79.28087177450149,248419
english_avg_grade,RandomForest,76.27799999999999,79.28087177450149,248419
english_avg_grade,RandomForest,81.85703703703703,75.74006521550963,248427
english_avg_grade,RandomForest,83.83183823529411,75.74006521550963,248427
english_avg_grade,RandomForest,80.70949438202247,75.74006521550963,248427
english_avg_grade,RandomForest,82.351875,75.74006521550963,248427
english_avg_grade,RandomForest,75.06538461538462,71.39510187126422,248435
english_avg_grade,RandomForest,76.21794871794872,71.39510187126422,248435
english_avg_grade,RandomForest,74.72346153846154,71.39510187126422,248435
english_avg_grade,RandomForest,77.47425925925927,71.39510187126422,248435
english_avg_grade,RandomForest,83.249875,77.50660011786762,248443
english_avg_grade,RandomForest,83.60426470588236,77.50660011786762,248443
english_avg_grade,RandomForest,86.66961538461538,77.50660011786762,248443
english_avg_grade,RandomForest,86.12303370786518,77.50660011786762,248443
english_avg_grade,RandomForest,80.2074358974359,76.51449570042881,248534
english_avg_grade,RandomForest,82.68278481012659,76.51449570042881,248534
english_avg_grade,RandomForest,81.88945054945056,76.51449570042881,248534
english_avg_grade,RandomForest,77.43011904761904,76.51449570042881,248534
english_avg_grade,RandomForest,78.29161290322581,79.45537335114832,248559
english_avg_grade,RandomForest,79.95444444444443,79.45537335114832,248559
english_avg_grade,RandomForest,81.68649253731343,79.45537335114832,248559
english_avg_grade,RandomForest,79.99791666666667,79.45537335114832,248559
english_avg_grade,RandomForest,80.16438271604937,76.46734696429328,248575
english_avg_grade,RandomForest,79.7333962264151,76.46734696429328,248575
english_avg_grade,RandomForest,79.43508928571428,76.46734696429328,248575
english_avg_grade,RandomForest,78.98476190476191,76.46734696429328,248575
english_avg_grade,RandomForest,75.45980392156864,77.00954978769845,248583
english_avg_grade,RandomForest,79.7966265060241,77.00954978769845,248583
english_avg_grade,RandomForest,79.496,77.00954978769845,248583
english_avg_grade,RandomForest,78.76981042654029,77.00954978769845,248583
english_avg_grade,RandomForest,78.51132743362832,78.29582644962707,248625
english_avg_grade,RandomForest,81.74666666666666,78.29582644962707,248625
english_avg_grade,RandomForest,80.07061983471074,78.29582644962707,248625
english_avg_grade,RandomForest,79.94863813229573,78.29582644962707,248625
english_avg_grade,RandomForest,79.96717647058824,78.24584874134128,248641
english_avg_grade,RandomForest,77.01139130434782,78.24584874134128,248641
english_avg_grade,RandomForest,78.96165048543689,78.24584874134128,248641
english_avg_grade,RandomForest,79.24219512195123,78.24584874134128,248641
english_avg_grade,RandomForest,68.7675,73.59454144178972,248666
english_avg_grade,RandomForest,66.25317073170731,73.59454144178972,248666
english_avg_grade,RandomForest,69.40483146067416,73.59454144178972,248666
english_avg_grade,RandomForest,72.22511904761905,73.59454144178972,248666
english_avg_grade,RandomForest,68.31229508196722,72.21151394114288,248674
english_avg_grade,RandomForest,72.35622641509433,72.21151394114288,248674
english_avg_grade,RandomForest,67.48166666666667,72.21151394114288,248674
english_avg_grade,RandomForest,72.02923076923076,72.21151394114288,248674
english_avg_grade,RandomForest,83.51308943089431,83.52945401988266,248690
english_avg_grade,RandomForest,83.61008695652174,83.52945401988266,248690
english_avg_grade,RandomForest,85.08428571428573,83.52945401988266,248690
english_avg_grade,RandomForest,80.49495798319327,83.52945401988266,248690
english_avg_grade,RandomForest,82.33444444444444,79.57037907562858,248724
english_avg_grade,RandomForest,85.11375,79.57037907562858,248724
english_avg_grade,RandomForest,87.60538461538461,79.57037907562858,248724
english_avg_grade,RandomForest,86.08485714285715,79.57037907562858,248724
english_avg_grade,RandomForest,78.03123076923077,77.91093859507878,248740
english_avg_grade,RandomForest,79.15820652173912,77.91093859507878,248740
english_avg_grade,RandomForest,80.12660256410257,77.91093859507878,248740
english_avg_grade,RandomForest,73.9598969072165,77.91093859507878,248740
english_avg_grade,RandomForest,94.22444444444446,78.88726463530851,248757
english_avg_grade,RandomForest,89.13,78.88726463530851,248757
english_avg_grade,RandomForest,71.67,75.93058766241984,248781
english_avg_grade,RandomForest,71.76,75.93058766241984,248781
english_avg_grade,RandomForest,62.17,75.93058766241984,248781
english_avg_grade,RandomForest,62.7,75.93058766241984,248781
english_avg_grade,RandomForest,83.89745762711865,84.09701031547853,248823
english_avg_grade,RandomForest,85.85093023255814,84.09701031547853,248823
english_avg_grade,RandomForest,89.43747899159665,84.09701031547853,248823
english_avg_grade,RandomForest,91.14490384615384,84.09701031547853,248823
english_avg_grade,RandomForest,76.58361809045226,76.40297846352037,249037
english_avg_grade,RandomForest,78.90633802816902,76.40297846352037,249037
english_avg_grade,RandomForest,80.79773333333333,76.40297846352037,249037
english_avg_grade,RandomForest,81.15266666666666,76.40297846352037,249037
english_avg_grade,RandomForest,75.99375,77.08730210381067,249094
english_avg_grade,RandomForest,79.49873333333333,77.08730210381067,249094
english_avg_grade,RandomForest,78.7368253968254,77.08730210381067,249094
english_avg_grade,RandomForest,81.25339285714286,77.08730210381067,249094
english_avg_grade,RandomForest,85.62042105263157,76.16590738992895,249110
english_avg_grade,RandomForest,88.17432432432433,76.16590738992895,249110
english_avg_grade,RandomForest,82.62559322033898,76.16590738992895,249110
english_avg_grade,RandomForest,77.92371428571428,76.16590738992895,249110
english_avg_grade,RandomForest,72.29473684210527,78.15411182965579,249193
english_avg_grade,RandomForest,75.95434782608696,78.15411182965579,249193
english_avg_grade,RandomForest,76.08262626262626,78.15411182965579,249193
english_avg_grade,RandomForest,75.00255102040816,78.15411182965579,249193
english_avg_grade,RandomForest,71.53449152542373,71.94577116527387,249235
english_avg_grade,RandomForest,73.27759689922482,71.94577116527387,249235
english_avg_grade,RandomForest,73.58109589041096,71.94577116527387,249235
english_avg_grade,RandomForest,73.73744186046511,71.94577116527387,249235
english_avg_grade,RandomForest,69.24459016393443,72.21668333709697,249250
english_avg_grade,RandomForest,72.71220338983052,72.21668333709697,249250
english_avg_grade,RandomForest,69.94327272727273,72.21668333709697,249250
english_avg_grade,RandomForest,72.13226415094339,72.21668333709697,249250
english_avg_grade,RandomForest,90.20915966386552,78.28312644345698,249284
english_avg_grade,RandomForest,89.9240127388535,78.28312644345698,249284
english_avg_grade,RandomForest,88.54740540540541,78.28312644345698,249284
english_avg_grade,RandomForest,72.82804878048779,77.55346567404882,249300
english_avg_grade,RandomForest,69.26020202020202,77.55346567404882,249300
english_avg_grade,RandomForest,66.5075,77.55346567404882,249300
english_avg_grade,RandomForest,63.22574712643677,77.55346567404882,249300
english_avg_grade,RandomForest,66.78999999999999,73.79830121774894,249318
english_avg_grade,RandomForest,75.0,73.79830121774894,249318
english_avg_grade,RandomForest,70.0,73.79830121774894,249318
english_avg_grade,RandomForest,74.95,73.79830121774894,249318
english_avg_grade,RandomForest,82.56739130434782,80.27084148218981,260059
english_avg_grade,RandomForest,82.20724137931033,80.27084148218981,260059
english_avg_grade,RandomForest,79.68671232876713,80.27084148218981,260059
english_avg_grade,RandomForest,82.13000000000001,80.27084148218981,260059
english_avg_grade,RandomForest,85.0695652173913,83.15866765891693,260067
english_avg_grade,RandomForest,84.42120000000001,83.15866765891693,260067
english_avg_grade,RandomForest,86.06483870967743,83.15866765891693,260067
english_avg_grade,RandomForest,85.59070422535211,83.15866765891693,260067
english_avg_grade,RandomForest,86.83412213740458,83.98748839687462,260091
english_avg_grade,RandomForest,86.37565517241379,83.98748839687462,260091
english_avg_grade,RandomForest,83.93672839506173,83.98748839687462,260091
english_avg_grade,RandomForest,81.46333333333334,83.98748839687462,260091
english_avg_grade,RandomForest,82.31658730158729,83.77505469542655,260109
english_avg_grade,RandomForest,82.96457627118644,83.77505469542655,260109
english_avg_grade,RandomForest,83.81535714285714,83.77505469542655,260109
english_avg_grade,RandomForest,86.38135593220339,83.77505469542655,260109
english_avg_grade,RandomForest,85.3598795180723,84.19357866982189,260125
english_avg_grade,RandomForest,86.64556962025317,84.19357866982189,260125
english_avg_grade,RandomForest,85.33511627906977,84.19357866982189,260125
english_avg_grade,RandomForest,86.77318181818181,84.19357866982189,260125
english_avg_grade,RandomForest,80.58583333333334,81.55656842760561,260133
english_avg_grade,RandomForest,78.90861111111111,81.55656842760561,260133
english_avg_grade,RandomForest,84.07102040816325,81.55656842760561,260133
english_avg_grade,RandomForest,83.56413043478261,81.55656842760561,260133
english_avg_grade,RandomForest,83.5409411764706,85.15115318585458,260182
english_avg_grade,RandomForest,82.13149606299211,85.15115318585458,260182
english_avg_grade,RandomForest,82.66131386861314,85.15115318585458,260182
english_avg_grade,RandomForest,80.44715328467153,85.15115318585458,260182
english_avg_grade,RandomForest,84.71104000000001,82.18307070681911,260232
english_avg_grade,RandomForest,85.87117117117118,82.18307070681911,260232
english_avg_grade,RandomForest,87.80381679389312,82.18307070681911,260232
english_avg_grade,RandomForest,82.73513157894736,82.18307070681911,260232
english_avg_grade,RandomForest,85.49362068965517,83.49091456980682,260240
english_avg_grade,RandomForest,83.89696969696969,83.49091456980682,260240
english_avg_grade,RandomForest,86.135,83.49091456980682,260240
english_avg_grade,RandomForest,88.7,83.49091456980682,260240
english_avg_grade,RandomForest,87.50343283582089,84.19689346684473,260257
english_avg_grade,RandomForest,86.97746835443037,84.19689346684473,260257
english_avg_grade,RandomForest,86.04829931972787,84.19689346684473,260257
english_avg_grade,RandomForest,85.72192052980132,84.19689346684473,260257
english_avg_grade,RandomForest,81.16893442622951,83.7920034870662,260307
english_avg_grade,RandomForest,84.33823529411765,83.7920034870662,260307
english_avg_grade,RandomForest,82.87655172413794,83.7920034870662,260307
english_avg_grade,RandomForest,84.54616541353383,83.7920034870662,260307
english_avg_grade,RandomForest,83.11,83.07825309392024,260331
english_avg_grade,RandomForest,84.60732283464566,83.07825309392024,260331
english_avg_grade,RandomForest,83.60132743362831,83.07825309392024,260331
english_avg_grade,RandomForest,82.37385826771654,83.07825309392024,260331
english_avg_grade,RandomForest,84.71125683060109,82.6721710467624,260489
english_avg_grade,RandomForest,83.56612716763006,82.6721710467624,260489
english_avg_grade,RandomForest,83.12523178807947,82.6721710467624,260489
english_avg_grade,RandomForest,84.533125,82.6721710467624,260489
english_avg_grade,RandomForest,71.74,79.18644453056376,260497
english_avg_grade,RandomForest,73.82,79.18644453056376,260497
english_avg_grade,RandomForest,71.94,79.18644453056376,260497
english_avg_grade,RandomForest,72.24,79.18644453056376,260497
english_avg_grade,RandomForest,85.10155555555555,83.00019372268235,261065
english_avg_grade,RandomForest,84.79292307692309,83.00019372268235,261065
english_avg_grade,RandomForest,86.83441860465116,83.00019372268235,261065
english_avg_grade,RandomForest,84.85331034482758,83.00019372268235,261065
english_avg_grade,RandomForest,81.13285714285715,80.30680752848717,270025
english_avg_grade,RandomForest,79.41261194029852,80.30680752848717,270025
english_avg_grade,RandomForest,78.99102564102564,80.30680752848717,270025
english_avg_grade,RandomForest,78.95503703703704,80.30680752848717,270025
english_avg_grade,RandomForest,79.98273504273504,77.41107239538516,270033
english_avg_grade,RandomForest,84.30058139534884,77.41107239538516,270033
english_avg_grade,RandomForest,81.88683544303797,77.41107239538516,270033
english_avg_grade,RandomForest,85.97430555555555,77.41107239538516,270033
english_avg_grade,RandomForest,79.98732456140351,79.57123858527201,270041
english_avg_grade,RandomForest,78.04687969924812,79.57123858527201,270041
english_avg_grade,RandomForest,77.4831417624521,79.57123858527201,270041
english_avg_grade,RandomForest,77.87927927927929,79.57123858527201,270041
english_avg_grade,RandomForest,86.13587096774194,83.88058265685176,270140
english_avg_grade,RandomForest,84.53597701149425,83.88058265685176,270140
english_avg_grade,RandomForest,84.2840909090909,83.88058265685176,270140
english_avg_grade,RandomForest,84.88275862068966,83.88058265685176,270140
english_avg_grade,RandomForest,76.45793478260869,78.27817647292392,270157
english_avg_grade,RandomForest,73.65670454545455,78.27817647292392,270157
english_avg_grade,RandomForest,74.32172839506174,78.27817647292392,270157
english_avg_grade,RandomForest,72.80551020408164,78.27817647292392,270157
english_avg_grade,RandomForest,66.65,76.58081589321364,270223
english_avg_grade,RandomForest,72.92,76.58081589321364,270223
english_avg_grade,RandomForest,73.67,76.58081589321364,270223
english_avg_grade,RandomForest,72.90333333333334,76.58081589321364,270223
english_avg_grade,RandomForest,73.65048387096775,79.09263508591494,270280
english_avg_grade,RandomForest,77.25386666666667,79.09263508591494,270280
english_avg_grade,RandomForest,82.32545454545453,79.09263508591494,270280
english_avg_grade,RandomForest,75.9632142857143,79.09263508591494,270280
english_avg_grade,RandomForest,86.37711999999999,82.31855222534297,270298
english_avg_grade,RandomForest,84.45581395348837,82.31855222534297,270298
english_avg_grade,RandomForest,83.78811475409837,82.31855222534297,270298
english_avg_grade,RandomForest,85.50735714285715,82.31855222534297,270298
english_avg_grade,RandomForest,86.44938775510205,79.7274580167038,270801
english_avg_grade,RandomForest,87.45859649122808,79.7274580167038,270801
english_avg_grade,RandomForest,85.6779069767442,79.7274580167038,270801
english_avg_grade,RandomForest,87.1893220338983,79.7274580167038,270801
english_avg_grade,RandomForest,74.27666666666667,77.04813352092465,277012
english_avg_grade,RandomForest,72.10666666666667,77.04813352092465,277012
english_avg_grade,RandomForest,76.25104166666667,77.04813352092465,277012
english_avg_grade,RandomForest,73.85125000000001,77.04813352092465,277012
english_avg_grade,RandomForest,65.87746268656717,73.95817138343115,278010
english_avg_grade,RandomForest,69.7032,73.95817138343115,278010
english_avg_grade,RandomForest,69.17972972972974,73.95817138343115,278010
english_avg_grade,RandomForest,65.7575,73.95817138343115,278010
english_avg_grade,RandomForest,80.81430656934306,79.55328831289104,278028
english_avg_grade,RandomForest,79.0144,79.55328831289104,278028
english_avg_grade,RandomForest,78.42906976744186,79.55328831289104,278028
english_avg_grade,RandomForest,80.05855072463768,79.55328831289104,278028
english_avg_grade,RandomForest,77.63336633663366,78.30204751896011,278283
english_avg_grade,RandomForest,79.10467741935483,78.30204751896011,278283
english_avg_grade,RandomForest,78.81631578947368,78.30204751896011,278283
english_avg_grade,RandomForest,77.607880794702,78.30204751896011,278283
english_avg_grade,RandomForest,81.26164383561644,79.68463403528557,280032
english_avg_grade,RandomForest,78.67875816993462,79.68463403528557,280032
english_avg_grade,RandomForest,80.78513333333333,79.68463403528557,280032
english_avg_grade,RandomForest,79.93027027027027,79.68463403528557,280032
english_avg_grade,RandomForest,85.60604545454547,85.29088321776807,280057
english_avg_grade,RandomForest,83.83243119266055,85.29088321776807,280057
english_avg_grade,RandomForest,83.37192771084338,85.29088321776807,280057
english_avg_grade,RandomForest,84.01688212927756,85.29088321776807,280057
english_avg_grade,RandomForest,83.93617021276596,83.97655334727484,280115
english_avg_grade,RandomForest,80.29729729729729,83.97655334727484,280115
english_avg_grade,RandomForest,80.66416666666667,83.97655334727484,280115
english_avg_grade,RandomForest,80.526,83.97655334727484,280115
english_avg_grade,RandomForest,66.54769230769232,76.79474002667315,288019
english_avg_grade,RandomForest,68.3290909090909,76.79474002667315,288019
english_avg_grade,RandomForest,68.70159090909091,76.79474002667315,288019
english_avg_grade,RandomForest,68.71175824175825,76.79474002667315,288019
english_avg_grade,RandomForest,86.69,83.9334221250902,288134
english_avg_grade,RandomForest,86.09,83.9334221250902,288134
english_avg_grade,RandomForest,89.79,83.9334221250902,288134
english_avg_grade,RandomForest,77.64,82.2334591911263,338095
english_avg_grade,RandomForest,88.81333333333333,82.2334591911263,338095
english_avg_grade,RandomForest,81.95,82.2334591911263,338095
english_avg_grade,RandomForest,85.61692307692309,82.2334591911263,338095
english_avg_grade,RandomForest,87.81,80.98405128039205,338129
english_avg_grade,RandomForest,85.74,80.98405128039205,338129
english_avg_grade,RandomForest,81.5,80.98405128039205,338129
english_avg_grade,RandomForest,91.63,80.98405128039205,338129
english_avg_grade,RandomForest,75.59,81.81873766973584,338418
english_avg_grade,RandomForest,75.865,81.81873766973584,338418
english_avg_grade,RandomForest,70.53,81.81873766973584,338418
english_avg_grade,RandomForest,76.3011320754717,81.81873766973584,338418
english_avg_grade,RandomForest,77.96655172413794,81.71712852552695,338616
english_avg_grade,RandomForest,80.89,81.71712852552695,338616
english_avg_grade,RandomForest,59.55,76.25497216597246,338657
english_avg_grade,RandomForest,72.5552,76.25497216597246,338657
english_avg_grade,RandomForest,71.97238410596026,76.25497216597246,338657
english_avg_grade,RandomForest,92.45,83.56167226542648,338715
english_avg_grade,RandomForest,80.15,78.2063704808055,338772
english_avg_grade,RandomForest,83.29,78.2063704808055,338772
english_avg_grade,RandomForest,77.94,78.2063704808055,338772
english_avg_grade,RandomForest,83.69970873786407,84.2455888975723,340018
english_avg_grade,RandomForest,85.6292926045016,84.2455888975723,340018
english_avg_grade,RandomForest,85.35796561604585,84.2455888975723,340018
english_avg_grade,RandomForest,85.1567474048443,84.2455888975723,340018
english_avg_grade,RandomForest,81.01403908794789,80.84977692747424,340034
english_avg_grade,RandomForest,83.88157593123209,80.84977692747424,340034
english_avg_grade,RandomForest,83.39025210084033,80.84977692747424,340034
english_avg_grade,RandomForest,83.0410736196319,80.84977692747424,340034
english_avg_grade,RandomForest,73.31,76.67510611984412,340042
english_avg_grade,RandomForest,76.47,76.67510611984412,340042
english_avg_grade,RandomForest,77.21,76.67510611984412,340042
english_avg_grade,RandomForest,70.03551724137931,76.67510611984412,340042
english_avg_grade,RandomForest,81.79328205128205,85.81636580209324,340059
english_avg_grade,RandomForest,84.94075,85.81636580209324,340059
english_avg_grade,RandomForest,83.74538922155689,85.81636580209324,340059
english_avg_grade,RandomForest,84.6322891566265,85.81636580209324,340059
english_avg_grade,RandomForest,78.75911764705882,82.02435440231382,340091
english_avg_grade,RandomForest,80.50326086956521,82.02435440231382,340091
english_avg_grade,RandomForest,79.88684210526316,82.02435440231382,340091
english_avg_grade,RandomForest,80.8296,82.02435440231382,340091
english_avg_grade,RandomForest,77.68268041237113,84.02830528001083,340109
english_avg_grade,RandomForest,80.59,84.02830528001083,340109
english_avg_grade,RandomForest,81.75,84.02830528001083,340109
english_avg_grade,RandomForest,82.08571428571429,84.02830528001083,340109
english_avg_grade,RandomForest,85.76027027027028,80.30743137378657,340117
english_avg_grade,RandomForest,85.26106267029972,80.30743137378657,340117
english_avg_grade,RandomForest,84.33174285714286,80.30743137378657,340117
english_avg_grade,RandomForest,85.91767123287671,80.30743137378657,340117
english_avg_grade,RandomForest,82.151,82.01535187304913,340125
english_avg_grade,RandomForest,84.26,82.01535187304913,340125
english_avg_grade,RandomForest,81.15454545454546,82.01535187304913,340125
english_avg_grade,RandomForest,82.57000000000001,82.01535187304913,340125
english_avg_grade,RandomForest,83.75183783783784,81.60388913421775,340133
english_avg_grade,RandomForest,84.59090452261307,81.60388913421775,340133
english_avg_grade,RandomForest,85.87624365482235,81.60388913421775,340133
english_avg_grade,RandomForest,82.28716738197426,81.60388913421775,340133
english_avg_grade,RandomForest,83.17266666666667,82.79967232131656,340158
english_avg_grade,RandomForest,81.95321739130434,82.79967232131656,340158
english_avg_grade,RandomForest,78.0968148148148,82.79967232131656,340158
english_avg_grade,RandomForest,82.19134453781513,82.79967232131656,340158
english_avg_grade,RandomForest,87.974,81.58726661000347,340166
english_avg_grade,RandomForest,82.08666666666666,81.58726661000347,340166
english_avg_grade,RandomForest,81.5936170212766,81.58726661000347,340166
english_avg_grade,RandomForest,86.31083333333333,81.58726661000347,340166
english_avg_grade,RandomForest,76.03447154471544,77.64031817587343,340174
english_avg_grade,RandomForest,76.44222222222223,77.64031817587343,340174
english_avg_grade,RandomForest,79.1790625,77.64031817587343,340174
english_avg_grade,RandomForest,78.30504,77.64031817587343,340174
english_avg_grade,RandomForest,83.06406451612904,83.07229141092208,340190
english_avg_grade,RandomForest,82.43182481751825,83.07229141092208,340190
english_avg_grade,RandomForest,80.2982269503546,83.07229141092208,340190
english_avg_grade,RandomForest,83.77405594405595,83.07229141092208,340190
english_avg_grade,RandomForest,83.48732394366198,82.84918342497862,340208
english_avg_grade,RandomForest,83.66574803149605,82.84918342497862,340208
english_avg_grade,RandomForest,83.07960893854748,82.84918342497862,340208
english_avg_grade,RandomForest,84.16733333333333,82.84918342497862,340208
english_avg_grade,RandomForest,86.38619047619046,87.78345114374815,340216
english_avg_grade,RandomForest,88.30689737470166,87.78345114374815,340216
english_avg_grade,RandomForest,87.85613744075829,87.78345114374815,340216
english_avg_grade,RandomForest,88.7820930232558,87.78345114374815,340216
english_avg_grade,RandomForest,88.47022222222222,82.36347352389693,340232
english_avg_grade,RandomForest,90.17571428571428,82.36347352389693,340232
english_avg_grade,RandomForest,88.42999999999999,82.36347352389693,340232
english_avg_grade,RandomForest,88.99923076923078,82.36347352389693,340232
english_avg_grade,RandomForest,87.5111111111111,82.11770572162648,340240
english_avg_grade,RandomForest,90.5,82.11770572162648,340240
english_avg_grade,RandomForest,89.29,82.11770572162648,340240
english_avg_grade,RandomForest,86.30871794871794,82.11770572162648,340240
english_avg_grade,RandomForest,85.36009463722397,83.14720649543573,340281
english_avg_grade,RandomForest,85.85401812688822,83.14720649543573,340281
english_avg_grade,RandomForest,86.10635014836795,83.14720649543573,340281
english_avg_grade,RandomForest,86.10539568345325,83.14720649543573,340281
english_avg_grade,RandomForest,83.32061224489796,82.25584710443366,340315
english_avg_grade,RandomForest,83.51247706422019,82.25584710443366,340315
english_avg_grade,RandomForest,83.43644859813085,82.25584710443366,340315
english_avg_grade,RandomForest,82.62536398467432,82.25584710443366,340315
english_avg_grade,RandomForest,86.14877358490567,85.23947426527428,340331
english_avg_grade,RandomForest,87.38205479452054,85.23947426527428,340331
english_avg_grade,RandomForest,87.32281690140846,85.23947426527428,340331
english_avg_grade,RandomForest,87.77686567164179,85.23947426527428,340331
english_avg_grade,RandomForest,81.31622448979591,76.77023171011923,340349
english_avg_grade,RandomForest,84.42303030303032,76.77023171011923,340349
english_avg_grade,RandomForest,83.78462365591398,76.77023171011923,340349
english_avg_grade,RandomForest,77.0,78.80289341231044,340356
english_avg_grade,RandomForest,86.25,78.80289341231044,340356
english_avg_grade,RandomForest,87.64,78.80289341231044,340356
english_avg_grade,RandomForest,83.12858695652174,81.5417167959713,340380
english_avg_grade,RandomForest,86.96666666666667,81.5417167959713,340380
english_avg_grade,RandomForest,84.4825925925926,81.5417167959713,340380
english_avg_grade,RandomForest,83.08863636363637,81.5417167959713,340380
english_avg_grade,RandomForest,86.73,85.96744167362948,340596
english_avg_grade,RandomForest,80.75,85.96744167362948,340596
english_avg_grade,RandomForest,82.83,85.96744167362948,340596
english_avg_grade,RandomForest,74.655,77.36267379622338,340612
english_avg_grade,RandomForest,76.61,77.36267379622338,340612
english_avg_grade,RandomForest,77.67,77.36267379622338,340612
english_avg_grade,RandomForest,86.0,77.23432454903279,340646
english_avg_grade,RandomForest,79.91,79.25553923790633,340653
english_avg_grade,RandomForest,71.44,79.25553923790633,340653
english_avg_grade,RandomForest,81.82,79.25553923790633,340653
english_avg_grade,RandomForest,73.78,79.25553923790633,340653
english_avg_grade,RandomForest,88.66799999999999,83.17487344121602,340737
english_avg_grade,RandomForest,88.69962962962963,83.17487344121602,340737
english_avg_grade,RandomForest,89.95,83.17487344121602,340737
english_avg_grade,RandomForest,87.7540625,83.17487344121602,340737
english_avg_grade,RandomForest,74.5,79.6735814673725,340778
english_avg_grade,RandomForest,77.83,79.6735814673725,340778
english_avg_grade,RandomForest,89.09,78.2193763012392,342170
english_avg_grade,RandomForest,76.02402654867257,73.62836301347706,342352
english_avg_grade,RandomForest,72.34916666666668,73.62836301347706,342352
english_avg_grade,RandomForest,74.17634703196346,73.62836301347706,342352
english_avg_grade,RandomForest,71.65769230769232,73.62836301347706,342352
english_avg_grade,RandomForest,77.87395833333333,78.41903447727589,344101
english_avg_grade,RandomForest,82.87157894736842,78.41903447727589,344101
english_avg_grade,RandomForest,82.334,78.41903447727589,344101
english_avg_grade,RandomForest,78.22942857142857,78.41903447727589,344101
english_avg_grade,RandomForest,82.91947368421053,80.47777228793889,344150
english_avg_grade,RandomForest,82.91666666666667,80.47777228793889,344150
english_avg_grade,RandomForest,83.1164705882353,80.47777228793889,344150
english_avg_grade,RandomForest,89.82133333333333,80.47777228793889,344150
english_avg_grade,RandomForest,80.58938775510204,81.86197486904467,344200
english_avg_grade,RandomForest,82.108,81.86197486904467,344200
english_avg_grade,RandomForest,82.87816326530611,81.86197486904467,344200
english_avg_grade,RandomForest,78.98575342465753,81.86197486904467,344200
english_avg_grade,RandomForest,78.77741071428571,78.22756626659485,344234
english_avg_grade,RandomForest,74.39982608695652,78.22756626659485,344234
english_avg_grade,RandomForest,76.39,78.22756626659485,344234
english_avg_grade,RandomForest,72.4072,78.22756626659485,344234
english_avg_grade,RandomForest,74.77,82.98777476036835,344382
english_avg_grade,RandomForest,76.55771929824562,82.98777476036835,344382
english_avg_grade,RandomForest,72.72435483870967,82.98777476036835,344382
english_avg_grade,RandomForest,76.5043373493976,82.98777476036835,344382
english_avg_grade,RandomForest,82.69279279279279,78.59686313904632,344416
english_avg_grade,RandomForest,85.01212765957447,78.59686313904632,344416
english_avg_grade,RandomForest,84.66985915492957,78.59686313904632,344416
english_avg_grade,RandomForest,81.9300495049505,78.59686313904632,344416
english_avg_grade,RandomForest,73.9021582733813,77.84142645659776,344440
english_avg_grade,RandomForest,76.39105263157894,77.84142645659776,344440
english_avg_grade,RandomForest,74.2674358974359,77.84142645659776,344440
english_avg_grade,RandomForest,78.89488372093022,77.84142645659776,344440
english_avg_grade,RandomForest,78.73,80.08645412034448,344473
english_avg_grade,RandomForest,83.09774193548387,80.08645412034448,344473
english_avg_grade,RandomForest,77.83533333333334,79.26374107031498,344572
english_avg_grade,RandomForest,84.38419354838709,79.26374107031498,344572
english_avg_grade,RandomForest,76.29,79.26374107031498,344572
english_avg_grade,RandomForest,75.49846153846154,79.26374107031498,344572
english_avg_grade,RandomForest,86.15,79.34965917794021,344580
english_avg_grade,RandomForest,77.54,81.65198164459873,344598
english_avg_grade,RandomForest,83.0,81.65198164459873,344598
english_avg_grade,RandomForest,76.67,81.65198164459873,344598
english_avg_grade,RandomForest,82.71393103448275,85.81045643773462,344911
english_avg_grade,RandomForest,97.46,85.24092924609971,346494
english_avg_grade,RandomForest,92.07,85.24092924609971,346494
english_avg_grade,RandomForest,86.71,85.24092924609971,346494
english_avg_grade,RandomForest,94.09,85.24092924609971,346494
english_avg_grade,RandomForest,79.18,79.28551887472132,346932
english_avg_grade,RandomForest,81.07000000000001,79.28551887472132,346932
english_avg_grade,RandomForest,91.65561151079136,86.5100950587997,347013
english_avg_grade,RandomForest,91.32677852348992,86.5100950587997,347013
english_avg_grade,RandomForest,92.8872972972973,86.5100950587997,347013
english_avg_grade,RandomForest,91.59601265822783,86.5100950587997,347013
english_avg_grade,RandomForest,91.85149253731343,82.3690424533349,347021
english_avg_grade,RandomForest,92.7616304347826,82.3690424533349,347021
english_avg_grade,RandomForest,94.64217391304348,82.3690424533349,347021
english_avg_grade,RandomForest,91.41887640449438,82.3690424533349,347021
english_avg_grade,RandomForest,84.24285714285713,85.83359762498212,347039
english_avg_grade,RandomForest,87.3876923076923,85.83359762498212,347039
english_avg_grade,RandomForest,88.23940298507462,85.83359762498212,347039
english_avg_grade,RandomForest,87.65086956521739,85.83359762498212,347039
english_avg_grade,RandomForest,84.61341880341881,77.15951977267724,347054
english_avg_grade,RandomForest,83.34573913043478,77.15951977267724,347054
english_avg_grade,RandomForest,76.43716494845361,77.15951977267724,347054
english_avg_grade,RandomForest,77.179649122807,77.15951977267724,347054
english_avg_grade,RandomForest,69.83283582089553,73.73852874775544,347062
english_avg_grade,RandomForest,75.36206349206348,73.73852874775544,347062
english_avg_grade,RandomForest,92.08773480662984,82.816102686582,347070
english_avg_grade,RandomForest,93.99546875,82.816102686582,347070
english_avg_grade,RandomForest,92.16776595744682,82.816102686582,347070
english_avg_grade,RandomForest,91.54248780487804,82.816102686582,347070
english_avg_grade,RandomForest,80.59857142857143,78.79377143470376,347096
english_avg_grade,RandomForest,76.89800000000001,78.79377143470376,347096
english_avg_grade,RandomForest,75.0095744680851,78.79377143470376,347096
english_avg_grade,RandomForest,73.78865168539326,78.79377143470376,347096
english_avg_grade,RandomForest,77.56962962962962,78.21992827546191,347112
english_avg_grade,RandomForest,75.38026548672566,78.21992827546191,347112
english_avg_grade,RandomForest,73.89,76.1906744399762,348037
english_avg_grade,RandomForest,72.98435684647303,76.1906744399762,348037
english_avg_grade,RandomForest,74.13682291666667,76.1906744399762,348037
english_avg_grade,RandomForest,70.057,76.1906744399762,348037
english_avg_grade,RandomForest,80.2955294117647,81.93129565814304,348185
english_avg_grade,RandomForest,79.0354491017964,81.93129565814304,348185
english_avg_grade,RandomForest,81.07979057591623,81.93129565814304,348185
english_avg_grade,RandomForest,77.48571428571428,81.93129565814304,348185
english_avg_grade,RandomForest,78.83,78.99840709192435,348193
english_avg_grade,RandomForest,81.83433333333333,78.99840709192435,348193
english_avg_grade,RandomForest,82.17533333333333,78.99840709192435,348193
english_avg_grade,RandomForest,78.67653846153847,78.99840709192435,348193
english_avg_grade,RandomForest,69.77448598130842,77.53465283553008,348201
english_avg_grade,RandomForest,63.68191489361703,77.53465283553008,348201
english_avg_grade,RandomForest,66.89390243902439,77.53465283553008,348201
english_avg_grade,RandomForest,65.61469879518073,77.53465283553008,348201
english_avg_grade,RandomForest,70.81761904761905,77.55577966606648,348227
english_avg_grade,RandomForest,75.48337931034483,77.55577966606648,348227
english_avg_grade,RandomForest,75.51342657342657,77.55577966606648,348227
english_avg_grade,RandomForest,75.0844171779141,77.55577966606648,348227
english_avg_grade,RandomForest,72.6061403508772,76.34993824150283,348250
english_avg_grade,RandomForest,67.857578125,76.34993824150283,348250
english_avg_grade,RandomForest,70.47294964028777,76.34993824150283,348250
english_avg_grade,RandomForest,68.03992481203008,76.34993824150283,348250
english_avg_grade,RandomForest,75.08736111111111,75.75166505496814,348318
english_avg_grade,RandomForest,75.23115384615384,75.75166505496814,348318
english_avg_grade,RandomForest,77.3393373493976,75.75166505496814,348318
english_avg_grade,RandomForest,76.17492424242424,75.75166505496814,348318
english_avg_grade,RandomForest,88.18182795698925,86.82633526204246,348342
english_avg_grade,RandomForest,89.14307692307693,86.82633526204246,348342
english_avg_grade,RandomForest,90.23514851485147,86.82633526204246,348342
english_avg_grade,RandomForest,91.28842696629214,86.82633526204246,348342
english_avg_grade,RandomForest,87.07461538461538,84.54252844443273,349928
english_avg_grade,RandomForest,90.152,84.54252844443273,349928
english_avg_grade,RandomForest,85.38,84.54252844443273,349928
english_avg_grade,RandomForest,87.48999999999998,84.54252844443273,349928
english_avg_grade,RandomForest,82.72170212765958,77.81531097316459,353581
english_avg_grade,RandomForest,84.92682926829268,77.81531097316459,353581
english_avg_grade,RandomForest,80.01454545454546,77.81531097316459,353581
english_avg_grade,RandomForest,79.54746478873241,77.81531097316459,353581
english_avg_grade,RandomForest,89.36,84.8624125818734,353599
english_avg_grade,RandomForest,89.27,84.8624125818734,353599
english_avg_grade,RandomForest,92.34,84.8624125818734,353599
english_avg_grade,RandomForest,86.34915492957747,85.83687468968479,356212
english_avg_grade,RandomForest,87.06545454545454,85.83687468968479,356212
english_avg_grade,RandomForest,86.80617117117117,85.83687468968479,356212
english_avg_grade,RandomForest,87.50060465116279,85.83687468968479,356212
english_avg_grade,RandomForest,79.72606060606061,77.72425940165712,359323
english_avg_grade,RandomForest,79.67745762711864,77.72425940165712,359323
english_avg_grade,RandomForest,76.21999999999998,77.72425940165712,359323
english_avg_grade,RandomForest,74.78685714285714,77.72425940165712,359323
english_avg_grade,RandomForest,85.626,84.0414278658564,360040
english_avg_grade,RandomForest,85.21815789473685,84.0414278658564,360040
english_avg_grade,RandomForest,85.32212290502794,84.0414278658564,360040
english_avg_grade,RandomForest,85.66349206349206,84.0414278658564,360040
english_avg_grade,RandomForest,86.4736559139785,84.39524399728498,360123
english_avg_grade,RandomForest,86.32508333333334,84.39524399728498,360123
english_avg_grade,RandomForest,87.06754901960784,84.39524399728498,360123
english_avg_grade,RandomForest,88.9877205882353,84.39524399728498,360123
english_avg_grade,RandomForest,83.91976744186047,77.83145712696991,360149
english_avg_grade,RandomForest,84.60631578947368,77.83145712696991,360149
english_avg_grade,RandomForest,83.49825000000001,77.83145712696991,360149
english_avg_grade,RandomForest,83.17141304347827,77.83145712696991,360149
english_avg_grade,RandomForest,86.32601265822785,84.7302180925287,360222
english_avg_grade,RandomForest,87.13842767295597,84.7302180925287,360222
english_avg_grade,RandomForest,86.42298850574713,84.7302180925287,360222
english_avg_grade,RandomForest,88.32986301369863,84.7302180925287,360222
english_avg_grade,RandomForest,69.89,81.80763301587895,360503
english_avg_grade,RandomForest,78.69,81.80763301587895,360503
english_avg_grade,RandomForest,78.64,81.80763301587895,360503
english_avg_grade,RandomForest,82.44,81.80763301587895,360503
english_avg_grade,RandomForest,70.18,78.47432145453914,366856
english_avg_grade,RandomForest,88.48390804597702,86.92788838820432,370049
english_avg_grade,RandomForest,88.58701030927836,86.92788838820432,370049
english_avg_grade,RandomForest,87.78434782608696,86.92788838820432,370049
english_avg_grade,RandomForest,87.65899999999999,86.92788838820432,370049
english_avg_grade,RandomForest,78.38304347826087,82.6146513740729,370072
english_avg_grade,RandomForest,80.20575630252101,82.6146513740729,370072
english_avg_grade,RandomForest,80.88064056939501,82.6146513740729,370072
english_avg_grade,RandomForest,78.92172535211267,82.6146513740729,370072
english_avg_grade,RandomForest,74.34958762886599,78.6751575404289,370122
english_avg_grade,RandomForest,77.28713235294117,78.6751575404289,370122
english_avg_grade,RandomForest,75.00078740157481,78.6751575404289,370122
english_avg_grade,RandomForest,79.43235294117648,78.6751575404289,370122
english_avg_grade,RandomForest,70.24579710144927,75.33960409668883,370155
english_avg_grade,RandomForest,67.06,75.33960409668883,370155
english_avg_grade,RandomForest,72.46829787234043,75.33960409668883,370155
english_avg_grade,RandomForest,74.0539393939394,75.33960409668883,370155
english_avg_grade,RandomForest,78.60511627906976,74.83045954904705,370254
english_avg_grade,RandomForest,79.38088235294117,74.83045954904705,370254
english_avg_grade,RandomForest,77.63560975609757,74.83045954904705,370254
english_avg_grade,RandomForest,81.63857142857144,74.83045954904705,370254
english_avg_grade,RandomForest,74.46141025641025,82.42665215246261,370304
english_avg_grade,RandomForest,80.51282051282051,82.42665215246261,370304
english_avg_grade,RandomForest,85.54102564102566,82.42665215246261,370304
english_avg_grade,RandomForest,76.4316923076923,82.42665215246261,370304
english_avg_grade,RandomForest,83.9112162162162,81.11876249688818,370312
english_avg_grade,RandomForest,84.97486928104574,81.11876249688818,370312
english_avg_grade,RandomForest,83.82742765273312,81.11876249688818,370312
english_avg_grade,RandomForest,84.05667910447761,81.11876249688818,370312
english_avg_grade,RandomForest,88.46871165644173,84.31552926866566,370395
english_avg_grade,RandomForest,87.4037125748503,84.31552926866566,370395
english_avg_grade,RandomForest,86.42633187772927,84.31552926866566,370395
english_avg_grade,RandomForest,85.67166666666667,84.31552926866566,370395
english_avg_grade,RandomForest,74.94173913043478,76.934944974778,370494
english_avg_grade,RandomForest,75.70625,76.934944974778,370494
english_avg_grade,RandomForest,74.44762376237625,76.934944974778,370494
english_avg_grade,RandomForest,75.66169230769229,76.934944974778,370494
english_avg_grade,RandomForest,84.69800000000001,79.93699106802461,370551
english_avg_grade,RandomForest,87.72972972972973,79.93699106802461,370551
english_avg_grade,RandomForest,85.38977272727273,79.93699106802461,370551
english_avg_grade,RandomForest,83.84627118644069,78.52583073557632,372243
english_avg_grade,RandomForest,87.83237288135594,78.52583073557632,372243
english_avg_grade,RandomForest,84.09,79.74380111563883,372946
english_avg_grade,RandomForest,75.17,79.74380111563883,372946
english_avg_grade,RandomForest,81.61,79.74380111563883,372946
english_avg_grade,RandomForest,81.15,78.83836552132503,372953
english_avg_grade,RandomForest,90.17,78.83836552132503,372953
english_avg_grade,RandomForest,85.73,79.80784953131474,373142
english_avg_grade,RandomForest,70.08,81.23396245505732,373357
english_avg_grade,RandomForest,78.29,81.23396245505732,373357
english_avg_grade,RandomForest,81.21,81.23396245505732,373357
english_avg_grade,RandomForest,92.85,85.17928297469498,374249
english_avg_grade,RandomForest,92.72,85.17928297469498,374249
english_avg_grade,RandomForest,70.02695652173914,77.92244994098836,378018
english_avg_grade,RandomForest,75.33882352941177,77.92244994098836,378018
english_avg_grade,RandomForest,77.44886597938144,77.92244994098836,378018
english_avg_grade,RandomForest,78.47922279792746,77.92244994098836,378018
english_avg_grade,RandomForest,72.53972972972974,77.00445612977741,378075
english_avg_grade,RandomForest,70.7,77.00445612977741,378075
english_avg_grade,RandomForest,74.72225,77.00445612977741,378075
english_avg_grade,RandomForest,71.69,77.00445612977741,378075
english_avg_grade,RandomForest,93.2,82.90445327846496,378117
english_avg_grade,RandomForest,94.44,82.90445327846496,378117
english_avg_grade,RandomForest,91.1902777777778,82.90445327846496,378117
english_avg_grade,RandomForest,94.54,82.90445327846496,378117
english_avg_grade,RandomForest,84.42745614035087,80.19005373646493,380022
english_avg_grade,RandomForest,82.79752808988765,80.19005373646493,380022
english_avg_grade,RandomForest,83.99135135135135,80.19005373646493,380022
english_avg_grade,RandomForest,86.12589473684211,80.19005373646493,380022
english_avg_grade,RandomForest,77.51663793103448,81.37915390061877,380030
english_avg_grade,RandomForest,80.15315789473684,81.37915390061877,380030
english_avg_grade,RandomForest,80.49682352941176,81.37915390061877,380030
english_avg_grade,RandomForest,78.40260355029586,81.37915390061877,380030
english_avg_grade,RandomForest,79.15148936170213,74.62100856880919,380048
english_avg_grade,RandomForest,82.19607843137256,74.62100856880919,380048
english_avg_grade,RandomForest,80.80450980392156,74.62100856880919,380048
english_avg_grade,RandomForest,83.62981481481482,74.62100856880919,380048
english_avg_grade,RandomForest,82.44423076923077,81.96750923728914,380055
english_avg_grade,RandomForest,80.73508771929824,81.96750923728914,380055
english_avg_grade,RandomForest,76.85799999999999,81.96750923728914,380055
english_avg_grade,RandomForest,83.040625,81.96750923728914,380055
english_avg_grade,RandomForest,81.08,81.42205375412924,384016
english_avg_grade,RandomForest,85.21,81.42205375412924,384016
english_avg_grade,RandomForest,89.17999999999999,81.42205375412924,384016
english_avg_grade,RandomForest,91.28388059701491,81.42205375412924,384016
english_avg_grade,RandomForest,77.0235135135135,85.12848927867897,410001
english_avg_grade,RandomForest,80.39,85.12848927867897,410001
english_avg_grade,RandomForest,69.35,85.12848927867897,410001
english_avg_grade,RandomForest,78.63070175438597,85.12848927867897,410001
english_avg_grade,RandomForest,77.52529411764705,79.96878898131281,410076
english_avg_grade,RandomForest,85.61999999999999,79.96878898131281,410076
english_avg_grade,RandomForest,72.90984615384615,78.10325883586178,417204
english_avg_grade,RandomForest,69.38727272727273,78.10325883586178,417204
english_avg_grade,RandomForest,66.67508474576272,78.10325883586178,417204
english_avg_grade,RandomForest,65.59304347826087,78.10325883586178,417204
english_avg_grade,RandomForest,85.70524590163936,86.00455658578109,420018
english_avg_grade,RandomForest,85.07000000000001,87.35495801793247,420026
english_avg_grade,RandomForest,82.52,87.35495801793247,420026
english_avg_grade,RandomForest,87.91432432432433,87.35495801793247,420026
english_avg_grade,RandomForest,83.40984848484848,85.40519622142367,420489
english_avg_grade,RandomForest,81.96873333333335,85.40519622142367,420489
english_avg_grade,RandomForest,81.41664516129032,85.40519622142367,420489
english_avg_grade,RandomForest,80.73476470588236,85.40519622142367,420489
english_avg_grade,RandomForest,85.40165584415584,85.07226775877558,440016
english_avg_grade,RandomForest,85.72308970099668,85.07226775877558,440016
english_avg_grade,RandomForest,85.58785714285715,85.07226775877558,440016
english_avg_grade,RandomForest,87.18968197879859,85.07226775877558,440016
english_avg_grade,RandomForest,89.94527659574467,85.70593441297585,440024
english_avg_grade,RandomForest,89.99719008264462,85.70593441297585,440024
english_avg_grade,RandomForest,90.01126637554586,85.70593441297585,440024
english_avg_grade,RandomForest,89.28991631799164,85.70593441297585,440024
english_avg_grade,RandomForest,80.5,81.99163245440815,440040
english_avg_grade,RandomForest,87.0654347826087,81.99163245440815,440040
english_avg_grade,RandomForest,83.59234042553192,81.99163245440815,440040
english_avg_grade,RandomForest,86.27799999999999,81.99163245440815,440040
english_avg_grade,RandomForest,88.34991253644316,86.10316973986035,440065
english_avg_grade,RandomForest,85.28351791530945,86.10316973986035,440065
english_avg_grade,RandomForest,87.6981350482315,86.10316973986035,440065
english_avg_grade,RandomForest,85.56856697819315,86.10316973986035,440065
english_avg_grade,RandomForest,75.99886792452831,78.49367456457081,440073
english_avg_grade,RandomForest,80.08266666666667,78.49367456457081,440073
english_avg_grade,RandomForest,80.93,78.49367456457081,440073
english_avg_grade,RandomForest,79.25896551724139,78.49367456457081,440073
english_avg_grade,RandomForest,84.85318584070797,84.16330082982805,440081
english_avg_grade,RandomForest,88.0225581395349,84.16330082982805,440081
english_avg_grade,RandomForest,87.65776649746194,84.16330082982805,440081
english_avg_grade,RandomForest,86.145530726257,84.16330082982805,440081
english_avg_grade,RandomForest,81.60155660377357,84.96161608861688,440099
english_avg_grade,RandomForest,82.65622448979592,84.96161608861688,440099
english_avg_grade,RandomForest,82.14404166666667,84.96161608861688,440099
english_avg_grade,RandomForest,81.65224899598394,84.96161608861688,440099
english_avg_grade,RandomForest,85.02341085271318,85.66487588658114,440107
english_avg_grade,RandomForest,85.61548589341692,85.66487588658114,440107
english_avg_grade,RandomForest,85.6849295774648,85.66487588658114,440107
english_avg_grade,RandomForest,85.12306859205776,85.66487588658114,440107
english_avg_grade,RandomForest,86.67754716981132,82.01207698658929,440115
english_avg_grade,RandomForest,86.95664634146341,82.01207698658929,440115
english_avg_grade,RandomForest,85.2916091954023,82.01207698658929,440115
english_avg_grade,RandomForest,84.6177192982456,82.01207698658929,440115
english_avg_grade,RandomForest,81.25107142857142,84.13283113743972,440131
english_avg_grade,RandomForest,85.6075,84.13283113743972,440131
english_avg_grade,RandomForest,83.82953846153846,84.13283113743972,440131
english_avg_grade,RandomForest,85.8263076923077,84.13283113743972,440131
english_avg_grade,RandomForest,86.39266666666667,82.84896655346905,440149
english_avg_grade,RandomForest,85.07167999999999,82.84896655346905,440149
english_avg_grade,RandomForest,84.09233333333333,82.84896655346905,440149
english_avg_grade,RandomForest,84.94780487804879,82.84896655346905,440149
english_avg_grade,RandomForest,76.47827868852458,81.62696956091536,440156
english_avg_grade,RandomForest,78.46378378378378,81.62696956091536,440156
english_avg_grade,RandomForest,79.64475247524753,81.62696956091536,440156
english_avg_grade,RandomForest,80.739375,81.62696956091536,440156
english_avg_grade,RandomForest,85.4036082474227,86.94022368255794,440172
english_avg_grade,RandomForest,85.2052813852814,86.94022368255794,440172
english_avg_grade,RandomForest,84.95026200873363,86.94022368255794,440172
english_avg_grade,RandomForest,85.34852320675105,86.94022368255794,440172
english_avg_grade,RandomForest,85.96953781512605,85.27208322192165,440180
english_avg_grade,RandomForest,86.17781690140845,85.27208322192165,440180
english_avg_grade,RandomForest,86.08330827067668,85.27208322192165,440180
english_avg_grade,RandomForest,87.18669014084506,85.27208322192165,440180
english_avg_grade,RandomForest,85.31846153846155,81.78644031802283,440198
english_avg_grade,RandomForest,85.66153846153846,81.78644031802283,440198
english_avg_grade,RandomForest,84.85393103448276,81.78644031802283,440198
english_avg_grade,RandomForest,82.2172049689441,81.78644031802283,440198
english_avg_grade,RandomForest,87.15508064516129,87.27087612657533,440214
english_avg_grade,RandomForest,91.26491379310345,87.27087612657533,440214
english_avg_grade,RandomForest,90.2539024390244,87.27087612657533,440214
english_avg_grade,RandomForest,88.65245283018868,87.27087612657533,440214
english_avg_grade,RandomForest,87.93430147058822,86.32935565798905,440248
english_avg_grade,RandomForest,86.32660777385159,86.32935565798905,440248
english_avg_grade,RandomForest,86.35680981595091,86.32935565798905,440248
english_avg_grade,RandomForest,89.33385365853658,86.32935565798905,440248
english_avg_grade,RandomForest,85.15519230769232,81.99528738973213,440255
english_avg_grade,RandomForest,89.05,81.99528738973213,440255
english_avg_grade,RandomForest,83.21,81.99528738973213,440255
english_avg_grade,RandomForest,86.7442372881356,81.99528738973213,440255
english_avg_grade,RandomForest,84.41591836734693,86.40235845314761,440289
english_avg_grade,RandomForest,85.33802419354839,86.40235845314761,440289
english_avg_grade,RandomForest,83.9907986111111,86.40235845314761,440289
english_avg_grade,RandomForest,84.90176125244619,86.40235845314761,440289
english_avg_grade,RandomForest,88.32267605633803,87.54670699024865,440297
english_avg_grade,RandomForest,86.716,87.54670699024865,440297
english_avg_grade,RandomForest,84.61499999999998,87.54670699024865,440297
english_avg_grade,RandomForest,87.28507042253523,87.54670699024865,440297
english_avg_grade,RandomForest,72.83,78.94773927019878,440305
english_avg_grade,RandomForest,86.17823529411766,86.91578012697852,440313
english_avg_grade,RandomForest,86.90894736842104,86.91578012697852,440313
english_avg_grade,RandomForest,83.10755813953489,86.91578012697852,440313
english_avg_grade,RandomForest,84.93364705882352,86.91578012697852,440313
english_avg_grade,RandomForest,85.01527272727273,85.71657155243776,440339
english_avg_grade,RandomForest,82.9604081632653,85.71657155243776,440339
english_avg_grade,RandomForest,84.43661971830986,85.71657155243776,440339
english_avg_grade,RandomForest,81.65685714285713,85.71657155243776,440339
english_avg_grade,RandomForest,87.1441935483871,84.7740809621167,440347
english_avg_grade,RandomForest,89.156,84.7740809621167,440347
english_avg_grade,RandomForest,82.48051948051948,84.7740809621167,440347
english_avg_grade,RandomForest,85.76,84.7740809621167,440347
english_avg_grade,RandomForest,73.8,77.27284055181138,440354
english_avg_grade,RandomForest,67.7,77.27284055181138,440354
english_avg_grade,RandomForest,68.53,77.27284055181138,440354
english_avg_grade,RandomForest,67.63,77.27284055181138,440354
english_avg_grade,RandomForest,83.4982857142857,85.97335007438645,440362
english_avg_grade,RandomForest,85.11901960784313,85.97335007438645,440362
english_avg_grade,RandomForest,80.51777777777778,85.97335007438645,440362
english_avg_grade,RandomForest,84.95,85.97335007438645,440362
english_avg_grade,RandomForest,84.71285714285713,85.50080195374731,440370
english_avg_grade,RandomForest,86.13434782608695,85.50080195374731,440370
english_avg_grade,RandomForest,83.49774193548386,85.50080195374731,440370
english_avg_grade,RandomForest,89.81142857142858,85.50080195374731,440370
english_avg_grade,RandomForest,90.29093023255814,87.29413340939178,440388
english_avg_grade,RandomForest,88.22612903225807,87.29413340939178,440388
english_avg_grade,RandomForest,88.389,87.29413340939178,440388
english_avg_grade,RandomForest,87.67566666666667,87.29413340939178,440388
english_avg_grade,RandomForest,79.0,78.24107944843657,440446
english_avg_grade,RandomForest,79.11153846153846,78.24107944843657,440446
english_avg_grade,RandomForest,85.17128834355827,85.59549412244438,440479
english_avg_grade,RandomForest,89.21518518518519,85.59549412244438,440479
english_avg_grade,RandomForest,87.07610169491525,85.59549412244438,440479
english_avg_grade,RandomForest,82.00546875,85.59549412244438,440479
english_avg_grade,RandomForest,77.74117647058824,82.41310612378079,440487
english_avg_grade,RandomForest,76.38864406779662,82.41310612378079,440487
english_avg_grade,RandomForest,80.90660377358489,82.41310612378079,440487
english_avg_grade,RandomForest,80.6376923076923,82.41310612378079,440487
english_avg_grade,RandomForest,76.09666666666666,81.8458284667497,440495
english_avg_grade,RandomForest,76.0988,81.8458284667497,440495
english_avg_grade,RandomForest,75.20586206896553,81.8458284667497,440495
english_avg_grade,RandomForest,66.53,81.8458284667497,440495
english_avg_grade,RandomForest,87.0016,84.82845207811981,440503
english_avg_grade,RandomForest,91.33,84.82845207811981,440503
english_avg_grade,RandomForest,82.2060465116279,84.82845207811981,440503
english_avg_grade,RandomForest,87.04568181818182,84.82845207811981,440503
english_avg_grade,RandomForest,74.6435294117647,81.09076274193977,440545
english_avg_grade,RandomForest,77.54067901234568,81.09076274193977,440545
english_avg_grade,RandomForest,79.39665094339622,81.09076274193977,440545
english_avg_grade,RandomForest,77.69286516853933,81.09076274193977,440545
english_avg_grade,RandomForest,77.65204081632653,80.17085270463917,440560
english_avg_grade,RandomForest,77.41282608695651,80.17085270463917,440560
english_avg_grade,RandomForest,78.29592592592593,80.17085270463917,440560
english_avg_grade,RandomForest,80.07730769230768,80.17085270463917,440560
english_avg_grade,RandomForest,77.0,82.96007299265023,440586
english_avg_grade,RandomForest,78.18,82.96007299265023,440586
english_avg_grade,RandomForest,71.44,82.96007299265023,440586
english_avg_grade,RandomForest,81.68,82.96007299265023,440586
english_avg_grade,RandomForest,92.18,81.08800430951945,440677
english_avg_grade,RandomForest,88.85,81.08800430951945,440677
english_avg_grade,RandomForest,85.90814814814814,86.02974011578416,440834
english_avg_grade,RandomForest,87.19728971962617,86.02974011578416,440834
english_avg_grade,RandomForest,81.5614393939394,86.02974011578416,440834
english_avg_grade,RandomForest,84.60113043478262,86.02974011578416,440834
english_avg_grade,RandomForest,82.95671378091873,84.76788790748562,440875
english_avg_grade,RandomForest,83.82981818181818,84.76788790748562,440875
english_avg_grade,RandomForest,84.21573770491803,84.76788790748562,440875
english_avg_grade,RandomForest,84.56567307692308,84.76788790748562,440875
english_avg_grade,RandomForest,84.6775,85.91070253228925,440883
english_avg_grade,RandomForest,88.35741935483871,85.91070253228925,440883
english_avg_grade,RandomForest,79.90202898550724,85.91070253228925,440883
english_avg_grade,RandomForest,86.49430769230769,85.91070253228925,440883
english_avg_grade,RandomForest,80.4720731707317,83.34983500785104,440909
english_avg_grade,RandomForest,83.11404761904761,83.34983500785104,440909
english_avg_grade,RandomForest,86.63818181818182,83.34983500785104,440909
english_avg_grade,RandomForest,82.69326530612244,83.34983500785104,440909
english_avg_grade,RandomForest,80.63132158590308,85.71181031209763,440917
english_avg_grade,RandomForest,81.65917030567685,85.71181031209763,440917
english_avg_grade,RandomForest,81.40177606177605,85.71181031209763,440917
english_avg_grade,RandomForest,82.81412587412588,85.71181031209763,440917
english_avg_grade,RandomForest,83.80813432835822,82.88503968711828,440925
english_avg_grade,RandomForest,83.89532467532467,82.88503968711828,440925
english_avg_grade,RandomForest,86.13616,82.88503968711828,440925
english_avg_grade,RandomForest,86.93770833333332,82.88503968711828,440925
english_avg_grade,RandomForest,86.6,80.12259821341925,440933
english_avg_grade,RandomForest,86.29,80.12259821341925,440933
english_avg_grade,RandomForest,86.18,80.12259821341925,440933
english_avg_grade,RandomForest,84.66022727272728,84.07313670569735,440941
english_avg_grade,RandomForest,86.44880952380952,84.07313670569735,440941
english_avg_grade,RandomForest,89.18016129032259,84.07313670569735,440941
english_avg_grade,RandomForest,82.57600000000001,84.07313670569735,440941
english_avg_grade,RandomForest,83.36222222222221,87.04001345776538,440958
english_avg_grade,RandomForest,79.69183673469388,87.04001345776538,440958
english_avg_grade,RandomForest,83.37567164179104,87.04001345776538,440958
english_avg_grade,RandomForest,81.5010606060606,87.04001345776538,440958
english_avg_grade,RandomForest,81.24330434782608,85.392014701554,440982
english_avg_grade,RandomForest,82.5921243523316,85.392014701554,440982
english_avg_grade,RandomForest,80.73664974619288,85.392014701554,440982
english_avg_grade,RandomForest,82.51107526881721,85.392014701554,440982
english_avg_grade,RandomForest,81.76309523809523,81.270373596753,440990
english_avg_grade,RandomForest,82.48086956521739,81.270373596753,440990
english_avg_grade,RandomForest,79.7470588235294,81.270373596753,440990
english_avg_grade,RandomForest,82.58461538461539,81.270373596753,440990
english_avg_grade,RandomForest,87.56341085271318,86.74918179577486,441006
english_avg_grade,RandomForest,88.44611888111889,86.74918179577486,441006
english_avg_grade,RandomForest,88.06705882352941,86.74918179577486,441006
english_avg_grade,RandomForest,88.18722891566264,86.74918179577486,441006
english_avg_grade,RandomForest,85.9625974025974,85.12895708463587,441014
english_avg_grade,RandomForest,88.38640449438202,85.12895708463587,441014
english_avg_grade,RandomForest,87.23028571428571,85.12895708463587,441014
english_avg_grade,RandomForest,87.76758620689654,85.12895708463587,441014
english_avg_grade,RandomForest,82.44,85.76529900620629,441022
english_avg_grade,RandomForest,78.3,85.76529900620629,441022
english_avg_grade,RandomForest,84.91268041237115,86.30609736076391,441030
english_avg_grade,RandomForest,86.03134615384616,86.30609736076391,441030
english_avg_grade,RandomForest,86.90891752577319,86.30609736076391,441030
english_avg_grade,RandomForest,82.74135135135135,86.30609736076391,441030
english_avg_grade,RandomForest,82.29,79.80593599790167,441063
english_avg_grade,RandomForest,81.60640350877192,84.32190628211671,441089
english_avg_grade,RandomForest,80.68392265193371,84.32190628211671,441089
english_avg_grade,RandomForest,84.83120418848168,84.32190628211671,441089
english_avg_grade,RandomForest,83.98380681818182,84.32190628211671,441089
english_avg_grade,RandomForest,83.86995515695067,82.1464614315244,441097
english_avg_grade,RandomForest,82.3038725490196,82.1464614315244,441097
english_avg_grade,RandomForest,83.93345794392522,82.1464614315244,441097
english_avg_grade,RandomForest,85.17943925233645,82.1464614315244,441097
english_avg_grade,RandomForest,77.17,83.17116886717453,441113
english_avg_grade,RandomForest,80.55,83.17116886717453,441113
english_avg_grade,RandomForest,81.15,83.17116886717453,441113
english_avg_grade,RandomForest,83.77962962962964,83.17116886717453,441113
english_avg_grade,RandomForest,86.52933333333333,85.59693662617568,441139
english_avg_grade,RandomForest,86.40299492385786,85.59693662617568,441139
english_avg_grade,RandomForest,86.92875,85.59693662617568,441139
english_avg_grade,RandomForest,86.21224880382775,85.59693662617568,441139
english_avg_grade,RandomForest,83.75131455399061,84.07920626078166,441147
english_avg_grade,RandomForest,83.96899543378996,84.07920626078166,441147
english_avg_grade,RandomForest,82.82943925233644,84.07920626078166,441147
english_avg_grade,RandomForest,83.2708080808081,84.07920626078166,441147
english_avg_grade,RandomForest,80.22037037037036,85.00320407246163,441188
english_avg_grade,RandomForest,79.63304347826087,85.00320407246163,441188
english_avg_grade,RandomForest,79.12744680851064,85.00320407246163,441188
english_avg_grade,RandomForest,76.19365384615384,85.00320407246163,441188
english_avg_grade,RandomForest,94.79946808510638,87.30162030927234,441196
english_avg_grade,RandomForest,95.53,87.30162030927234,441196
english_avg_grade,RandomForest,95.25,87.30162030927234,441196
english_avg_grade,RandomForest,94.57,87.30162030927234,441196
english_avg_grade,RandomForest,90.52870967741936,85.35171825205208,441204
english_avg_grade,RandomForest,86.41347826086957,85.35171825205208,441204
english_avg_grade,RandomForest,89.56391304347825,85.35171825205208,441204
english_avg_grade,RandomForest,88.3,85.35171825205208,441204
english_avg_grade,RandomForest,76.36333333333333,77.37167514718898,441212
english_avg_grade,RandomForest,75.91365517241378,77.37167514718898,441212
english_avg_grade,RandomForest,75.92017857142858,77.37167514718898,441212
english_avg_grade,RandomForest,76.82012903225805,77.37167514718898,441212
english_avg_grade,RandomForest,68.9,79.31418091173745,441220
english_avg_grade,RandomForest,73.76,79.31418091173745,441220
english_avg_grade,RandomForest,64.09,79.31418091173745,441220
english_avg_grade,RandomForest,71.55,79.31418091173745,441220
english_avg_grade,RandomForest,85.85748663101603,86.53903296271811,441238
english_avg_grade,RandomForest,87.87456221198156,86.53903296271811,441238
english_avg_grade,RandomForest,87.00009708737865,86.53903296271811,441238
english_avg_grade,RandomForest,86.36622641509433,86.53903296271811,441238
english_avg_grade,RandomForest,73.37,78.7974062531479,441253
english_avg_grade,RandomForest,80.8,80.81791511811151,441261
english_avg_grade,RandomForest,84.8862396694215,87.40308032482586,441279
english_avg_grade,RandomForest,84.48019108280255,87.40308032482586,441279
english_avg_grade,RandomForest,85.51563333333334,87.40308032482586,441279
english_avg_grade,RandomForest,86.62957186544344,87.40308032482586,441279
english_avg_grade,RandomForest,83.39750000000001,86.02317562711654,441287
english_avg_grade,RandomForest,84.54465838509316,86.02317562711654,441287
english_avg_grade,RandomForest,86.30043478260869,86.02317562711654,441287
english_avg_grade,RandomForest,83.31855769230768,86.02317562711654,441287
english_avg_grade,RandomForest,83.97898734177215,84.79039616716443,441311
english_avg_grade,RandomForest,84.88846153846154,84.79039616716443,441311
english_avg_grade,RandomForest,84.0898,84.79039616716443,441311
english_avg_grade,RandomForest,82.42302564102565,84.79039616716443,441311
english_avg_grade,RandomForest,84.34821229050279,86.94185539310354,441337
english_avg_grade,RandomForest,86.14658959537573,86.94185539310354,441337
english_avg_grade,RandomForest,86.60698224852071,86.94185539310354,441337
english_avg_grade,RandomForest,86.1047564469914,86.94185539310354,441337
english_avg_grade,RandomForest,79.09,77.97570742049828,441378
english_avg_grade,RandomForest,79.67,77.97570742049828,441378
english_avg_grade,RandomForest,86.193125,87.90703810057784,441410
english_avg_grade,RandomForest,85.01318181818182,87.90703810057784,441410
english_avg_grade,RandomForest,87.62351351351352,87.90703810057784,441410
english_avg_grade,RandomForest,86.68129411764706,87.90703810057784,441410
english_avg_grade,RandomForest,76.13,83.2372784382794,441584
english_avg_grade,RandomForest,85.0,83.2372784382794,441584
english_avg_grade,RandomForest,87.46875,80.53582174002041,441592
english_avg_grade,RandomForest,88.0,80.53582174002041,441592
english_avg_grade,RandomForest,84.75,80.53582174002041,441592
english_avg_grade,RandomForest,87.89,80.53582174002041,441592
english_avg_grade,RandomForest,89.93887755102041,87.24489802903976,441634
english_avg_grade,RandomForest,90.88522727272726,87.24489802903976,441634
english_avg_grade,RandomForest,90.70990566037736,87.24489802903976,441634
english_avg_grade,RandomForest,90.71523809523808,87.24489802903976,441634
english_avg_grade,RandomForest,85.8778787878788,85.367167500041,441667
english_avg_grade,RandomForest,81.002,85.367167500041,441667
english_avg_grade,RandomForest,81.10325,85.367167500041,441667
english_avg_grade,RandomForest,83.0122699386503,83.26971590866837,441758
english_avg_grade,RandomForest,83.54396984924622,83.26971590866837,441758
english_avg_grade,RandomForest,83.19126436781609,83.26971590866837,441758
english_avg_grade,RandomForest,84.35732558139534,83.26971590866837,441758
english_avg_grade,RandomForest,87.26420849420849,86.05404074230273,441808
english_avg_grade,RandomForest,85.54794871794871,86.05404074230273,441808
english_avg_grade,RandomForest,86.36274038461539,86.05404074230273,441808
english_avg_grade,RandomForest,86.2954854368932,86.05404074230273,441808
english_avg_grade,RandomForest,92.33,83.40709702806974,441816
english_avg_grade,RandomForest,92.615,83.40709702806974,441816
english_avg_grade,RandomForest,95.27,83.40709702806974,441816
english_avg_grade,RandomForest,95.73,83.40709702806974,441816
english_avg_grade,RandomForest,80.64,79.11213796453151,441824
english_avg_grade,RandomForest,84.14,79.11213796453151,441824
english_avg_grade,RandomForest,80.5,79.11213796453151,441824
english_avg_grade,RandomForest,75.86,84.6657288013318,441832
english_avg_grade,RandomForest,84.26,84.6657288013318,441832
english_avg_grade,RandomForest,84.56391304347827,84.6657288013318,441832
english_avg_grade,RandomForest,78.17344827586206,84.6657288013318,441832
english_avg_grade,RandomForest,76.77,82.33360160928855,441857
english_avg_grade,RandomForest,72.14829268292682,82.33360160928855,441857
english_avg_grade,RandomForest,75.1754347826087,82.33360160928855,441857
english_avg_grade,RandomForest,73.59,82.33360160928855,441857
english_avg_grade,RandomForest,83.94,80.2993454017249,441899
english_avg_grade,RandomForest,83.71,80.2993454017249,441899
english_avg_grade,RandomForest,88.2237037037037,80.2993454017249,441899
english_avg_grade,RandomForest,85.868,80.2993454017249,441899
english_avg_grade,RandomForest,91.05,87.16789553761454,441972
english_avg_grade,RandomForest,91.95999999999998,87.16789553761454,441972
english_avg_grade,RandomForest,91.71,87.16789553761454,441972
english_avg_grade,RandomForest,84.08586206896551,85.90762227730181,441980
english_avg_grade,RandomForest,83.61033898305085,85.90762227730181,441980
english_avg_grade,RandomForest,82.925,85.90762227730181,441980
english_avg_grade,RandomForest,74.36515151515152,83.60634042749797,442004
english_avg_grade,RandomForest,71.64095238095238,83.60634042749797,442004
english_avg_grade,RandomForest,77.875,83.60634042749797,442004
english_avg_grade,RandomForest,79.08543859649123,83.60634042749797,442004
english_avg_grade,RandomForest,74.41641509433963,80.32862833618842,442020
english_avg_grade,RandomForest,74.23617021276596,80.32862833618842,442020
english_avg_grade,RandomForest,73.975,80.32862833618842,442020
english_avg_grade,RandomForest,83.24,85.26056325904636,442061
english_avg_grade,RandomForest,83.390625,85.26056325904636,442061
english_avg_grade,RandomForest,81.75114093959732,85.26056325904636,442061
english_avg_grade,RandomForest,79.33399999999999,85.26056325904636,442061
english_avg_grade,RandomForest,92.77,86.57163576524322,442079
english_avg_grade,RandomForest,93.6925,86.57163576524322,442079
english_avg_grade,RandomForest,94.11,86.57163576524322,442079
english_avg_grade,RandomForest,92.75,86.57163576524322,442079
english_avg_grade,RandomForest,78.47,81.11124854011183,442111
english_avg_grade,RandomForest,85.56,81.11124854011183,442111
english_avg_grade,RandomForest,78.29962962962964,84.45881916247212,442129
english_avg_grade,RandomForest,77.88,84.45881916247212,442129
english_avg_grade,RandomForest,79.4811111111111,84.45881916247212,442129
english_avg_grade,RandomForest,77.5,81.32748508976789,442137
english_avg_grade,RandomForest,83.0,81.32748508976789,442137
english_avg_grade,RandomForest,82.67,81.32748508976789,442137
english_avg_grade,RandomForest,84.36666666666666,83.47243212600115,442186
english_avg_grade,RandomForest,80.67,83.47243212600115,442186
english_avg_grade,RandomForest,85.00108108108108,83.47243212600115,442186
english_avg_grade,RandomForest,83.78,83.47243212600115,442186
english_avg_grade,RandomForest,84.61011764705881,84.89575834631964,442236
english_avg_grade,RandomForest,83.87597122302158,84.89575834631964,442236
english_avg_grade,RandomForest,81.62454545454545,84.89575834631964,442236
english_avg_grade,RandomForest,80.07000000000001,80.76013498700503,442244
english_avg_grade,RandomForest,69.69,80.76013498700503,442244
english_avg_grade,RandomForest,94.2,85.08494760760952,442251
english_avg_grade,RandomForest,96.64,85.08494760760952,442251
english_avg_grade,RandomForest,96.64,85.08494760760952,442251
english_avg_grade,RandomForest,86.38,84.52108311573583,442269
english_avg_grade,RandomForest,79.19,84.52108311573583,442269
english_avg_grade,RandomForest,86.26,84.52108311573583,442269
english_avg_grade,RandomForest,88.82,84.52108311573583,442269
english_avg_grade,RandomForest,80.59909999999999,83.39712219188759,442277
english_avg_grade,RandomForest,81.74240601503759,83.39712219188759,442277
english_avg_grade,RandomForest,82.25351145038167,83.39712219188759,442277
english_avg_grade,RandomForest,87.12223529411764,84.78771706745282,442293
english_avg_grade,RandomForest,85.03275862068965,84.92528358970033,442301
english_avg_grade,RandomForest,83.18272727272726,84.92528358970033,442301
english_avg_grade,RandomForest,83.09639344262294,84.92528358970033,442301
english_avg_grade,RandomForest,83.53444444444446,84.92528358970033,442301
english_avg_grade,RandomForest,82.91,84.00726078438899,442319
english_avg_grade,RandomForest,86.12454545454544,84.00726078438899,442319
english_avg_grade,RandomForest,85.67567567567568,84.00726078438899,442319
english_avg_grade,RandomForest,86.75,84.00726078438899,442319
english_avg_grade,RandomForest,82.82717391304347,79.94434667419642,442343
english_avg_grade,RandomForest,87.1,79.94434667419642,442343
english_avg_grade,RandomForest,89.62,87.40865963979775,442368
english_avg_grade,RandomForest,91.25,87.40865963979775,442368
english_avg_grade,RandomForest,88.95811320754719,87.40865963979775,442368
english_avg_grade,RandomForest,91.33,87.40865963979775,442368
english_avg_grade,RandomForest,78.15,85.51400770443257,442384
english_avg_grade,RandomForest,80.2296153846154,85.51400770443257,442384
english_avg_grade,RandomForest,83.7244827586207,85.51400770443257,442384
english_avg_grade,RandomForest,89.81,83.47256142098455,442392
english_avg_grade,RandomForest,86.97627906976743,83.47256142098455,442392
english_avg_grade,RandomForest,85.03823529411764,83.47256142098455,442392
english_avg_grade,RandomForest,89.59615384615384,83.47256142098455,442392
english_avg_grade,RandomForest,77.55,79.78880047529711,442418
english_avg_grade,RandomForest,80.17375,82.87563692561791,442426
english_avg_grade,RandomForest,66.69,82.87563692561791,442426
english_avg_grade,RandomForest,74.75,82.87563692561791,442426
english_avg_grade,RandomForest,73.45,83.63473477551156,442434
english_avg_grade,RandomForest,85.42,83.38454839094062,442517
english_avg_grade,RandomForest,77.23,83.38454839094062,442517
english_avg_grade,RandomForest,83.07,83.38454839094062,442517
english_avg_grade,RandomForest,81.85,83.38454839094062,442517
english_avg_grade,RandomForest,80.38,81.84391917968786,442749
english_avg_grade,RandomForest,83.2,88.86107645234277,442772
english_avg_grade,RandomForest,67.84,79.62337214232419,442822
english_avg_grade,RandomForest,69.59,79.62337214232419,442822
english_avg_grade,RandomForest,74.62216216216216,79.62337214232419,442822
english_avg_grade,RandomForest,90.76,86.73408315973704,442855
english_avg_grade,RandomForest,89.94,86.73408315973704,442855
english_avg_grade,RandomForest,87.11,86.73408315973704,442855
english_avg_grade,RandomForest,86.12,86.73408315973704,442855
english_avg_grade,RandomForest,89.36,80.58899340105835,442897
english_avg_grade,RandomForest,86.19307692307692,80.58899340105835,442897
english_avg_grade,RandomForest,91.0,80.58899340105835,442897
english_avg_grade,RandomForest,81.43266666666666,77.58270734034039,444026
english_avg_grade,RandomForest,76.322,77.58270734034039,444026
english_avg_grade,RandomForest,78.60311475409836,77.58270734034039,444026
english_avg_grade,RandomForest,83.59444444444445,77.58270734034039,444026
english_avg_grade,RandomForest,75.53,74.68236998035653,444034
english_avg_grade,RandomForest,76.47,74.68236998035653,444034
english_avg_grade,RandomForest,77.47,74.68236998035653,444034
english_avg_grade,RandomForest,78.47473684210526,74.68236998035653,444034
english_avg_grade,RandomForest,87.63,88.65521792483163,444067
english_avg_grade,RandomForest,83.99746478873239,88.65521792483163,444067
english_avg_grade,RandomForest,84.8779104477612,88.65521792483163,444067
english_avg_grade,RandomForest,82.82763157894738,88.65521792483163,444067
english_avg_grade,RandomForest,86.38661538461538,86.11287159873321,444117
english_avg_grade,RandomForest,86.45831730769231,86.11287159873321,444117
english_avg_grade,RandomForest,87.18055555555556,86.11287159873321,444117
english_avg_grade,RandomForest,86.8260465116279,86.11287159873321,444117
english_avg_grade,RandomForest,81.44123595505619,83.72160683897687,444257
english_avg_grade,RandomForest,81.18793103448276,83.72160683897687,444257
english_avg_grade,RandomForest,73.9747619047619,80.42137098971916,444364
english_avg_grade,RandomForest,85.93510638297873,80.42137098971916,444364
english_avg_grade,RandomForest,78.5562962962963,80.42137098971916,444364
english_avg_grade,RandomForest,79.90357142857142,80.42137098971916,444364
english_avg_grade,RandomForest,85.1194074074074,88.17714699268475,444562
english_avg_grade,RandomForest,85.897072243346,88.17714699268475,444562
english_avg_grade,RandomForest,87.48648535564854,88.17714699268475,444562
english_avg_grade,RandomForest,86.29566666666666,88.17714699268475,444562
english_avg_grade,RandomForest,85.52384615384615,79.50624164179766,444612
english_avg_grade,RandomForest,82.6707142857143,79.50624164179766,444612
english_avg_grade,RandomForest,72.30133333333333,79.50624164179766,444612
english_avg_grade,RandomForest,78.44986842105264,79.50624164179766,444612
english_avg_grade,RandomForest,80.23763358778626,82.99953475437418,444653
english_avg_grade,RandomForest,83.98644171779141,82.99953475437418,444653
english_avg_grade,RandomForest,81.33453333333334,82.99953475437418,444653
english_avg_grade,RandomForest,81.74506849315068,82.99953475437418,444653
english_avg_grade,RandomForest,86.04747126436781,85.35947294364212,444679
english_avg_grade,RandomForest,85.3625,85.35947294364212,444679
english_avg_grade,RandomForest,83.64780952380953,85.35947294364212,444679
english_avg_grade,RandomForest,81.64645569620252,85.35947294364212,444679
english_avg_grade,RandomForest,77.80792452830188,84.55691395180352,444687
english_avg_grade,RandomForest,77.54622641509434,84.55691395180352,444687
english_avg_grade,RandomForest,78.77620689655173,84.55691395180352,444687
english_avg_grade,RandomForest,74.79263157894736,84.55691395180352,444687
english_avg_grade,RandomForest,87.23444444444445,85.53234933873144,444703
english_avg_grade,RandomForest,90.3151851851852,85.53234933873144,444703
english_avg_grade,RandomForest,90.10666666666668,85.53234933873144,444703
english_avg_grade,RandomForest,88.42,85.53234933873144,444703
english_avg_grade,RandomForest,83.86636363636364,86.27136023193611,444745
english_avg_grade,RandomForest,83.74600917431194,86.27136023193611,444745
english_avg_grade,RandomForest,85.05360294117646,86.27136023193611,444745
english_avg_grade,RandomForest,83.93157766990291,86.27136023193611,444745
english_avg_grade,RandomForest,76.80866666666667,82.8235423649084,444828
english_avg_grade,RandomForest,85.38601398601398,82.8235423649084,444828
english_avg_grade,RandomForest,84.8325,82.8235423649084,444828
english_avg_grade,RandomForest,82.07415204678362,82.8235423649084,444828
english_avg_grade,RandomForest,79.11683823529411,83.43851780269827,444836
english_avg_grade,RandomForest,79.43846153846154,83.43851780269827,444836
english_avg_grade,RandomForest,80.94223529411765,83.43851780269827,444836
english_avg_grade,RandomForest,81.64616766467066,83.43851780269827,444836
english_avg_grade,RandomForest,88.57119047619048,86.16056808190854,444844
english_avg_grade,RandomForest,87.83455696202532,86.16056808190854,444844
english_avg_grade,RandomForest,83.70891719745222,85.52644357955616,444935
english_avg_grade,RandomForest,83.75901734104048,85.52644357955616,444935
english_avg_grade,RandomForest,84.66140625000001,85.52644357955616,444935
english_avg_grade,RandomForest,83.51366863905326,85.52644357955616,444935
english_avg_grade,RandomForest,82.40212765957446,80.89181634443214,444943
english_avg_grade,RandomForest,80.50977777777778,80.89181634443214,444943
english_avg_grade,RandomForest,70.4,80.89181634443214,444943
english_avg_grade,RandomForest,81.48974358974358,80.89181634443214,444943
english_avg_grade,RandomForest,84.65790697674419,81.5761847016705,444950
english_avg_grade,RandomForest,83.45994475138122,81.5761847016705,444950
english_avg_grade,RandomForest,83.62140845070424,81.5761847016705,444950
english_avg_grade,RandomForest,82.0129761904762,81.5761847016705,444950
english_avg_grade,RandomForest,78.95713675213676,83.47668952361683,448019
english_avg_grade,RandomForest,80.18617886178862,83.47668952361683,448019
english_avg_grade,RandomForest,81.56860294117647,83.47668952361683,448019
english_avg_grade,RandomForest,83.17037542662115,83.47668952361683,448019
english_avg_grade,RandomForest,71.87370731707317,82.17361560170608,448027
english_avg_grade,RandomForest,78.42863095238096,82.17361560170608,448027
english_avg_grade,RandomForest,78.14169230769231,82.17361560170608,448027
english_avg_grade,RandomForest,80.7535625,82.17361560170608,448027
english_avg_grade,RandomForest,80.80992700729927,77.31267010439383,448050
english_avg_grade,RandomForest,77.64842465753425,77.31267010439383,448050
english_avg_grade,RandomForest,78.36537974683544,77.31267010439383,448050
english_avg_grade,RandomForest,81.07901960784314,77.31267010439383,448050
english_avg_grade,RandomForest,74.82328767123288,78.78794197098686,448076
english_avg_grade,RandomForest,77.4404469273743,78.78794197098686,448076
english_avg_grade,RandomForest,75.03182741116751,78.78794197098686,448076
english_avg_grade,RandomForest,77.46011834319526,78.78794197098686,448076
english_avg_grade,RandomForest,67.4078787878788,75.20042656897469,448100
english_avg_grade,RandomForest,69.6491891891892,75.20042656897469,448100
english_avg_grade,RandomForest,70.2231,75.20042656897469,448100
english_avg_grade,RandomForest,69.66131868131869,75.20042656897469,448100
english_avg_grade,RandomForest,86.38468085106383,83.93925083942777,448142
english_avg_grade,RandomForest,83.25702127659575,83.93925083942777,448142
english_avg_grade,RandomForest,86.97767441860465,83.93925083942777,448142
english_avg_grade,RandomForest,84.69866666666667,83.93925083942777,448142
english_avg_grade,RandomForest,65.8464406779661,73.39857395002852,448159
english_avg_grade,RandomForest,63.39385542168675,73.39857395002852,448159
english_avg_grade,RandomForest,77.43264705882353,79.64727947590664,448167
english_avg_grade,RandomForest,77.11928571428572,79.64727947590664,448167
english_avg_grade,RandomForest,78.2569182389937,79.64727947590664,448167
english_avg_grade,RandomForest,73.61646153846154,79.76572690099538,448233
english_avg_grade,RandomForest,75.30857142857143,79.76572690099538,448233
english_avg_grade,RandomForest,73.3379661016949,79.76572690099538,448233
english_avg_grade,RandomForest,77.72532258064517,79.76572690099538,448233
english_avg_grade,RandomForest,80.98641791044777,84.17835197784565,448241
english_avg_grade,RandomForest,80.64035211267606,84.17835197784565,448241
english_avg_grade,RandomForest,81.17493150684932,84.17835197784565,448241
english_avg_grade,RandomForest,82.82035175879398,84.17835197784565,448241
english_avg_grade,RandomForest,80.5,77.07850402686758,448290
english_avg_grade,RandomForest,76.08,77.07850402686758,448290
english_avg_grade,RandomForest,68.94,77.07850402686758,448290
english_avg_grade,RandomForest,61.760000000000005,77.07850402686758,448290
english_avg_grade,RandomForest,72.38,78.10347805233474,448324
english_avg_grade,RandomForest,66.67,78.10347805233474,448324
english_avg_grade,RandomForest,76.52,78.10347805233474,448324
english_avg_grade,RandomForest,78.07769230769232,78.10347805233474,448324
english_avg_grade,RandomForest,76.36,79.4729652501645,448332
english_avg_grade,RandomForest,79.82,79.4729652501645,448332
english_avg_grade,RandomForest,75.84,79.4729652501645,448332
english_avg_grade,RandomForest,79.185,79.4729652501645,448332
english_avg_grade,RandomForest,81.36,82.70553545690919,453605
english_avg_grade,RandomForest,83.20896551724138,82.70553545690919,453605
english_avg_grade,RandomForest,75.83,82.70553545690919,453605
english_avg_grade,RandomForest,81.98042553191489,82.70553545690919,453605
english_avg_grade,RandomForest,72.09,83.43735202474559,460006
english_avg_grade,RandomForest,68.23,83.43735202474559,460006
english_avg_grade,RandomForest,75.8,83.43735202474559,460006
english_avg_grade,RandomForest,64.0,81.417144944722,460022
english_avg_grade,RandomForest,71.32,81.417144944722,460022
english_avg_grade,RandomForest,61.97,81.417144944722,460022
english_avg_grade,RandomForest,86.25651898734176,84.8671308569259,460063
english_avg_grade,RandomForest,88.1131884057971,84.8671308569259,460063
english_avg_grade,RandomForest,86.59490445859872,84.8671308569259,460063
english_avg_grade,RandomForest,88.95435483870966,84.8671308569259,460063
english_avg_grade,RandomForest,81.05779411764706,82.30388373483758,460097
english_avg_grade,RandomForest,85.96,82.30388373483758,460097
english_avg_grade,RandomForest,87.35773809523809,82.30388373483758,460097
english_avg_grade,RandomForest,84.11540816326531,84.28635150665161,460113
english_avg_grade,RandomForest,84.03360655737706,84.28635150665161,460113
english_avg_grade,RandomForest,83.12880000000001,84.28635150665161,460113
english_avg_grade,RandomForest,81.10061224489796,84.28635150665161,460113
english_avg_grade,RandomForest,85.60150000000002,85.73733371002756,460154
english_avg_grade,RandomForest,88.104,85.73733371002756,460154
english_avg_grade,RandomForest,86.95652173913044,85.73733371002756,460154
english_avg_grade,RandomForest,84.48137931034483,85.73733371002756,460154
english_avg_grade,RandomForest,94.06,83.59373133807898,460246
english_avg_grade,RandomForest,92.38,83.59373133807898,460246
english_avg_grade,RandomForest,81.4,81.97696446230893,460261
english_avg_grade,RandomForest,90.25,79.16412714216958,460410
english_avg_grade,RandomForest,89.73,79.16412714216958,460410
english_avg_grade,RandomForest,76.79,79.16412714216958,460410
english_avg_grade,RandomForest,75.5,79.16412714216958,460410
english_avg_grade,RandomForest,88.20675324675325,85.38039130302272,460428
english_avg_grade,RandomForest,89.33588235294118,85.38039130302272,460428
english_avg_grade,RandomForest,87.52168674698794,85.38039130302272,460428
english_avg_grade,RandomForest,87.15074074074074,85.38039130302272,460428
english_avg_grade,RandomForest,79.25,78.56000272110505,460543
english_avg_grade,RandomForest,89.33,79.2899658694809,460592
english_avg_grade,RandomForest,80.64,79.2899658694809,460592
english_avg_grade,RandomForest,80.27,79.2899658694809,460592
english_avg_grade,RandomForest,71.12,79.2899658694809,460592
english_avg_grade,RandomForest,93.53,82.29229711080252,460667
english_avg_grade,RandomForest,93.79,82.29229711080252,460667
english_avg_grade,RandomForest,88.86,82.29229711080252,460667
english_avg_grade,RandomForest,88.55,80.9563807304548,460691
english_avg_grade,RandomForest,82.11,83.14572833431157,462200
english_avg_grade,RandomForest,87.44,83.14572833431157,462200
english_avg_grade,RandomForest,86.75,83.14572833431157,462200
english_avg_grade,RandomForest,86.64,80.06665377047408,462929
english_avg_grade,RandomForest,88.13,80.06665377047408,462929
english_avg_grade,RandomForest,74.67,80.33033624986179,470021
english_avg_grade,RandomForest,73.2896551724138,80.33033624986179,470021
english_avg_grade,RandomForest,76.43227848101266,80.33033624986179,470021
english_avg_grade,RandomForest,74.25293333333333,80.33033624986179,470021
english_avg_grade,RandomForest,71.94860215053765,80.91686936821816,470047
english_avg_grade,RandomForest,73.68045751633986,80.91686936821816,470047
english_avg_grade,RandomForest,74.05350877192983,80.91686936821816,470047
english_avg_grade,RandomForest,73.50481707317073,80.91686936821816,470047
english_avg_grade,RandomForest,80.27105263157894,81.85060541528583,470054
english_avg_grade,RandomForest,83.4935,81.85060541528583,470054
english_avg_grade,RandomForest,81.15521739130435,81.85060541528583,470054
english_avg_grade,RandomForest,78.104375,81.85060541528583,470054
english_avg_grade,RandomForest,67.90157142857143,79.96046856484053,470070
english_avg_grade,RandomForest,74.78771084337349,79.96046856484053,470070
english_avg_grade,RandomForest,75.02,79.96046856484053,470070
english_avg_grade,RandomForest,70.72999999999999,79.96046856484053,470070
english_avg_grade,RandomForest,81.86698795180723,81.89032679689372,470096
english_avg_grade,RandomForest,80.75772486772486,81.89032679689372,470096
english_avg_grade,RandomForest,81.35215311004784,81.89032679689372,470096
english_avg_grade,RandomForest,79.31176954732511,81.89032679689372,470096
english_avg_grade,RandomForest,81.94351351351351,85.27983611137256,470112
english_avg_grade,RandomForest,84.399,85.27983611137256,470112
english_avg_grade,RandomForest,84.12862068965516,85.27983611137256,470112
english_avg_grade,RandomForest,83.09315789473685,85.27983611137256,470112
english_avg_grade,RandomForest,79.04816513761467,81.44868773296288,470120
english_avg_grade,RandomForest,78.1985,81.44868773296288,470120
english_avg_grade,RandomForest,76.53935483870967,81.44868773296288,470120
english_avg_grade,RandomForest,81.82933333333334,81.44868773296288,470120
english_avg_grade,RandomForest,84.81441441441443,83.45840951706009,470138
english_avg_grade,RandomForest,85.188,83.45840951706009,470138
english_avg_grade,RandomForest,84.86828703703705,83.45840951706009,470138
english_avg_grade,RandomForest,83.43159663865546,83.45840951706009,470138
english_avg_grade,RandomForest,72.84,74.88439068625708,470146
english_avg_grade,RandomForest,74.477,74.88439068625708,470146
english_avg_grade,RandomForest,67.75,74.88439068625708,470146
english_avg_grade,RandomForest,71.79648648648649,74.88439068625708,470146
english_avg_grade,RandomForest,72.4602290076336,78.30996185562044,470187
english_avg_grade,RandomForest,77.59463235294118,78.30996185562044,470187
english_avg_grade,RandomForest,74.1475,78.30996185562044,470187
english_avg_grade,RandomForest,71.24592307692308,78.30996185562044,470187
english_avg_grade,RandomForest,83.23444444444445,82.18064436732642,470377
english_avg_grade,RandomForest,77.89896551724136,82.18064436732642,470377
english_avg_grade,RandomForest,81.18,82.18064436732642,470377
english_avg_grade,RandomForest,74.02463414634147,82.90949145356603,470443
english_avg_grade,RandomForest,73.16089552238806,82.90949145356603,470443
english_avg_grade,RandomForest,83.28901785714285,82.90949145356603,470443
english_avg_grade,RandomForest,84.02530120481927,82.90949145356603,470443
english_avg_grade,RandomForest,86.65521978021978,85.15580666889586,470591
english_avg_grade,RandomForest,84.7447204968944,85.15580666889586,470591
english_avg_grade,RandomForest,87.11198019801982,85.15580666889586,470591
english_avg_grade,RandomForest,87.40891509433963,85.15580666889586,470591
english_avg_grade,RandomForest,82.85066176470589,84.4778049171947,470625
english_avg_grade,RandomForest,86.3981954887218,84.4778049171947,470625
english_avg_grade,RandomForest,86.7796835443038,84.4778049171947,470625
english_avg_grade,RandomForest,88.27846153846154,84.4778049171947,470625
english_avg_grade,RandomForest,83.35470588235295,83.37590475917449,470963
english_avg_grade,RandomForest,81.49188811188812,83.37590475917449,470963
english_avg_grade,RandomForest,82.25864661654136,83.37590475917449,470963
english_avg_grade,RandomForest,83.0061875,83.37590475917449,470963
english_avg_grade,RandomForest,82.15086956521738,81.33380666089752,471011
english_avg_grade,RandomForest,83.64867403314918,81.33380666089752,471011
english_avg_grade,RandomForest,82.78694267515922,81.33380666089752,471011
english_avg_grade,RandomForest,84.35954081632654,81.33380666089752,471011
english_avg_grade,RandomForest,76.10541666666667,81.07905367895408,472332
english_avg_grade,RandomForest,79.18204819277108,81.07905367895408,472332
english_avg_grade,RandomForest,82.35064935064935,81.07905367895408,472332
english_avg_grade,RandomForest,70.0,83.58804843892412,476986
english_avg_grade,RandomForest,68.0,83.58804843892412,476986
english_avg_grade,RandomForest,81.7091061452514,82.13424385115269,478016
english_avg_grade,RandomForest,80.48959247648902,82.13424385115269,478016
english_avg_grade,RandomForest,80.69304878048781,82.13424385115269,478016
english_avg_grade,RandomForest,80.13079207920794,82.13424385115269,478016
english_avg_grade,RandomForest,77.26823529411764,78.70757000944641,480038
english_avg_grade,RandomForest,75.87333333333333,78.70757000944641,480038
english_avg_grade,RandomForest,75.57142857142857,78.70757000944641,480038
english_avg_grade,RandomForest,73.4975,78.70757000944641,480038
english_avg_grade,RandomForest,82.73652631578948,84.71719817086873,480046
english_avg_grade,RandomForest,82.14416184971097,84.71719817086873,480046
english_avg_grade,RandomForest,84.3325652173913,84.71719817086873,480046
english_avg_grade,RandomForest,86.1027232142857,84.71719817086873,480046
english_avg_grade,RandomForest,77.03593220338983,79.07164912622603,480061
english_avg_grade,RandomForest,80.09186046511627,79.07164912622603,480061
english_avg_grade,RandomForest,74.88308823529412,79.07164912622603,480061
english_avg_grade,RandomForest,71.19833333333334,79.07164912622603,480061
english_avg_grade,RandomForest,79.66352941176471,79.2135468187782,480087
english_avg_grade,RandomForest,73.41,79.2135468187782,480087
english_avg_grade,RandomForest,80.356,79.2135468187782,480087
english_avg_grade,RandomForest,76.5159375,79.2135468187782,480087
english_avg_grade,RandomForest,73.47873239436619,79.6811730423155,480145
english_avg_grade,RandomForest,73.06341772151899,79.6811730423155,480145
english_avg_grade,RandomForest,75.31180327868853,79.6811730423155,480145
english_avg_grade,RandomForest,75.94794871794872,79.6811730423155,480145
english_avg_grade,RandomForest,82.31238095238096,82.42908153600827,480178
english_avg_grade,RandomForest,84.36090909090909,82.42908153600827,480178
english_avg_grade,RandomForest,86.27698717948718,82.42908153600827,480178
english_avg_grade,RandomForest,84.69914529914531,82.42908153600827,480178
english_avg_grade,RandomForest,81.99129251700681,82.20449762288231,490037
english_avg_grade,RandomForest,81.17089285714285,82.20449762288231,490037
english_avg_grade,RandomForest,80.0351127819549,82.20449762288231,490037
english_avg_grade,RandomForest,83.03308219178082,82.20449762288231,490037
english_avg_grade,RandomForest,85.99588932806324,86.27880709139895,490052
english_avg_grade,RandomForest,82.77248031496063,86.27880709139895,490052
english_avg_grade,RandomForest,83.55417004048581,86.27880709139895,490052
english_avg_grade,RandomForest,81.580625,86.27880709139895,490052
english_avg_grade,RandomForest,86.98814432989691,86.4928960778293,499681
english_avg_grade,RandomForest,82.00279069767441,84.30576308068682,499806
english_avg_grade,RandomForest,76.86,84.30576308068682,499806
english_avg_grade,RandomForest,91.17,87.90798232968734,540021
english_avg_grade,RandomForest,89.14,87.90798232968734,540021
english_avg_grade,RandomForest,89.59377483443708,87.90798232968734,540021
english_avg_grade,RandomForest,91.34,87.90798232968734,540021
english_avg_grade,RandomForest,68.24,78.28144499060792,540039
english_avg_grade,RandomForest,79.78,78.28144499060792,540039
english_avg_grade,RandomForest,88.3125,86.13985759933873,540062
english_avg_grade,RandomForest,88.83837209302327,86.13985759933873,540062
english_avg_grade,RandomForest,88.17173913043479,86.13985759933873,540062
english_avg_grade,RandomForest,86.9694382022472,86.13985759933873,540062
english_avg_grade,RandomForest,88.93486486486486,86.35895775562122,540070
english_avg_grade,RandomForest,86.79298165137615,86.35895775562122,540070
english_avg_grade,RandomForest,88.60427927927928,86.35895775562122,540070
english_avg_grade,RandomForest,89.18050847457627,86.35895775562122,540070
english_avg_grade,RandomForest,87.61468864468866,87.6681065592664,540088
english_avg_grade,RandomForest,89.19342105263156,87.6681065592664,540088
english_avg_grade,RandomForest,88.8618315018315,87.6681065592664,540088
english_avg_grade,RandomForest,87.42371428571428,87.6681065592664,540088
english_avg_grade,RandomForest,88.79057971014494,86.67336708849862,540112
english_avg_grade,RandomForest,89.59164251207729,86.67336708849862,540112
english_avg_grade,RandomForest,90.27930555555557,86.67336708849862,540112
english_avg_grade,RandomForest,89.75632812500001,86.67336708849862,540112
english_avg_grade,RandomForest,78.35953488372093,81.74309087284604,540120
english_avg_grade,RandomForest,82.04691358024691,81.74309087284604,540120
english_avg_grade,RandomForest,76.08911392405064,81.74309087284604,540120
english_avg_grade,RandomForest,77.09252525252525,81.74309087284604,540120
english_avg_grade,RandomForest,90.07996539792389,86.78373304657033,540146
english_avg_grade,RandomForest,88.6060350877193,86.78373304657033,540146
english_avg_grade,RandomForest,89.18702127659574,86.78373304657033,540146
english_avg_grade,RandomForest,89.77497757847533,86.78373304657033,540146
english_avg_grade,RandomForest,85.06148936170213,82.01423961910646,540153
english_avg_grade,RandomForest,80.76984615384616,82.01423961910646,540153
english_avg_grade,RandomForest,80.21366666666667,82.01423961910646,540153
english_avg_grade,RandomForest,80.73885245901639,82.01423961910646,540153
english_avg_grade,RandomForest,85.0,77.75919778336079,540161
english_avg_grade,RandomForest,85.64,77.75919778336079,540161
english_avg_grade,RandomForest,88.23,77.75919778336079,540161
english_avg_grade,RandomForest,84.38,82.11239161005322,540179
english_avg_grade,RandomForest,79.34793103448277,82.11239161005322,540179
english_avg_grade,RandomForest,87.79,82.11239161005322,540179
english_avg_grade,RandomForest,71.81636363636363,77.59557932158766,540187
english_avg_grade,RandomForest,72.43405405405406,77.59557932158766,540187
english_avg_grade,RandomForest,77.56365853658536,77.59557932158766,540187
english_avg_grade,RandomForest,81.45,77.59557932158766,540187
english_avg_grade,RandomForest,80.38470588235293,82.03263080618466,540195
english_avg_grade,RandomForest,79.83651162790697,82.03263080618466,540195
english_avg_grade,RandomForest,77.11631578947367,82.03263080618466,540195
english_avg_grade,RandomForest,80.22874396135265,82.03263080618466,540195
english_avg_grade,RandomForest,87.0923076923077,86.17173583705396,540203
english_avg_grade,RandomForest,89.16145348837209,86.17173583705396,540203
english_avg_grade,RandomForest,87.68973293768546,86.17173583705396,540203
english_avg_grade,RandomForest,88.46410404624278,86.17173583705396,540203
english_avg_grade,RandomForest,84.9253953488372,87.56439380519934,540211
english_avg_grade,RandomForest,87.77510791366906,87.56439380519934,540211
english_avg_grade,RandomForest,87.36004310344828,87.56439380519934,540211
english_avg_grade,RandomForest,87.76909871244634,87.56439380519934,540211
english_avg_grade,RandomForest,89.88,86.54975276613621,540237
english_avg_grade,RandomForest,90.43835616438356,86.54975276613621,540237
english_avg_grade,RandomForest,87.75952380952381,86.54975276613621,540237
english_avg_grade,RandomForest,88.74735294117647,86.54975276613621,540237
english_avg_grade,RandomForest,91.07826666666666,86.85382527751017,540252
english_avg_grade,RandomForest,88.9597435897436,86.85382527751017,540252
english_avg_grade,RandomForest,87.19000000000001,86.85382527751017,540252
english_avg_grade,RandomForest,90.81166666666668,86.85382527751017,540252
english_avg_grade,RandomForest,86.45533936651584,87.05210829038589,540286
english_avg_grade,RandomForest,87.20886310904872,87.05210829038589,540286
english_avg_grade,RandomForest,87.14860813704496,87.05210829038589,540286
english_avg_grade,RandomForest,85.20136363636364,87.05210829038589,540286
english_avg_grade,RandomForest,84.6334375,84.99013570131119,540294
english_avg_grade,RandomForest,84.99176829268292,84.99013570131119,540294
english_avg_grade,RandomForest,83.96864864864865,84.99013570131119,540294
english_avg_grade,RandomForest,84.72176136363636,84.99013570131119,540294
english_avg_grade,RandomForest,80.38746268656715,81.91650433627781,540302
english_avg_grade,RandomForest,79.12605633802816,81.91650433627781,540302
english_avg_grade,RandomForest,79.08193548387096,81.91650433627781,540302
english_avg_grade,RandomForest,81.11088607594937,81.91650433627781,540302
english_avg_grade,RandomForest,81.93588832487309,84.40113372772355,540310
english_avg_grade,RandomForest,81.90517766497462,84.40113372772355,540310
english_avg_grade,RandomForest,82.14563106796116,84.40113372772355,540310
english_avg_grade,RandomForest,81.63901734104047,84.40113372772355,540310
english_avg_grade,RandomForest,85.25340425531915,86.47682301736266,540328
english_avg_grade,RandomForest,85.398281938326,86.47682301736266,540328
english_avg_grade,RandomForest,87.18979381443299,86.47682301736266,540328
english_avg_grade,RandomForest,85.23525,86.47682301736266,540328
english_avg_grade,RandomForest,85.00278481012658,86.41724481639922,540344
english_avg_grade,RandomForest,86.01586206896552,86.41724481639922,540344
english_avg_grade,RandomForest,85.51813664596273,86.41724481639922,540344
english_avg_grade,RandomForest,85.97361344537816,86.41724481639922,540344
english_avg_grade,RandomForest,81.55150943396225,81.3467787766428,540351
english_avg_grade,RandomForest,81.60923076923078,81.3467787766428,540351
english_avg_grade,RandomForest,79.08829268292683,81.3467787766428,540351
english_avg_grade,RandomForest,79.26251612903226,81.3467787766428,540351
english_avg_grade,RandomForest,78.15277777777777,77.80866248521511,540369
english_avg_grade,RandomForest,73.35733333333334,77.80866248521511,540369
english_avg_grade,RandomForest,74.88,77.80866248521511,540369
english_avg_grade,RandomForest,75.03,77.80866248521511,540369
english_avg_grade,RandomForest,79.59,82.90968191233645,540377
english_avg_grade,RandomForest,75.15625,82.90968191233645,540377
english_avg_grade,RandomForest,77.66925925925926,82.90968191233645,540377
english_avg_grade,RandomForest,88.19487804878048,86.56227752423645,540385
english_avg_grade,RandomForest,89.326,86.56227752423645,540385
english_avg_grade,RandomForest,91.0960465116279,86.56227752423645,540385
english_avg_grade,RandomForest,91.9113559322034,86.56227752423645,540385
english_avg_grade,RandomForest,76.95914893617022,86.19945376935303,540443
english_avg_grade,RandomForest,79.35106557377051,86.19945376935303,540443
english_avg_grade,RandomForest,78.04464788732395,86.19945376935303,540443
english_avg_grade,RandomForest,79.64025000000001,86.19945376935303,540443
english_avg_grade,RandomForest,84.30515151515151,85.00437893634219,540476
english_avg_grade,RandomForest,85.80580645161291,85.00437893634219,540476
english_avg_grade,RandomForest,85.49947368421053,85.00437893634219,540476
english_avg_grade,RandomForest,88.07567164179105,85.00437893634219,540476
english_avg_grade,RandomForest,77.87096774193549,84.96209784407945,540484
english_avg_grade,RandomForest,81.54454545454546,84.96209784407945,540484
english_avg_grade,RandomForest,81.90641509433962,84.96209784407945,540484
english_avg_grade,RandomForest,85.71794871794872,84.96209784407945,540484
english_avg_grade,RandomForest,79.31438679245284,81.67560752368472,540492
english_avg_grade,RandomForest,81.85472222222222,81.67560752368472,540492
english_avg_grade,RandomForest,80.99770053475936,81.67560752368472,540492
english_avg_grade,RandomForest,80.84427906976744,81.67560752368472,540492
english_avg_grade,RandomForest,77.68086956521738,79.80996819774005,540518
english_avg_grade,RandomForest,76.52,79.80996819774005,540518
english_avg_grade,RandomForest,70.64,79.80996819774005,540518
english_avg_grade,RandomForest,80.81,79.80996819774005,540518
english_avg_grade,RandomForest,72.77,79.77766899634761,540534
english_avg_grade,RandomForest,82.445,79.77766899634761,540534
english_avg_grade,RandomForest,77.45,79.77766899634761,540534
english_avg_grade,RandomForest,79.15266666666666,79.77766899634761,540534
english_avg_grade,RandomForest,88.44000000000001,86.94603596622333,540591
english_avg_grade,RandomForest,88.93884615384614,86.94603596622333,540591
english_avg_grade,RandomForest,85.20618181818182,86.94603596622333,540591
english_avg_grade,RandomForest,86.781677852349,86.94603596622333,540591
english_avg_grade,RandomForest,76.20022222222222,83.73639823665027,540674
english_avg_grade,RandomForest,79.375,83.73639823665027,540674
english_avg_grade,RandomForest,76.264,83.73639823665027,540674
english_avg_grade,RandomForest,79.24,83.73639823665027,540674
english_avg_grade,RandomForest,79.31821428571428,85.68335000933817,540807
english_avg_grade,RandomForest,77.41010752688172,85.68335000933817,540807
english_avg_grade,RandomForest,74.87939393939394,85.68335000933817,540807
english_avg_grade,RandomForest,78.52823529411765,85.68335000933817,540807
english_avg_grade,RandomForest,89.76201923076923,88.34070538936075,540849
english_avg_grade,RandomForest,87.10935779816514,88.34070538936075,540849
english_avg_grade,RandomForest,88.1292523364486,88.34070538936075,540849
english_avg_grade,RandomForest,89.16674418604651,88.34070538936075,540849
english_avg_grade,RandomForest,82.01910344827587,81.92839525676644,540864
english_avg_grade,RandomForest,78.79691275167785,81.92839525676644,540864
english_avg_grade,RandomForest,80.95103225806452,81.92839525676644,540864
english_avg_grade,RandomForest,83.3,81.92839525676644,540864
english_avg_grade,RandomForest,82.8068253968254,81.67772133545137,540898
english_avg_grade,RandomForest,80.39529411764705,81.67772133545137,540898
english_avg_grade,RandomForest,83.0925,81.67772133545137,540898
english_avg_grade,RandomForest,82.76558139534883,81.67772133545137,540898
english_avg_grade,RandomForest,88.74260223048327,86.99125816344824,541045
english_avg_grade,RandomForest,87.5788,86.99125816344824,541045
english_avg_grade,RandomForest,85.56026431718062,86.99125816344824,541045
english_avg_grade,RandomForest,86.89479262672812,86.99125816344824,541045
english_avg_grade,RandomForest,83.57574712643678,84.77812877771056,541110
english_avg_grade,RandomForest,85.324425,84.77812877771056,541110
english_avg_grade,RandomForest,82.3276439790576,84.77812877771056,541110
english_avg_grade,RandomForest,82.04403225806452,84.77812877771056,541110
english_avg_grade,RandomForest,88.47386792452829,86.16567014741482,541169
english_avg_grade,RandomForest,88.00622489959841,86.16567014741482,541169
english_avg_grade,RandomForest,88.07144104803494,86.16567014741482,541169
english_avg_grade,RandomForest,86.16059405940595,86.16567014741482,541169
english_avg_grade,RandomForest,76.5543396226415,78.75681845460973,541268
english_avg_grade,RandomForest,77.41582524271846,78.75681845460973,541268
english_avg_grade,RandomForest,78.22105263157894,78.75681845460973,541268
english_avg_grade,RandomForest,78.224,78.75681845460973,541268
english_avg_grade,RandomForest,79.36,80.70539507019647,541367
english_avg_grade,RandomForest,75.23,80.70539507019647,541367
english_avg_grade,RandomForest,76.18,80.70539507019647,541367
english_avg_grade,RandomForest,82.53299999999999,81.14696824490257,541466
english_avg_grade,RandomForest,76.93466666666667,81.14696824490257,541466
english_avg_grade,RandomForest,77.5,81.14696824490257,541466
english_avg_grade,RandomForest,74.15,81.14696824490257,541466
english_avg_grade,RandomForest,91.2,77.22331550962689,541581
english_avg_grade,RandomForest,68.63,82.38519015026107,541730
english_avg_grade,RandomForest,65.25,82.38519015026107,541730
english_avg_grade,RandomForest,78.4,80.13262041984157,541789
english_avg_grade,RandomForest,72.29,80.13262041984157,541789
english_avg_grade,RandomForest,75.92,80.13262041984157,541789
english_avg_grade,RandomForest,76.55,83.75473279672755,541805
english_avg_grade,RandomForest,83.31,83.1359169174682,541920
english_avg_grade,RandomForest,81.91583333333334,83.1359169174682,541920
english_avg_grade,RandomForest,81.58064516129032,83.1359169174682,541920
english_avg_grade,RandomForest,87.17676470588235,83.1359169174682,541920
english_avg_grade,RandomForest,76.165,79.83409220705887,542027
english_avg_grade,RandomForest,79.86,79.83409220705887,542027
english_avg_grade,RandomForest,80.81333333333333,79.83409220705887,542027
english_avg_grade,RandomForest,92.7156043956044,85.86531829626848,544312
english_avg_grade,RandomForest,92.84,85.86531829626848,544312
english_avg_grade,RandomForest,91.41591836734696,85.86531829626848,544312
english_avg_grade,RandomForest,91.21403361344537,85.86531829626848,544312
english_avg_grade,RandomForest,82.9272,84.85348766626217,544353
english_avg_grade,RandomForest,80.94143884892087,84.85348766626217,544353
english_avg_grade,RandomForest,83.13551181102362,84.85348766626217,544353
english_avg_grade,RandomForest,85.55302631578948,84.85348766626217,544353
english_avg_grade,RandomForest,85.27744186046512,82.12884405237185,544395
english_avg_grade,RandomForest,86.08816666666667,82.12884405237185,544395
english_avg_grade,RandomForest,85.72063829787234,82.12884405237185,544395
english_avg_grade,RandomForest,85.42322222222222,82.12884405237185,544395
english_avg_grade,RandomForest,82.9545,82.71375536587716,544478
english_avg_grade,RandomForest,84.11581395348837,82.71375536587716,544478
english_avg_grade,RandomForest,82.09487804878047,82.71375536587716,544478
english_avg_grade,RandomForest,84.810625,82.71375536587716,544478
english_avg_grade,RandomForest,84.87508771929825,87.35063271113323,544494
english_avg_grade,RandomForest,86.462125,87.35063271113323,544494
english_avg_grade,RandomForest,88.39863013698631,87.35063271113323,544494
english_avg_grade,RandomForest,88.732,87.35063271113323,544494
english_avg_grade,RandomForest,82.17270676691729,84.58952437395999,544528
english_avg_grade,RandomForest,81.2233103448276,84.58952437395999,544528
english_avg_grade,RandomForest,82.23306451612905,84.58952437395999,544528
english_avg_grade,RandomForest,84.52767999999999,84.58952437395999,544528
english_avg_grade,RandomForest,76.29717647058824,82.47894390531486,544593
english_avg_grade,RandomForest,78.2882894736842,82.47894390531486,544593
english_avg_grade,RandomForest,74.45241758241758,82.47894390531486,544593
english_avg_grade,RandomForest,75.6822018348624,82.47894390531486,544593
english_avg_grade,RandomForest,79.10297872340426,82.88841947467928,544668
english_avg_grade,RandomForest,82.62,82.88841947467928,544668
english_avg_grade,RandomForest,81.9972549019608,82.88841947467928,544668
english_avg_grade,RandomForest,82.03923076923077,82.88841947467928,544668
english_avg_grade,RandomForest,82.39767441860465,78.40174875350627,544692
english_avg_grade,RandomForest,82.56,78.40174875350627,544692
english_avg_grade,RandomForest,79.66666666666667,78.40174875350627,544692
english_avg_grade,RandomForest,83.86,78.40174875350627,544692
english_avg_grade,RandomForest,73.65,82.358394588355,547042
english_avg_grade,RandomForest,78.75333333333333,82.358394588355,547042
english_avg_grade,RandomForest,81.62777777777777,82.358394588355,547042
english_avg_grade,RandomForest,78.73121212121212,82.358394588355,547042
english_avg_grade,RandomForest,83.89701492537314,78.37463868526278,548016
english_avg_grade,RandomForest,81.21966101694915,78.37463868526278,548016
english_avg_grade,RandomForest,76.4058108108108,78.37463868526278,548016
english_avg_grade,RandomForest,70.26222222222222,78.37463868526278,548016
english_avg_grade,RandomForest,88.44,81.88062760497944,548404
english_avg_grade,RandomForest,81.0,81.88062760497944,548404
english_avg_grade,RandomForest,80.56121951219512,81.88062760497944,548404
english_avg_grade,RandomForest,84.098,81.88062760497944,548404
english_avg_grade,RandomForest,77.71,87.6855959466691,560045
english_avg_grade,RandomForest,88.45,82.33301442414594,560094
english_avg_grade,RandomForest,87.23,82.33301442414594,560094
english_avg_grade,RandomForest,92.33,86.54631249054358,560136
english_avg_grade,RandomForest,91.5,86.54631249054358,560136
english_avg_grade,RandomForest,86.58,81.27236428748958,560268
english_avg_grade,RandomForest,85.58,84.21183981469895,560342
english_avg_grade,RandomForest,82.88328358208956,81.81710291681816,560508
english_avg_grade,RandomForest,86.57910447761195,81.81710291681816,560508
english_avg_grade,RandomForest,85.2710447761194,81.81710291681816,560508
english_avg_grade,RandomForest,87.75273127753303,88.66470008235882,570036
english_avg_grade,RandomForest,86.25749049429658,88.66470008235882,570036
english_avg_grade,RandomForest,86.19928315412186,88.66470008235882,570036
english_avg_grade,RandomForest,85.51776785714286,88.66470008235882,570036
english_avg_grade,RandomForest,83.30377777777777,83.40497624239966,570044
english_avg_grade,RandomForest,80.55411042944785,83.40497624239966,570044
english_avg_grade,RandomForest,82.76235668789808,83.40497624239966,570044
english_avg_grade,RandomForest,80.23161290322581,83.40497624239966,570044
english_avg_grade,RandomForest,85.6739240506329,82.01736505367035,570051
english_avg_grade,RandomForest,84.69046153846152,82.01736505367035,570051
english_avg_grade,RandomForest,86.06851851851852,82.01736505367035,570051
english_avg_grade,RandomForest,81.20545454545454,82.01736505367035,570051
english_avg_grade,RandomForest,80.85302631578948,82.4302219238195,570077
english_avg_grade,RandomForest,81.28320388349515,82.4302219238195,570077
english_avg_grade,RandomForest,83.25471074380165,82.4302219238195,570077
english_avg_grade,RandomForest,81.92348993288591,82.4302219238195,570077
english_avg_grade,RandomForest,84.09676691729322,85.8035165294256,570135
english_avg_grade,RandomForest,85.69326530612244,85.8035165294256,570135
english_avg_grade,RandomForest,86.12821428571428,85.8035165294256,570135
english_avg_grade,RandomForest,84.26405405405406,85.8035165294256,570135
english_avg_grade,RandomForest,82.34315533980583,84.96297281623329,570168
english_avg_grade,RandomForest,83.18679558011048,84.96297281623329,570168
english_avg_grade,RandomForest,84.19788381742738,84.96297281623329,570168
english_avg_grade,RandomForest,84.61456790123457,84.96297281623329,570168
english_avg_grade,RandomForest,64.82431034482758,78.51642432430928,570176
english_avg_grade,RandomForest,66.19,78.51642432430928,570176
english_avg_grade,RandomForest,73.90641509433962,78.51642432430928,570176
english_avg_grade,RandomForest,80.62703703703704,78.51642432430928,570176
english_avg_grade,RandomForest,84.87581005586593,86.54100968950071,570192
english_avg_grade,RandomForest,85.98316384180791,86.54100968950071,570192
english_avg_grade,RandomForest,87.06344660194175,86.54100968950071,570192
english_avg_grade,RandomForest,87.85097674418604,86.54100968950071,570192
english_avg_grade,RandomForest,85.76345794392523,85.3805800585734,570200
english_avg_grade,RandomForest,86.63108108108108,85.3805800585734,570200
english_avg_grade,RandomForest,87.45442622950819,85.3805800585734,570200
english_avg_grade,RandomForest,87.20864285714285,85.3805800585734,570200
english_avg_grade,RandomForest,76.36749999999999,82.35345557293833,570259
english_avg_grade,RandomForest,78.28,82.35345557293833,570259
english_avg_grade,RandomForest,79.8203947368421,82.35345557293833,570259
english_avg_grade,RandomForest,82.1652659574468,82.35345557293833,570259
english_avg_grade,RandomForest,92.86,87.9487076630126,570358
english_avg_grade,RandomForest,94.28,87.9487076630126,570358
english_avg_grade,RandomForest,94.09,87.9487076630126,570358
english_avg_grade,RandomForest,93.54,87.9487076630126,570358
english_avg_grade,RandomForest,86.75,86.68535401635118,570606
english_avg_grade,RandomForest,85.0,86.68535401635118,570606
english_avg_grade,RandomForest,85.68,86.68535401635118,570606
english_avg_grade,RandomForest,88.55,86.68535401635118,570606
english_avg_grade,RandomForest,81.13342857142857,79.6559772802041,570713
english_avg_grade,RandomForest,79.55619565217391,79.6559772802041,570713
english_avg_grade,RandomForest,81.68066666666667,79.6559772802041,570713
english_avg_grade,RandomForest,82.06361702127658,79.6559772802041,570713
english_avg_grade,RandomForest,87.22718309859157,86.82391394410193,571109
english_avg_grade,RandomForest,85.54645569620253,86.82391394410193,571109
english_avg_grade,RandomForest,85.19473684210526,86.82391394410193,571109
english_avg_grade,RandomForest,84.05088607594938,86.82391394410193,571109
english_avg_grade,RandomForest,78.47714285714285,79.69788514902456,571158
english_avg_grade,RandomForest,73.87161290322581,79.69788514902456,571158
english_avg_grade,RandomForest,73.86842105263158,79.69788514902456,571158
english_avg_grade,RandomForest,74.22622641509433,79.69788514902456,571158
english_avg_grade,RandomForest,79.59296296296297,81.33267042623731,571174
english_avg_grade,RandomForest,79.13023255813953,81.33267042623731,571174
english_avg_grade,RandomForest,81.49398230088495,81.33267042623731,571174
english_avg_grade,RandomForest,81.73617647058823,81.33267042623731,571174
english_avg_grade,RandomForest,89.87877551020406,78.5059012756522,571224
english_avg_grade,RandomForest,80.70724137931035,78.5059012756522,571224
english_avg_grade,RandomForest,83.25577464788732,78.5059012756522,571224
english_avg_grade,RandomForest,83.46792079207921,78.5059012756522,571224
english_avg_grade,RandomForest,89.27145454545455,86.70136050931666,580019
english_avg_grade,RandomForest,89.69061320754717,86.70136050931666,580019
english_avg_grade,RandomForest,91.58941780821918,86.70136050931666,580019
english_avg_grade,RandomForest,91.0907575757576,86.70136050931666,580019
english_avg_grade,RandomForest,70.26633333333334,71.02221986265491,610006
english_avg_grade,RandomForest,65.26171717171717,71.02221986265491,610006
english_avg_grade,RandomForest,73.91,76.2735878675026,610170
english_avg_grade,RandomForest,76.27,76.2735878675026,610170
english_avg_grade,RandomForest,81.0,76.50258447844475,614321
english_avg_grade,RandomForest,84.53,76.50258447844475,614321
english_avg_grade,RandomForest,87.56,76.50258447844475,614321
english_avg_grade,RandomForest,84.92,76.50258447844475,614321
english_avg_grade,RandomForest,80.65,78.75748671581214,615351
english_avg_grade,RandomForest,79.83,78.75748671581214,615351
english_avg_grade,RandomForest,84.47,78.75748671581214,615351
english_avg_grade,RandomForest,80.5,78.75748671581214,615351
english_avg_grade,RandomForest,79.01384615384616,77.43951110122609,640029
english_avg_grade,RandomForest,78.70171875,77.43951110122609,640029
english_avg_grade,RandomForest,78.4684375,77.43951110122609,640029
english_avg_grade,RandomForest,78.13216666666668,77.43951110122609,640029
english_avg_grade,RandomForest,77.12492537313433,81.21406870878454,640037
english_avg_grade,RandomForest,80.67077272727272,81.21406870878454,640037
english_avg_grade,RandomForest,78.006,81.21406870878454,640037
english_avg_grade,RandomForest,78.3570652173913,81.21406870878454,640037
english_avg_grade,RandomForest,80.90576923076924,78.55968956365874,640045
english_avg_grade,RandomForest,81.18945945945947,78.55968956365874,640045
english_avg_grade,RandomForest,79.36648648648648,78.55968956365874,640045
english_avg_grade,RandomForest,75.52868421052632,78.55968956365874,640045
english_avg_grade,RandomForest,80.1765925925926,78.01703576033141,640052
english_avg_grade,RandomForest,81.85495798319326,78.01703576033141,640052
english_avg_grade,RandomForest,79.03550724637681,78.01703576033141,640052
english_avg_grade,RandomForest,80.99791366906474,78.01703576033141,640052
english_avg_grade,RandomForest,82.19402985074628,78.01185323827279,640060
english_avg_grade,RandomForest,83.65816425120774,78.01185323827279,640060
english_avg_grade,RandomForest,81.36331606217617,78.01185323827279,640060
english_avg_grade,RandomForest,83.14459770114942,78.01185323827279,640060
english_avg_grade,RandomForest,74.79294642857143,77.0935703166329,640078
english_avg_grade,RandomForest,78.37054347826086,77.0935703166329,640078
english_avg_grade,RandomForest,76.571171875,77.0935703166329,640078
english_avg_grade,RandomForest,78.24336448598132,77.0935703166329,640078
english_avg_grade,RandomForest,79.18461538461538,78.81389028323366,640086
english_avg_grade,RandomForest,79.06845070422536,78.81389028323366,640086
english_avg_grade,RandomForest,80.02287769784174,78.81389028323366,640086
english_avg_grade,RandomForest,77.77473684210527,78.81389028323366,640086
english_avg_grade,RandomForest,69.06617021276595,77.22637279245829,640102
english_avg_grade,RandomForest,76.10913043478261,77.22637279245829,640102
english_avg_grade,RandomForest,72.3157894736842,77.22637279245829,640102
english_avg_grade,RandomForest,82.15125,77.22637279245829,640102
english_avg_grade,RandomForest,73.07,79.96149742248419,640110
english_avg_grade,RandomForest,83.53999999999999,79.96149742248419,640110
english_avg_grade,RandomForest,80.84186915887851,78.32454926450315,640128
english_avg_grade,RandomForest,81.76040322580646,78.32454926450315,640128
english_avg_grade,RandomForest,80.96342657342657,78.32454926450315,640128
english_avg_grade,RandomForest,80.14232558139534,78.32454926450315,640128
english_avg_grade,RandomForest,76.5961403508772,76.40503634192311,640136
english_avg_grade,RandomForest,76.14087719298246,76.40503634192311,640136
english_avg_grade,RandomForest,70.20431034482759,76.40503634192311,640136
english_avg_grade,RandomForest,70.04463768115941,76.40503634192311,640136
english_avg_grade,RandomForest,77.71,82.32057689114484,640151
english_avg_grade,RandomForest,79.06,82.32057689114484,640151
english_avg_grade,RandomForest,83.19384615384615,82.32057689114484,640151
english_avg_grade,RandomForest,77.51333333333332,82.32057689114484,640151
english_avg_grade,RandomForest,78.01235294117647,81.11905599802904,640177
english_avg_grade,RandomForest,81.75291666666666,81.11905599802904,640177
english_avg_grade,RandomForest,78.94821428571429,81.11905599802904,640177
english_avg_grade,RandomForest,79.2956862745098,81.11905599802904,640177
english_avg_grade,RandomForest,76.2773417721519,80.99157360366335,640185
english_avg_grade,RandomForest,80.47891304347826,80.99157360366335,640185
english_avg_grade,RandomForest,77.10289855072465,80.99157360366335,640185
english_avg_grade,RandomForest,82.0518918918919,80.99157360366335,640185
english_avg_grade,RandomForest,76.93455284552846,76.97280879491065,640193
english_avg_grade,RandomForest,80.51514925373135,76.97280879491065,640193
english_avg_grade,RandomForest,79.27941935483872,76.97280879491065,640193
english_avg_grade,RandomForest,79.06426035502959,76.97280879491065,640193
english_avg_grade,RandomForest,84.44646666666668,77.31095371393016,640227
english_avg_grade,RandomForest,79.91746987951807,77.31095371393016,640227
english_avg_grade,RandomForest,82.07714285714286,77.31095371393016,640227
english_avg_grade,RandomForest,81.44075675675676,77.31095371393016,640227
english_avg_grade,RandomForest,77.58140186915887,77.30793715940382,640235
english_avg_grade,RandomForest,76.4275572519084,77.30793715940382,640235
english_avg_grade,RandomForest,77.04456310679612,77.30793715940382,640235
english_avg_grade,RandomForest,79.10592233009709,77.30793715940382,640235
english_avg_grade,RandomForest,72.13573170731708,77.80782331456946,640243
english_avg_grade,RandomForest,71.56647058823529,77.80782331456946,640243
english_avg_grade,RandomForest,73.93676923076923,77.80782331456946,640243
english_avg_grade,RandomForest,75.91379310344827,77.80782331456946,640243
english_avg_grade,RandomForest,80.09038961038961,75.29476982545167,640276
english_avg_grade,RandomForest,76.20374999999999,75.29476982545167,640276
english_avg_grade,RandomForest,81.84975308641975,75.29476982545167,640276
english_avg_grade,RandomForest,83.11229885057472,75.29476982545167,640276
english_avg_grade,RandomForest,74.78518072289157,78.6318522798923,640318
english_avg_grade,RandomForest,71.615,78.6318522798923,640318
english_avg_grade,RandomForest,75.24040404040404,78.6318522798923,640318
english_avg_grade,RandomForest,73.97212765957447,78.6318522798923,640318
english_avg_grade,RandomForest,85.50960784313725,81.46318550616905,640359
english_avg_grade,RandomForest,84.50909090909092,81.46318550616905,640359
english_avg_grade,RandomForest,82.9275,81.46318550616905,640359
english_avg_grade,RandomForest,81.7379245283019,81.46318550616905,640359
english_avg_grade,RandomForest,87.27,83.71768310844796,640367
english_avg_grade,RandomForest,83.665,83.71768310844796,640367
english_avg_grade,RandomForest,78.90322580645162,83.71768310844796,640367
english_avg_grade,RandomForest,87.6,83.71768310844796,640367
english_avg_grade,RandomForest,72.25,78.649682683051,640375
english_avg_grade,RandomForest,77.84346153846154,79.7568885856436,640383
english_avg_grade,RandomForest,83.18,79.7568885856436,640383
english_avg_grade,RandomForest,80.41655172413793,79.7568885856436,640383
english_avg_grade,RandomForest,80.21,80.21322121821693,640391
english_avg_grade,RandomForest,79.87000000000002,80.21322121821693,640391
english_avg_grade,RandomForest,88.11,84.21251150054853,640425
english_avg_grade,RandomForest,84.67,84.21251150054853,640425
english_avg_grade,RandomForest,81.535,84.21251150054853,640425
english_avg_grade,RandomForest,81.12016216216216,79.12856008725353,640482
english_avg_grade,RandomForest,79.63682926829269,79.12856008725353,640482
english_avg_grade,RandomForest,80.58756218905472,79.12856008725353,640482
english_avg_grade,RandomForest,79.61266666666667,79.12856008725353,640482
english_avg_grade,RandomForest,82.66633333333333,78.18759386880195,640490
english_avg_grade,RandomForest,80.5672549019608,78.18759386880195,640490
english_avg_grade,RandomForest,84.02444444444444,78.18759386880195,640490
english_avg_grade,RandomForest,86.29,78.18759386880195,640490
english_avg_grade,RandomForest,84.835,79.14017054918021,640508
english_avg_grade,RandomForest,84.93545454545455,79.14017054918021,640508
english_avg_grade,RandomForest,74.69127272727273,79.14017054918021,640508
english_avg_grade,RandomForest,83.2,79.14017054918021,640508
english_avg_grade,RandomForest,82.35455882352942,82.65482933489498,640532
english_avg_grade,RandomForest,79.88926829268293,82.65482933489498,640532
english_avg_grade,RandomForest,83.16303797468355,82.65482933489498,640532
english_avg_grade,RandomForest,84.43011235955056,82.65482933489498,640532
english_avg_grade,RandomForest,86.21325,81.44524880135522,640581
english_avg_grade,RandomForest,86.60857142857142,81.44524880135522,640581
english_avg_grade,RandomForest,84.72380952380952,81.44524880135522,640581
english_avg_grade,RandomForest,83.87625,81.44524880135522,640581
english_avg_grade,RandomForest,78.0,77.71231102294983,640623
english_avg_grade,RandomForest,81.53627906976745,81.30847274624868,640631
english_avg_grade,RandomForest,81.61423076923077,81.30847274624868,640631
english_avg_grade,RandomForest,80.12385964912282,81.30847274624868,640631
english_avg_grade,RandomForest,84.41490909090909,81.30847274624868,640631
english_avg_grade,RandomForest,79.92615384615384,81.2538657840289,640649
english_avg_grade,RandomForest,73.79,81.2538657840289,640649
english_avg_grade,RandomForest,79.54054054054055,81.2538657840289,640649
english_avg_grade,RandomForest,82.71,81.2538657840289,640649
english_avg_grade,RandomForest,76.8198947368421,77.78402069467353,640656
english_avg_grade,RandomForest,79.56563106796116,77.78402069467353,640656
english_avg_grade,RandomForest,77.31990909090908,77.78402069467353,640656
english_avg_grade,RandomForest,74.07151162790697,77.78402069467353,640656
english_avg_grade,RandomForest,83.04,84.90904048842523,640664
english_avg_grade,RandomForest,84.28,84.90904048842523,640664
english_avg_grade,RandomForest,85.23,84.90904048842523,640664
english_avg_grade,RandomForest,87.21,84.90904048842523,640664
english_avg_grade,RandomForest,81.08279999999999,80.55980770193437,640672
english_avg_grade,RandomForest,83.37044025157232,80.55980770193437,640672
english_avg_grade,RandomForest,81.43374358974359,80.55980770193437,640672
english_avg_grade,RandomForest,84.25240384615384,80.55980770193437,640672
english_avg_grade,RandomForest,83.45,78.40064156277296,640771
english_avg_grade,RandomForest,76.88,78.40064156277296,640771
english_avg_grade,RandomForest,83.0,78.40064156277296,640771
english_avg_grade,RandomForest,84.67,78.40064156277296,640771
english_avg_grade,RandomForest,81.06912280701755,78.11313274484944,640807
english_avg_grade,RandomForest,82.5158064516129,78.11313274484944,640807
english_avg_grade,RandomForest,76.03285714285714,78.11313274484944,640807
english_avg_grade,RandomForest,76.02297872340425,78.11313274484944,640807
english_avg_grade,RandomForest,83.24448275862069,80.89053715450939,640821
english_avg_grade,RandomForest,76.36,80.89053715450939,640821
english_avg_grade,RandomForest,78.19,80.89053715450939,640821
english_avg_grade,RandomForest,82.53,84.0083495843865,640896
english_avg_grade,RandomForest,86.965,84.0083495843865,640896
english_avg_grade,RandomForest,81.52,84.0083495843865,640896
english_avg_grade,RandomForest,84.0,84.0083495843865,640896
english_avg_grade,RandomForest,82.56,81.33891634275761,640904
english_avg_grade,RandomForest,83.84,81.33891634275761,640904
english_avg_grade,RandomForest,78.24,81.33891634275761,640904
english_avg_grade,RandomForest,83.63,81.33891634275761,640904
english_avg_grade,RandomForest,64.25,81.66629010785138,640946
english_avg_grade,RandomForest,81.16193548387096,82.9847536764705,641183
english_avg_grade,RandomForest,90.18,82.9847536764705,641183
english_avg_grade,RandomForest,80.635,82.9847536764705,641183
english_avg_grade,RandomForest,80.11571428571429,82.9847536764705,641183
english_avg_grade,RandomForest,75.69,80.88530662737293,641191
english_avg_grade,RandomForest,77.47,80.88530662737293,641191
english_avg_grade,RandomForest,78.75,80.88530662737293,641191
english_avg_grade,RandomForest,83.24,83.14025448586848,641233
english_avg_grade,RandomForest,86.595,83.14025448586848,641233
english_avg_grade,RandomForest,86.0,83.14025448586848,641233
english_avg_grade,RandomForest,81.21018867924528,83.14025448586848,641233
english_avg_grade,RandomForest,81.0,79.28264611881082,641258
english_avg_grade,RandomForest,83.15,79.28264611881082,641258
english_avg_grade,RandomForest,86.31,81.07501816077692,641324
english_avg_grade,RandomForest,88.92,81.07501816077692,641324
english_avg_grade,RandomForest,84.64,81.07501816077692,641324
english_avg_grade,RandomForest,71.59444444444445,83.78466063905478,641332
english_avg_grade,RandomForest,77.89,83.78466063905478,641332
english_avg_grade,RandomForest,80.6896551724138,83.78466063905478,641332
english_avg_grade,RandomForest,76.15863636363638,83.78466063905478,641332
english_avg_grade,RandomForest,65.45,82.06618252428576,641365
english_avg_grade,RandomForest,73.0004,82.06618252428576,641365
english_avg_grade,RandomForest,74.45,82.06618252428576,641365
english_avg_grade,RandomForest,75.4235652173913,80.09416845997822,644062
english_avg_grade,RandomForest,78.95962121212119,80.09416845997822,644062
english_avg_grade,RandomForest,77.73345454545455,80.09416845997822,644062
english_avg_grade,RandomForest,78.39184,80.09416845997822,644062
english_avg_grade,RandomForest,80.69217391304348,72.70738029208553,644203
english_avg_grade,RandomForest,79.14428571428572,72.70738029208553,644203
english_avg_grade,RandomForest,76.60061224489796,72.70738029208553,644203
english_avg_grade,RandomForest,79.3884745762712,72.70738029208553,644203
english_avg_grade,RandomForest,83.15135802469135,81.16841277128387,644294
english_avg_grade,RandomForest,81.49229166666667,81.16841277128387,644294
english_avg_grade,RandomForest,83.71413934426229,81.16841277128387,644294
english_avg_grade,RandomForest,84.28843621399176,81.16841277128387,644294
english_avg_grade,RandomForest,77.18945054945054,82.19434436485783,644310
english_avg_grade,RandomForest,81.9158552631579,82.19434436485783,644310
english_avg_grade,RandomForest,78.61691099476438,82.19434436485783,644310
english_avg_grade,RandomForest,80.26542452830189,82.19434436485783,644310
english_avg_grade,RandomForest,78.59016666666666,79.3929908280256,644344
english_avg_grade,RandomForest,79.818,79.3929908280256,644344
english_avg_grade,RandomForest,78.38390909090909,79.3929908280256,644344
english_avg_grade,RandomForest,81.76980952380953,79.3929908280256,644344
english_avg_grade,RandomForest,83.2270464135021,81.75120872792664,644377
english_avg_grade,RandomForest,83.18658436213993,81.75120872792664,644377
english_avg_grade,RandomForest,85.18308411214953,81.75120872792664,644377
english_avg_grade,RandomForest,84.79739726027398,81.75120872792664,644377
english_avg_grade,RandomForest,74.86,83.21762313048265,644435
english_avg_grade,RandomForest,79.41767441860465,83.21762313048265,644435
english_avg_grade,RandomForest,77.67326923076924,83.21762313048265,644435
english_avg_grade,RandomForest,78.42,83.21762313048265,644435
english_avg_grade,RandomForest,85.02621621621623,82.507235100403,644443
english_avg_grade,RandomForest,85.86620689655172,82.507235100403,644443
english_avg_grade,RandomForest,83.70970588235295,82.507235100403,644443
english_avg_grade,RandomForest,85.3945945945946,82.507235100403,644443
english_avg_grade,RandomForest,79.41799999999999,79.10039905633936,644450
english_avg_grade,RandomForest,82.71282608695653,81.91889765937648,644484
english_avg_grade,RandomForest,81.64421052631579,81.91889765937648,644484
english_avg_grade,RandomForest,82.26751152073734,81.91889765937648,644484
english_avg_grade,RandomForest,81.73747787610618,81.91889765937648,644484
english_avg_grade,RandomForest,79.2652032520325,76.86855616954676,644492
english_avg_grade,RandomForest,78.55589743589745,76.86855616954676,644492
english_avg_grade,RandomForest,78.79592307692307,76.86855616954676,644492
english_avg_grade,RandomForest,79.11567375886524,76.86855616954676,644492
english_avg_grade,RandomForest,69.81725490196078,80.77714178850059,644526
english_avg_grade,RandomForest,73.48120689655173,80.77714178850059,644526
english_avg_grade,RandomForest,72.37872222222222,80.77714178850059,644526
english_avg_grade,RandomForest,74.0365945945946,80.77714178850059,644526
english_avg_grade,RandomForest,81.53350574712644,81.68308988318462,644534
english_avg_grade,RandomForest,80.87901734104047,81.68308988318462,644534
english_avg_grade,RandomForest,79.51824884792626,81.68308988318462,644534
english_avg_grade,RandomForest,82.6501226993865,81.68308988318462,644534
english_avg_grade,RandomForest,79.87455696202532,77.83702001898122,644542
english_avg_grade,RandomForest,76.41584905660378,77.83702001898122,644542
english_avg_grade,RandomForest,84.28677966101695,77.83702001898122,644542
english_avg_grade,RandomForest,82.31556962025316,77.83702001898122,644542
english_avg_grade,RandomForest,78.34336683417085,81.47813993024295,644559
english_avg_grade,RandomForest,80.13443925233645,81.47813993024295,644559
english_avg_grade,RandomForest,79.6072131147541,81.47813993024295,644559
english_avg_grade,RandomForest,80.29191919191919,81.47813993024295,644559
english_avg_grade,RandomForest,78.66454545454545,82.27525233948553,644583
english_avg_grade,RandomForest,79.17298507462687,82.27525233948553,644583
english_avg_grade,RandomForest,79.50528846153846,82.27525233948553,644583
english_avg_grade,RandomForest,80.27138392857144,82.27525233948553,644583
english_avg_grade,RandomForest,80.53633165829146,86.02271498025353,644591
english_avg_grade,RandomForest,82.58307692307693,86.02271498025353,644591
english_avg_grade,RandomForest,85.87304347826087,86.02271498025353,644591
english_avg_grade,RandomForest,85.33724444444445,86.02271498025353,644591
english_avg_grade,RandomForest,78.14,80.98544792501468,644666
english_avg_grade,RandomForest,80.10724137931035,80.98544792501468,644666
english_avg_grade,RandomForest,75.69,80.98544792501468,644666
english_avg_grade,RandomForest,83.17,80.98544792501468,644666
english_avg_grade,RandomForest,79.64151079136691,79.18259837180781,644690
english_avg_grade,RandomForest,79.93907894736842,79.18259837180781,644690
english_avg_grade,RandomForest,79.24431137724551,79.18259837180781,644690
english_avg_grade,RandomForest,81.36142857142858,79.18259837180781,644690
english_avg_grade,RandomForest,72.78561797752809,78.83278740325123,644708
english_avg_grade,RandomForest,70.55297872340427,78.83278740325123,644708
english_avg_grade,RandomForest,72.17148936170214,78.83278740325123,644708
english_avg_grade,RandomForest,73.51529411764706,78.83278740325123,644708
english_avg_grade,RandomForest,78.1772,79.2864067568382,644732
english_avg_grade,RandomForest,81.17239316239316,79.2864067568382,644732
english_avg_grade,RandomForest,80.60214765100672,79.2864067568382,644732
english_avg_grade,RandomForest,78.1133918128655,79.2864067568382,644732
english_avg_grade,RandomForest,91.0,82.31650741950472,644757
english_avg_grade,RandomForest,77.07095890410959,76.51071257314857,644781
english_avg_grade,RandomForest,77.5271875,76.51071257314857,644781
english_avg_grade,RandomForest,75.71,76.51071257314857,644781
english_avg_grade,RandomForest,73.05,76.51071257314857,644781
english_avg_grade,RandomForest,80.32744186046511,78.76212031268093,644807
english_avg_grade,RandomForest,82.22073170731707,78.76212031268093,644807
english_avg_grade,RandomForest,72.24000000000001,78.76212031268093,644807
english_avg_grade,RandomForest,72.06156250000001,78.76212031268093,644807
english_avg_grade,RandomForest,72.76664335664336,77.80502899548051,644823
english_avg_grade,RandomForest,71.77940000000001,77.80502899548051,644823
english_avg_grade,RandomForest,70.33620967741936,77.80502899548051,644823
english_avg_grade,RandomForest,72.04239583333334,77.80502899548051,644823
english_avg_grade,RandomForest,88.54,86.05945754050234,644831
english_avg_grade,RandomForest,87.97,86.05945754050234,644831
english_avg_grade,RandomForest,91.12,86.05945754050234,644831
english_avg_grade,RandomForest,88.97,86.05945754050234,644831
english_avg_grade,RandomForest,82.90511627906977,77.76835972600952,644849
english_avg_grade,RandomForest,84.03666666666666,77.76835972600952,644849
english_avg_grade,RandomForest,78.74,77.76835972600952,644849
english_avg_grade,RandomForest,80.01705882352942,77.76835972600952,644849
english_avg_grade,RandomForest,72.85014925373135,71.54775408517081,648030
english_avg_grade,RandomForest,75.78,71.54775408517081,648030
english_avg_grade,RandomForest,71.6696261682243,71.54775408517081,648030
english_avg_grade,RandomForest,70.10333333333334,71.54775408517081,648030
english_avg_grade,RandomForest,68.99695187165776,70.9200830434761,648048
english_avg_grade,RandomForest,67.71993710691824,70.9200830434761,648048
english_avg_grade,RandomForest,69.58374233128833,70.9200830434761,648048
english_avg_grade,RandomForest,70.73961783439489,70.9200830434761,648048
english_avg_grade,RandomForest,70.06,74.2579477949899,648063
english_avg_grade,RandomForest,70.07853658536585,74.2579477949899,648063
english_avg_grade,RandomForest,69.11767605633803,74.2579477949899,648063
english_avg_grade,RandomForest,74.37006289308177,74.2579477949899,648063
english_avg_grade,RandomForest,70.35962962962964,69.84253016464726,648071
english_avg_grade,RandomForest,75.97527638190954,69.84253016464726,648071
english_avg_grade,RandomForest,72.72666666666667,69.84253016464726,648071
english_avg_grade,RandomForest,71.8370588235294,69.84253016464726,648071
english_avg_grade,RandomForest,76.33,71.60335359435382,648089
english_avg_grade,RandomForest,73.67,71.60335359435382,648089
english_avg_grade,RandomForest,70.99959999999999,71.60335359435382,648089
english_avg_grade,RandomForest,66.76,71.60335359435382,648089
english_avg_grade,RandomForest,73.91109589041095,72.86618989304405,648097
english_avg_grade,RandomForest,74.66777777777777,72.86618989304405,648097
english_avg_grade,RandomForest,74.57311594202899,72.86618989304405,648097
english_avg_grade,RandomForest,75.69491525423729,72.86618989304405,648097
english_avg_grade,RandomForest,66.65797385620915,71.32596429340036,648113
english_avg_grade,RandomForest,68.90793548387097,71.32596429340036,648113
english_avg_grade,RandomForest,70.33052631578947,71.32596429340036,648113
english_avg_grade,RandomForest,67.28691588785047,71.32596429340036,648113
english_avg_grade,RandomForest,71.24558139534884,70.4813054825103,648121
english_avg_grade,RandomForest,70.18758241758242,70.4813054825103,648121
english_avg_grade,RandomForest,66.89542857142857,70.4813054825103,648121
english_avg_grade,RandomForest,68.52055555555555,70.4813054825103,648121
english_avg_grade,RandomForest,73.4167,72.63576053557942,648139
english_avg_grade,RandomForest,71.00598086124401,72.63576053557942,648139
english_avg_grade,RandomForest,72.97962365591397,72.63576053557942,648139
english_avg_grade,RandomForest,73.39702380952382,72.63576053557942,648139
english_avg_grade,RandomForest,72.28597014925373,71.80346448494753,648147
english_avg_grade,RandomForest,69.78565217391304,71.80346448494753,648147
english_avg_grade,RandomForest,69.36136363636365,71.80346448494753,648147
english_avg_grade,RandomForest,69.7869014084507,71.80346448494753,648147
english_avg_grade,RandomForest,70.80217391304348,73.16910039405744,648154
english_avg_grade,RandomForest,75.95048780487805,73.16910039405744,648154
english_avg_grade,RandomForest,72.42857142857143,73.16910039405744,648154
english_avg_grade,RandomForest,74.13,73.16910039405744,648154
english_avg_grade,RandomForest,68.30761538461539,71.72777877034801,648204
english_avg_grade,RandomForest,64.48709401709401,71.72777877034801,648204
english_avg_grade,RandomForest,67.08697674418606,71.72777877034801,648204
english_avg_grade,RandomForest,68.315,71.72777877034801,648204
english_avg_grade,RandomForest,64.11939393939394,73.1115609552629,648220
english_avg_grade,RandomForest,63.63999999999999,73.1115609552629,648220
english_avg_grade,RandomForest,65.09463414634146,73.1115609552629,648220
english_avg_grade,RandomForest,66.48734693877552,73.1115609552629,648220
english_avg_grade,RandomForest,71.47142857142858,69.92276554409317,648238
english_avg_grade,RandomForest,67.64,69.92276554409317,648238
english_avg_grade,RandomForest,68.57615384615384,69.92276554409317,648238
english_avg_grade,RandomForest,65.29653543307087,69.92276554409317,648238
english_avg_grade,RandomForest,74.42696428571428,71.06896918250132,648261
english_avg_grade,RandomForest,72.60280000000002,71.06896918250132,648261
english_avg_grade,RandomForest,65.69191176470588,71.06896918250132,648261
english_avg_grade,RandomForest,76.2548275862069,71.78200562970213,648279
english_avg_grade,RandomForest,74.72941176470589,71.78200562970213,648279
english_avg_grade,RandomForest,72.83254237288136,71.78200562970213,648279
english_avg_grade,RandomForest,70.23638297872341,71.78200562970213,648279
english_avg_grade,RandomForest,70.13636363636364,70.19524472183554,648287
english_avg_grade,RandomForest,65.09418604651164,70.19524472183554,648287
english_avg_grade,RandomForest,68.17191489361701,70.19524472183554,648287
english_avg_grade,RandomForest,70.36736842105263,70.19524472183554,648287
english_avg_grade,RandomForest,69.47875,72.59229761359678,648303
english_avg_grade,RandomForest,71.298,72.59229761359678,648303
english_avg_grade,RandomForest,67.665,72.59229761359678,648303
english_avg_grade,RandomForest,62.06704918032787,72.59229761359678,648303
english_avg_grade,RandomForest,59.87658536585366,73.01749395821963,648311
english_avg_grade,RandomForest,67.23815789473684,73.01749395821963,648311
english_avg_grade,RandomForest,67.78468085106383,73.01749395821963,648311
english_avg_grade,RandomForest,67.1818309859155,73.01749395821963,648311
english_avg_grade,RandomForest,63.55777777777777,71.7512268485948,648329
english_avg_grade,RandomForest,78.31731707317074,69.59766352322937,648337
english_avg_grade,RandomForest,76.4492105263158,69.59766352322937,648337
english_avg_grade,RandomForest,68.16239999999999,69.59766352322937,648337
english_avg_grade,RandomForest,69.90647058823531,69.59766352322937,648337
english_avg_grade,RandomForest,78.72958333333334,72.74289138575746,648345
english_avg_grade,RandomForest,76.10120689655172,72.74289138575746,648345
english_avg_grade,RandomForest,74.37931034482759,72.74289138575746,648345
english_avg_grade,RandomForest,87.84414634146341,85.13359910105865,660076
english_avg_grade,RandomForest,85.86336134453781,85.13359910105865,660076
english_avg_grade,RandomForest,87.13032000000001,85.13359910105865,660076
english_avg_grade,RandomForest,87.18824675324676,85.13359910105865,660076
english_avg_grade,RandomForest,83.99773584905661,83.15291345625343,660084
english_avg_grade,RandomForest,87.46677419354839,83.15291345625343,660084
english_avg_grade,RandomForest,87.42757575757575,83.15291345625343,660084
english_avg_grade,RandomForest,84.98583333333333,83.15291345625343,660084
english_avg_grade,RandomForest,78.54456,82.47531102540648,660126
english_avg_grade,RandomForest,82.18636363636365,82.47531102540648,660126
english_avg_grade,RandomForest,79.64315217391304,82.47531102540648,660126
english_avg_grade,RandomForest,79.87795811518325,82.47531102540648,660126
english_avg_grade,RandomForest,80.09501992031872,82.87825631475408,660134
english_avg_grade,RandomForest,82.34847826086957,82.87825631475408,660134
english_avg_grade,RandomForest,81.37446886446887,82.87825631475408,660134
english_avg_grade,RandomForest,82.2657191780822,82.87825631475408,660134
english_avg_grade,RandomForest,81.71,78.61664210915954,660209
english_avg_grade,RandomForest,80.69,78.61664210915954,660209
english_avg_grade,RandomForest,75.45,72.35147592441747,660225
english_avg_grade,RandomForest,84.866,83.07880095473782,660274
english_avg_grade,RandomForest,79.24634408602151,83.07880095473782,660274
english_avg_grade,RandomForest,81.43503759398497,83.07880095473782,660274
english_avg_grade,RandomForest,82.98697841726619,83.07880095473782,660274
english_avg_grade,RandomForest,82.452,81.70929756044303,660324
english_avg_grade,RandomForest,85.75055045871561,81.70929756044303,660324
english_avg_grade,RandomForest,84.62328767123287,81.70929756044303,660324
english_avg_grade,RandomForest,82.23513513513512,81.70929756044303,660324
english_avg_grade,RandomForest,89.53,79.96934425841847,660498
english_avg_grade,RandomForest,83.38230769230769,79.96934425841847,660498
english_avg_grade,RandomForest,87.61,79.96934425841847,660498
english_avg_grade,RandomForest,87.46000000000001,79.96934425841847,660498
english_avg_grade,RandomForest,78.23132231404958,82.32226223710103,670042
english_avg_grade,RandomForest,79.08788732394366,82.32226223710103,670042
english_avg_grade,RandomForest,79.12618677042802,82.32226223710103,670042
english_avg_grade,RandomForest,79.72870535714286,82.32226223710103,670042
english_avg_grade,RandomForest,80.28719101123595,78.99580090187811,670067
english_avg_grade,RandomForest,83.05363636363636,78.99580090187811,670067
english_avg_grade,RandomForest,82.54648484848485,78.99580090187811,670067
english_avg_grade,RandomForest,81.48122807017545,78.99580090187811,670067
english_avg_grade,RandomForest,75.02395348837209,78.60573666922633,670232
english_avg_grade,RandomForest,72.7159375,78.60573666922633,670232
english_avg_grade,RandomForest,76.37750000000001,78.60573666922633,670232
english_avg_grade,RandomForest,77.0350819672131,78.60573666922633,670232
english_avg_grade,RandomForest,72.67137931034483,81.08738684981529,670331
english_avg_grade,RandomForest,70.54283783783784,81.08738684981529,670331
english_avg_grade,RandomForest,68.83111111111111,81.08738684981529,670331
english_avg_grade,RandomForest,69.18268292682927,81.08738684981529,670331
english_avg_grade,RandomForest,68.5111111111111,76.271184166018,670414
english_avg_grade,RandomForest,73.03315789473685,76.271184166018,670414
english_avg_grade,RandomForest,74.62529411764706,76.271184166018,670414
english_avg_grade,RandomForest,75.01838709677419,76.271184166018,670414
english_avg_grade,RandomForest,72.0808988764045,79.03462973424028,670422
english_avg_grade,RandomForest,73.76164556962026,79.03462973424028,670422
english_avg_grade,RandomForest,73.05084210526316,79.03462973424028,670422
english_avg_grade,RandomForest,71.36446808510638,79.03462973424028,670422
english_avg_grade,RandomForest,75.10577205882353,79.96422386005314,670810
english_avg_grade,RandomForest,77.67938848920863,79.96422386005314,670810
english_avg_grade,RandomForest,76.91599303135888,79.96422386005314,670810
english_avg_grade,RandomForest,75.42819494584838,79.96422386005314,670810
english_avg_grade,RandomForest,67.91288888888889,69.93917367643927,678011
english_avg_grade,RandomForest,69.3457894736842,69.93917367643927,678011
english_avg_grade,RandomForest,70.47310810810811,69.93917367643927,678011
english_avg_grade,RandomForest,73.21168539325842,69.93917367643927,678011
english_avg_grade,RandomForest,83.31031872509962,84.63036109160221,680025
english_avg_grade,RandomForest,81.94052401746725,84.63036109160221,680025
english_avg_grade,RandomForest,84.43833333333333,84.63036109160221,680025
english_avg_grade,RandomForest,86.33488584474885,84.63036109160221,680025
english_avg_grade,RandomForest,79.60937931034483,80.67121181350794,680033
english_avg_grade,RandomForest,82.36705357142857,80.67121181350794,680033
english_avg_grade,RandomForest,82.87688888888889,80.67121181350794,680033
english_avg_grade,RandomForest,82.36574257425742,80.67121181350794,680033
english_avg_grade,RandomForest,77.41117647058825,79.49841484599611,680066
english_avg_grade,RandomForest,75.32697674418606,79.49841484599611,680066
english_avg_grade,RandomForest,73.84473684210526,79.49841484599611,680066
english_avg_grade,RandomForest,71.07292682926828,79.49841484599611,680066
english_avg_grade,RandomForest,73.0,81.08307592211325,680108
english_avg_grade,RandomForest,77.1386111111111,81.08307592211325,680108
english_avg_grade,RandomForest,68.73,81.08307592211325,680108
english_avg_grade,RandomForest,69.0,81.08307592211325,680108
english_avg_grade,RandomForest,73.64342105263158,77.10375529245711,770057
english_avg_grade,RandomForest,76.31623529411765,77.10375529245711,770057
english_avg_grade,RandomForest,76.83239436619718,77.10375529245711,770057
english_avg_grade,RandomForest,76.50957746478873,77.10375529245711,770057
english_avg_grade,RandomForest,85.08308056872038,83.8496325403832,770065
english_avg_grade,RandomForest,84.63352697095436,83.8496325403832,770065
english_avg_grade,RandomForest,83.06275092936802,83.8496325403832,770065
english_avg_grade,RandomForest,83.62450184501844,83.8496325403832,770065
english_avg_grade,RandomForest,84.62753246753246,83.76582036728058,770073
english_avg_grade,RandomForest,86.24723981900452,83.76582036728058,770073
english_avg_grade,RandomForest,86.94838297872342,83.76582036728058,770073
english_avg_grade,RandomForest,85.7829411764706,83.76582036728058,770073
english_avg_grade,RandomForest,63.92,78.0694130778296,770222
english_avg_grade,RandomForest,62.18,78.0694130778296,770222
english_avg_grade,RandomForest,63.290000000000006,78.0694130778296,770222
english_avg_grade,RandomForest,61.88,78.0694130778296,770222
english_avg_grade,RandomForest,88.14596026490065,88.37094892556938,770297
english_avg_grade,RandomForest,88.47833333333334,88.37094892556938,770297
english_avg_grade,RandomForest,88.461059602649,88.37094892556938,770297
english_avg_grade,RandomForest,88.69770833333332,88.37094892556938,770297
english_avg_grade,RandomForest,81.1253125,84.87187205792799,770305
english_avg_grade,RandomForest,83.70261363636364,84.87187205792799,770305
english_avg_grade,RandomForest,81.69669724770641,84.87187205792799,770305
english_avg_grade,RandomForest,85.53361904761904,84.87187205792799,770305
english_avg_grade,RandomForest,80.33864516129033,76.81324511898953,770396
english_avg_grade,RandomForest,77.4064739884393,76.81324511898953,770396
english_avg_grade,RandomForest,78.86270676691728,76.81324511898953,770396
english_avg_grade,RandomForest,76.374,76.81324511898953,770396
english_avg_grade,RandomForest,85.7498245614035,81.0183702253493,770412
english_avg_grade,RandomForest,79.74345454545455,81.0183702253493,770412
english_avg_grade,RandomForest,84.84318181818183,81.0183702253493,770412
english_avg_grade,RandomForest,78.91,81.0183702253493,770412
english_avg_grade,RandomForest,83.6511,84.74713173814227,770453
english_avg_grade,RandomForest,84.34139682539683,84.74713173814227,770453
english_avg_grade,RandomForest,84.57098684210527,84.74713173814227,770453
english_avg_grade,RandomForest,85.05899193548387,84.74713173814227,770453
english_avg_grade,RandomForest,81.01115384615385,81.06951627136745,770461
english_avg_grade,RandomForest,81.38506172839507,81.06951627136745,770461
english_avg_grade,RandomForest,81.9968472906404,81.06951627136745,770461
english_avg_grade,RandomForest,80.76743169398907,81.06951627136745,770461
english_avg_grade,RandomForest,86.22402985074628,80.32060455643948,770495
english_avg_grade,RandomForest,88.74544303797468,80.32060455643948,770495
english_avg_grade,RandomForest,89.41571428571429,80.32060455643948,770495
english_avg_grade,RandomForest,89.15327586206895,80.32060455643948,770495
english_avg_grade,RandomForest,85.64,81.62984483303333,770503
english_avg_grade,RandomForest,86.96,81.62984483303333,770503
english_avg_grade,RandomForest,80.76,81.62984483303333,770503
english_avg_grade,RandomForest,84.05,81.62984483303333,770503
english_avg_grade,RandomForest,80.7751094890511,78.11863648920298,770552
english_avg_grade,RandomForest,81.55084967320262,78.11863648920298,770552
english_avg_grade,RandomForest,79.62288590604027,78.11863648920298,770552
english_avg_grade,RandomForest,79.14251336898396,78.11863648920298,770552
english_avg_grade,RandomForest,78.4564238410596,81.11526506403752,770586
english_avg_grade,RandomForest,79.06304964539007,81.11526506403752,770586
english_avg_grade,RandomForest,81.16058139534883,81.11526506403752,770586
english_avg_grade,RandomForest,80.70490683229814,81.11526506403752,770586
english_avg_grade,RandomForest,87.6925,82.77991974142853,770602
english_avg_grade,RandomForest,86.56566037735848,82.77991974142853,770602
english_avg_grade,RandomForest,88.34373333333335,82.77991974142853,770602
english_avg_grade,RandomForest,87.88044444444444,82.77991974142853,770602
english_avg_grade,RandomForest,85.396,80.83652203362573,770727
english_avg_grade,RandomForest,84.288,80.83652203362573,770727
english_avg_grade,RandomForest,89.04,80.83652203362573,770727
english_avg_grade,RandomForest,87.67434782608696,80.83652203362573,770727
english_avg_grade,RandomForest,78.71923076923078,76.44124960991041,770768
english_avg_grade,RandomForest,77.28628571428571,76.44124960991041,770768
english_avg_grade,RandomForest,77.13533333333334,76.44124960991041,770768
english_avg_grade,RandomForest,74.24928571428572,76.44124960991041,770768
english_avg_grade,RandomForest,78.19094594594594,78.91879947803795,770776
english_avg_grade,RandomForest,79.37892857142856,78.91879947803795,770776
english_avg_grade,RandomForest,77.5411111111111,78.91879947803795,770776
english_avg_grade,RandomForest,75.93955223880597,78.91879947803795,770776
english_avg_grade,RandomForest,89.27586206896552,77.19612042161035,770784
english_avg_grade,RandomForest,84.44758620689655,77.19612042161035,770784
english_avg_grade,RandomForest,83.4,77.19612042161035,770784
english_avg_grade,RandomForest,77.42960784313725,77.19612042161035,770784
english_avg_grade,RandomForest,77.27740585774059,81.44230423746127,770826
english_avg_grade,RandomForest,76.30728643216081,81.44230423746127,770826
english_avg_grade,RandomForest,76.27790794979079,81.44230423746127,770826
english_avg_grade,RandomForest,79.84052631578948,81.44230423746127,770826
english_avg_grade,RandomForest,83.10379310344828,77.05874692818963,770834
english_avg_grade,RandomForest,80.25,77.05874692818963,770834
english_avg_grade,RandomForest,89.00096774193547,77.05874692818963,770834
english_avg_grade,RandomForest,85.81004830917874,87.10792782378286,770842
english_avg_grade,RandomForest,85.32403124999999,87.10792782378286,770842
english_avg_grade,RandomForest,86.58438709677421,87.10792782378286,770842
english_avg_grade,RandomForest,86.34990415335463,87.10792782378286,770842
english_avg_grade,RandomForest,81.87484848484847,80.82777383635836,770859
english_avg_grade,RandomForest,80.46658959537572,80.82777383635836,770859
english_avg_grade,RandomForest,83.06377990430623,80.82777383635836,770859
english_avg_grade,RandomForest,82.22543147208121,80.82777383635836,770859
english_avg_grade,RandomForest,78.95038834951457,84.1525851011675,770875
english_avg_grade,RandomForest,83.42106796116505,84.1525851011675,770875
english_avg_grade,RandomForest,82.15842105263158,84.1525851011675,770875
english_avg_grade,RandomForest,81.09010152284264,84.1525851011675,770875
english_avg_grade,RandomForest,84.45200000000001,83.62901401743517,770941
english_avg_grade,RandomForest,86.21076923076923,83.62901401743517,770941
english_avg_grade,RandomForest,86.73564102564103,83.62901401743517,770941
english_avg_grade,RandomForest,86.08280898876404,83.62901401743517,770941
english_avg_grade,RandomForest,78.27,74.54457602024081,771030
english_avg_grade,RandomForest,82.4469655172414,85.48398655725407,771071
english_avg_grade,RandomForest,83.55131097560977,85.48398655725407,771071
english_avg_grade,RandomForest,83.32092920353982,85.48398655725407,771071
english_avg_grade,RandomForest,84.01904761904763,85.48398655725407,771071
english_avg_grade,RandomForest,85.53769230769231,87.01233380113418,771089
english_avg_grade,RandomForest,86.50086956521739,87.01233380113418,771089
english_avg_grade,RandomForest,83.59673076923076,87.01233380113418,771089
english_avg_grade,RandomForest,89.02,87.01233380113418,771089
english_avg_grade,RandomForest,87.96,78.37448012235885,771105
english_avg_grade,RandomForest,87.72,78.37448012235885,771105
english_avg_grade,RandomForest,89.4,78.37448012235885,771105
english_avg_grade,RandomForest,90.93,78.37448012235885,771105
english_avg_grade,RandomForest,82.52329113924051,80.23225557150045,800003
english_avg_grade,RandomForest,81.38132911392405,80.23225557150045,800003
english_avg_grade,RandomForest,81.20833333333333,80.23225557150045,800003
english_avg_grade,RandomForest,82.61483443708609,80.23225557150045,800003
english_avg_grade,RandomForest,68.1216891891892,72.4543257526226,800037
english_avg_grade,RandomForest,69.68787878787879,72.4543257526226,800037
english_avg_grade,RandomForest,69.86344537815125,72.4543257526226,800037
english_avg_grade,RandomForest,70.79083333333332,72.4543257526226,800037
english_avg_grade,RandomForest,79.75845018450185,77.67120446115445,800052
english_avg_grade,RandomForest,82.20800000000001,77.67120446115445,800052
english_avg_grade,RandomForest,79.98368821292776,77.67120446115445,800052
english_avg_grade,RandomForest,81.31195804195805,77.67120446115445,800052
english_avg_grade,RandomForest,73.537,77.75188008063772,800060
english_avg_grade,RandomForest,73.45615384615384,77.75188008063772,800060
english_avg_grade,RandomForest,73.57555555555554,77.75188008063772,800060
english_avg_grade,RandomForest,74.92739130434782,77.75188008063772,800060
english_avg_grade,RandomForest,75.6941129032258,79.64779411372368,800078
english_avg_grade,RandomForest,76.37299270072992,79.64779411372368,800078
english_avg_grade,RandomForest,77.46854166666667,79.64779411372368,800078
english_avg_grade,RandomForest,75.27089171974522,79.64779411372368,800078
english_avg_grade,RandomForest,74.9272,82.11623376339982,800086
english_avg_grade,RandomForest,80.35503144654089,82.11623376339982,800086
english_avg_grade,RandomForest,78.81385093167701,82.11623376339982,800086
english_avg_grade,RandomForest,78.82923076923078,82.11623376339982,800086
english_avg_grade,RandomForest,71.4725,75.95791764143215,800094
english_avg_grade,RandomForest,76.30062827225132,75.95791764143215,800094
english_avg_grade,RandomForest,77.99850877192982,75.95791764143215,800094
english_avg_grade,RandomForest,74.86165938864629,75.95791764143215,800094
english_avg_grade,RandomForest,76.78741666666666,77.22359058553324,800102
english_avg_grade,RandomForest,75.2010582010582,77.22359058553324,800102
english_avg_grade,RandomForest,74.67887931034484,77.22359058553324,800102
english_avg_grade,RandomForest,74.20682352941176,77.22359058553324,800102
english_avg_grade,RandomForest,70.07780000000001,74.5915151095788,800110
english_avg_grade,RandomForest,76.39526315789473,74.5915151095788,800110
english_avg_grade,RandomForest,82.20908396946564,80.09227892376148,800128
english_avg_grade,RandomForest,83.38884892086331,80.09227892376148,800128
english_avg_grade,RandomForest,83.74658536585366,80.09227892376148,800128
english_avg_grade,RandomForest,81.83061728395063,80.09227892376148,800128
english_avg_grade,RandomForest,72.95951612903227,78.82670142467514,800136
english_avg_grade,RandomForest,75.52417112299466,78.82670142467514,800136
english_avg_grade,RandomForest,74.84099447513812,78.82670142467514,800136
english_avg_grade,RandomForest,73.22381502890174,78.82670142467514,800136
english_avg_grade,RandomForest,69.19105263157894,71.44049852403772,800144
english_avg_grade,RandomForest,68.38623529411764,71.44049852403772,800144
english_avg_grade,RandomForest,69.68079646017699,71.44049852403772,800144
english_avg_grade,RandomForest,67.26537037037036,71.44049852403772,800144
english_avg_grade,RandomForest,86.15,83.65753385846452,841213
english_avg_grade,RandomForest,78.53,83.65753385846452,841213
english_avg_grade,RandomForest,83.24219512195123,83.65753385846452,841213
english_avg_grade,RandomForest,86.74222222222222,83.65753385846452,841213
english_avg_grade,RandomForest,83.92,79.99551020185427,841247
english_avg_grade,RandomForest,85.50725806451614,86.61190838971996,841254
english_avg_grade,RandomForest,86.83208695652175,86.61190838971996,841254
english_avg_grade,RandomForest,85.88,86.61190838971996,841254
english_avg_grade,RandomForest,86.81781818181817,86.61190838971996,841254
english_avg_grade,RandomForest,79.65401869158877,85.1174171895799,841262
english_avg_grade,RandomForest,82.3682142857143,85.1174171895799,841262
english_avg_grade,RandomForest,83.57358333333335,85.1174171895799,841262
english_avg_grade,RandomForest,82.50612676056338,85.1174171895799,841262
english_avg_grade,RandomForest,85.2586170212766,84.62911138528989,844076
english_avg_grade,RandomForest,86.47973890339426,84.62911138528989,844076
english_avg_grade,RandomForest,85.8291620111732,84.62911138528989,844076
english_avg_grade,RandomForest,85.71810880829017,84.62911138528989,844076
english_avg_grade,RandomForest,75.03882352941176,82.92838839447127,860361
english_avg_grade,RandomForest,77.35879999999999,82.92838839447127,860361
english_avg_grade,RandomForest,76.98293103448276,82.92838839447127,860361
english_avg_grade,RandomForest,75.56739130434782,82.92838839447127,860361
english_avg_grade,RandomForest,71.1,78.6080310327969,900076
english_avg_grade,RandomForest,74.83,78.6080310327969,900076
english_avg_grade,RandomForest,74.96,78.6080310327969,900076
english_avg_grade,RandomForest,72.92,78.6080310327969,900076
math_5unit_participation,RandomForest,0.0,0.005394865080151525,120238
math_5unit_participation,RandomForest,0.0,0.005394865080151525,120238
math_5unit_participation,RandomForest,0.0,0.005394865080151525,120238
math_5unit_participation,RandomForest,0.2711864406779661,0.13539149601898468,140012
math_5unit_participation,RandomForest,0.2318840579710145,0.13539149601898468,140012
math_5unit_participation,RandomForest,0.2403846153846154,0.13539149601898468,140012
math_5unit_participation,RandomForest,0.2845528455284553,0.13539149601898468,140012
math_5unit_participation,RandomForest,0.0,0.0459970766192822,140038
math_5unit_participation,RandomForest,0.0,0.0459970766192822,140038
math_5unit_participation,RandomForest,0.0,0.0459970766192822,140038
math_5unit_participation,RandomForest,0.0,0.0459970766192822,140038
math_5unit_participation,RandomForest,0.075187969924812,0.11166126517769515,140046
math_5unit_participation,RandomForest,0.112,0.11166126517769515,140046
math_5unit_participation,RandomForest,0.0787401574803149,0.11166126517769515,140046
math_5unit_participation,RandomForest,0.0909090909090909,0.11166126517769515,140046
math_5unit_participation,RandomForest,0.1,0.24043496479886595,140053
math_5unit_participation,RandomForest,0.0952380952380952,0.24043496479886595,140053
math_5unit_participation,RandomForest,0.0,0.24043496479886595,140053
math_5unit_participation,RandomForest,0.1515151515151515,0.24043496479886595,140053
math_5unit_participation,RandomForest,0.3478260869565217,0.22776405258720492,140061
math_5unit_participation,RandomForest,0.377906976744186,0.22776405258720492,140061
math_5unit_participation,RandomForest,0.4319526627218935,0.22776405258720492,140061
math_5unit_participation,RandomForest,0.4581005586592179,0.22776405258720492,140061
math_5unit_participation,RandomForest,0.0854700854700854,0.10751241776571875,140079
math_5unit_participation,RandomForest,0.064516129032258,0.10751241776571875,140079
math_5unit_participation,RandomForest,0.0956521739130434,0.10751241776571875,140079
math_5unit_participation,RandomForest,0.0677966101694915,0.10751241776571875,140079
math_5unit_participation,RandomForest,0.0545454545454545,0.12445076201572908,140087
math_5unit_participation,RandomForest,0.0896551724137931,0.12445076201572908,140087
math_5unit_participation,RandomForest,0.0845070422535211,0.12445076201572908,140087
math_5unit_participation,RandomForest,0.088235294117647,0.12445076201572908,140087
math_5unit_participation,RandomForest,0.1111111111111111,0.06275516219987616,140095
math_5unit_participation,RandomForest,0.0704225352112676,0.06275516219987616,140095
math_5unit_participation,RandomForest,0.0941176470588235,0.06275516219987616,140095
math_5unit_participation,RandomForest,0.1186440677966101,0.06275516219987616,140095
math_5unit_participation,RandomForest,0.1422018348623853,0.2317312085484378,140103
math_5unit_participation,RandomForest,0.1422222222222222,0.2317312085484378,140103
math_5unit_participation,RandomForest,0.1725663716814159,0.2317312085484378,140103
math_5unit_participation,RandomForest,0.1574074074074074,0.2317312085484378,140103
math_5unit_participation,RandomForest,0.0,0.09706714981432665,140129
math_5unit_participation,RandomForest,0.0746268656716417,0.09706714981432665,140129
math_5unit_participation,RandomForest,0.0,0.09706714981432665,140129
math_5unit_participation,RandomForest,0.2121212121212121,0.09706714981432665,140129
math_5unit_participation,RandomForest,0.175438596491228,0.10495401636064439,140137
math_5unit_participation,RandomForest,0.0945945945945946,0.10495401636064439,140137
math_5unit_participation,RandomForest,0.1228070175438596,0.10495401636064439,140137
math_5unit_participation,RandomForest,0.21875,0.10495401636064439,140137
math_5unit_participation,RandomForest,0.2689075630252101,0.1811265343746459,140145
math_5unit_participation,RandomForest,0.3,0.1811265343746459,140145
math_5unit_participation,RandomForest,0.3303571428571428,0.1811265343746459,140145
math_5unit_participation,RandomForest,0.5233644859813084,0.1811265343746459,140145
math_5unit_participation,RandomForest,0.2253521126760563,0.13653463820003822,140160
math_5unit_participation,RandomForest,0.1724137931034483,0.13653463820003822,140160
math_5unit_participation,RandomForest,0.1911764705882352,0.13653463820003822,140160
math_5unit_participation,RandomForest,0.2786885245901639,0.13653463820003822,140160
math_5unit_participation,RandomForest,0.1463414634146341,0.1521112936043992,140186
math_5unit_participation,RandomForest,0.2300884955752212,0.1521112936043992,140186
math_5unit_participation,RandomForest,0.1558441558441558,0.1521112936043992,140186
math_5unit_participation,RandomForest,0.1941747572815534,0.1521112936043992,140186
math_5unit_participation,RandomForest,0.0,0.053158464289661575,140202
math_5unit_participation,RandomForest,0.0,0.053158464289661575,140202
math_5unit_participation,RandomForest,0.0,0.053158464289661575,140202
math_5unit_participation,RandomForest,0.0,0.053158464289661575,140202
math_5unit_participation,RandomForest,0.1940298507462686,0.2118170812462105,140236
math_5unit_participation,RandomForest,0.1818181818181818,0.2118170812462105,140236
math_5unit_participation,RandomForest,0.2769230769230769,0.2118170812462105,140236
math_5unit_participation,RandomForest,0.1935483870967742,0.2118170812462105,140236
math_5unit_participation,RandomForest,0.0,0.021386295106689247,140251
math_5unit_participation,RandomForest,0.0,0.021386295106689247,140251
math_5unit_participation,RandomForest,0.0,0.021386295106689247,140251
math_5unit_participation,RandomForest,0.0,0.021386295106689247,140251
math_5unit_participation,RandomForest,0.0,0.017303292455169074,140269
math_5unit_participation,RandomForest,0.0,0.017303292455169074,140269
math_5unit_participation,RandomForest,0.0,0.017303292455169074,140269
math_5unit_participation,RandomForest,0.0,0.017303292455169074,140269
math_5unit_participation,RandomForest,0.2676056338028169,0.037866998581780775,140277
math_5unit_participation,RandomForest,0.1346153846153846,0.037866998581780775,140277
math_5unit_participation,RandomForest,0.3035714285714285,0.037866998581780775,140277
math_5unit_participation,RandomForest,0.328125,0.037866998581780775,140277
math_5unit_participation,RandomForest,0.0,0.09320018356959782,140491
math_5unit_participation,RandomForest,0.0,0.09320018356959782,140491
math_5unit_participation,RandomForest,0.0,0.09320018356959782,140491
math_5unit_participation,RandomForest,0.14,0.09320018356959782,140491
math_5unit_participation,RandomForest,0.0,0.011233222482948918,140525
math_5unit_participation,RandomForest,0.0,0.011233222482948918,140525
math_5unit_participation,RandomForest,0.0,0.011233222482948918,140525
math_5unit_participation,RandomForest,0.0,0.011233222482948918,140525
math_5unit_participation,RandomForest,0.0843373493975903,0.10230664548822965,140665
math_5unit_participation,RandomForest,0.1232876712328767,0.10230664548822965,140665
math_5unit_participation,RandomForest,0.1011235955056179,0.10230664548822965,140665
math_5unit_participation,RandomForest,0.0777777777777777,0.10230664548822965,140665
math_5unit_participation,RandomForest,0.0839160839160839,0.19298841121587043,140723
math_5unit_participation,RandomForest,0.075187969924812,0.19298841121587043,140723
math_5unit_participation,RandomForest,0.0486111111111111,0.19298841121587043,140723
math_5unit_participation,RandomForest,0.0863309352517985,0.19298841121587043,140723
math_5unit_participation,RandomForest,0.08,0.09734546884904467,140731
math_5unit_participation,RandomForest,0.0505050505050505,0.09734546884904467,140731
math_5unit_participation,RandomForest,0.0708661417322834,0.09734546884904467,140731
math_5unit_participation,RandomForest,0.074074074074074,0.09734546884904467,140731
math_5unit_participation,RandomForest,0.110091743119266,0.18760354486499822,140764
math_5unit_participation,RandomForest,0.3,0.18760354486499822,140764
math_5unit_participation,RandomForest,0.3283582089552239,0.18760354486499822,140764
math_5unit_participation,RandomForest,0.4142857142857143,0.18760354486499822,140764
math_5unit_participation,RandomForest,0.0,0.24463394317151893,140806
math_5unit_participation,RandomForest,0.0,0.24463394317151893,140806
math_5unit_participation,RandomForest,0.08,0.24463394317151893,140806
math_5unit_participation,RandomForest,0.0549450549450549,0.24463394317151893,140806
math_5unit_participation,RandomForest,0.0,0.018411689922111518,140848
math_5unit_participation,RandomForest,0.0,0.018411689922111518,140848
math_5unit_participation,RandomForest,0.0,0.018411689922111518,140848
math_5unit_participation,RandomForest,0.0,0.018411689922111518,140848
math_5unit_participation,RandomForest,0.06875,0.1218750593851998,140863
math_5unit_participation,RandomForest,0.048780487804878,0.1218750593851998,140863
math_5unit_participation,RandomForest,0.0825242718446602,0.1218750593851998,140863
math_5unit_participation,RandomForest,0.1717791411042944,0.1218750593851998,140863
math_5unit_participation,RandomForest,0.0,0.02382561341786812,140871
math_5unit_participation,RandomForest,0.0,0.02382561341786812,140871
math_5unit_participation,RandomForest,0.0,0.02382561341786812,140871
math_5unit_participation,RandomForest,0.0,0.02382561341786812,140871
math_5unit_participation,RandomForest,0.0610687022900763,0.18316667835444608,140913
math_5unit_participation,RandomForest,0.1216216216216216,0.18316667835444608,140913
math_5unit_participation,RandomForest,0.1594202898550724,0.18316667835444608,140913
math_5unit_participation,RandomForest,0.1780821917808219,0.18316667835444608,140913
math_5unit_participation,RandomForest,0.0,0.08979480894493518,140939
math_5unit_participation,RandomForest,0.0,0.08979480894493518,140939
math_5unit_participation,RandomForest,0.1333333333333333,0.08979480894493518,140939
math_5unit_participation,RandomForest,0.0,0.08979480894493518,140939
math_5unit_participation,RandomForest,0.0,0.10246305024779222,140954
math_5unit_participation,RandomForest,0.0,0.10246305024779222,140954
math_5unit_participation,RandomForest,0.0,0.10246305024779222,140954
math_5unit_participation,RandomForest,0.0,0.10246305024779222,140954
math_5unit_participation,RandomForest,0.0,0.13663734888687326,140962
math_5unit_participation,RandomForest,0.1095890410958904,0.13663734888687326,140962
math_5unit_participation,RandomForest,0.1025641025641025,0.13663734888687326,140962
math_5unit_participation,RandomForest,0.1097560975609756,0.13663734888687326,140962
math_5unit_participation,RandomForest,0.0719424460431654,0.101273384679286,140970
math_5unit_participation,RandomForest,0.1085271317829457,0.101273384679286,140970
math_5unit_participation,RandomForest,0.106060606060606,0.101273384679286,140970
math_5unit_participation,RandomForest,0.0955414012738853,0.101273384679286,140970
math_5unit_participation,RandomForest,0.0,0.06488052011522859,141010
math_5unit_participation,RandomForest,0.0,0.06488052011522859,141010
math_5unit_participation,RandomForest,0.0,0.06488052011522859,141010
math_5unit_participation,RandomForest,0.0,0.06488052011522859,141010
math_5unit_participation,RandomForest,0.1311475409836065,0.1739572783689786,141028
math_5unit_participation,RandomForest,0.2678571428571428,0.1739572783689786,141028
math_5unit_participation,RandomForest,0.1216216216216216,0.1739572783689786,141028
math_5unit_participation,RandomForest,0.2741935483870967,0.1739572783689786,141028
math_5unit_participation,RandomForest,0.1044776119402985,0.21074686660676764,141101
math_5unit_participation,RandomForest,0.2075471698113207,0.21074686660676764,141101
math_5unit_participation,RandomForest,0.1818181818181818,0.21074686660676764,141101
math_5unit_participation,RandomForest,0.1896551724137931,0.21074686660676764,141101
math_5unit_participation,RandomForest,0.0,0.00783625071939755,141119
math_5unit_participation,RandomForest,0.1136363636363636,0.03908643276015096,141168
math_5unit_participation,RandomForest,0.0,0.03908643276015096,141168
math_5unit_participation,RandomForest,0.2619047619047619,0.03908643276015096,141168
math_5unit_participation,RandomForest,0.1296296296296296,0.03908643276015096,141168
math_5unit_participation,RandomForest,0.1034482758620689,0.1291784632834969,141176
math_5unit_participation,RandomForest,0.125,0.1291784632834969,141176
math_5unit_participation,RandomForest,0.1018518518518518,0.1291784632834969,141176
math_5unit_participation,RandomForest,0.1573033707865168,0.1291784632834969,141176
math_5unit_participation,RandomForest,0.0,0.025594040551630757,141291
math_5unit_participation,RandomForest,0.0,0.025594040551630757,141291
math_5unit_participation,RandomForest,0.0,0.025594040551630757,141291
math_5unit_participation,RandomForest,0.0,0.025594040551630757,141291
math_5unit_participation,RandomForest,0.0,0.08664629215539965,141309
math_5unit_participation,RandomForest,0.09009009009009,0.08664629215539965,141309
math_5unit_participation,RandomForest,0.0840336134453781,0.08664629215539965,141309
math_5unit_participation,RandomForest,0.0,0.08664629215539965,141309
math_5unit_participation,RandomForest,0.0,0.022239884953013756,141358
math_5unit_participation,RandomForest,0.1034482758620689,0.09388242141401715,141390
math_5unit_participation,RandomForest,0.0,0.09388242141401715,141390
math_5unit_participation,RandomForest,0.0895522388059701,0.09388242141401715,141390
math_5unit_participation,RandomForest,0.0,0.09388242141401715,141390
math_5unit_participation,RandomForest,0.0,0.036517674911284735,141473
math_5unit_participation,RandomForest,0.0,0.0628773950648374,141499
math_5unit_participation,RandomForest,0.0,0.0628773950648374,141499
math_5unit_participation,RandomForest,0.0,0.0628773950648374,141499
math_5unit_participation,RandomForest,0.0,0.0628773950648374,141499
math_5unit_participation,RandomForest,0.0,0.21431760364379676,141549
math_5unit_participation,RandomForest,0.078125,0.21431760364379676,141549
math_5unit_participation,RandomForest,0.075,0.21431760364379676,141549
math_5unit_participation,RandomForest,0.131578947368421,0.21431760364379676,141549
math_5unit_participation,RandomForest,0.0,0.05073022580943095,141739
math_5unit_participation,RandomForest,0.0,0.05073022580943095,141739
math_5unit_participation,RandomForest,0.0,0.05073022580943095,141739
math_5unit_participation,RandomForest,0.0,0.05073022580943095,141739
math_5unit_participation,RandomForest,0.7115384615384616,0.17402653540384555,141754
math_5unit_participation,RandomForest,0.6521739130434783,0.17402653540384555,141754
math_5unit_participation,RandomForest,0.873015873015873,0.17402653540384555,141754
math_5unit_participation,RandomForest,0.8648648648648649,0.17402653540384555,141754
math_5unit_participation,RandomForest,0.0,0.05056028453529951,141853
math_5unit_participation,RandomForest,0.0,0.05056028453529951,141853
math_5unit_participation,RandomForest,0.0,0.05056028453529951,141853
math_5unit_participation,RandomForest,0.0,0.04362121195065555,141861
math_5unit_participation,RandomForest,0.0,0.04362121195065555,141861
math_5unit_participation,RandomForest,0.0,0.010083260468507103,141978
math_5unit_participation,RandomForest,0.0,0.010083260468507103,141978
math_5unit_participation,RandomForest,0.0,0.010083260468507103,141978
math_5unit_participation,RandomForest,0.0,0.010083260468507103,141978
math_5unit_participation,RandomForest,0.0,0.0027572616996392346,141994
math_5unit_participation,RandomForest,0.0,0.0027572616996392346,141994
math_5unit_participation,RandomForest,0.0,0.0027572616996392346,141994
math_5unit_participation,RandomForest,0.0,0.009707206019529131,142034
math_5unit_participation,RandomForest,0.0,0.009707206019529131,142034
math_5unit_participation,RandomForest,0.0,0.009707206019529131,142034
math_5unit_participation,RandomForest,0.0,0.009707206019529131,142034
math_5unit_participation,RandomForest,0.0,0.046831335338832866,142166
math_5unit_participation,RandomForest,0.0,0.046831335338832866,142166
math_5unit_participation,RandomForest,0.0,0.046831335338832866,142166
math_5unit_participation,RandomForest,0.0,0.046831335338832866,142166
math_5unit_participation,RandomForest,0.0,0.03611320315258173,142174
math_5unit_participation,RandomForest,0.0,0.03611320315258173,142174
math_5unit_participation,RandomForest,0.1282051282051282,0.03611320315258173,142174
math_5unit_participation,RandomForest,0.0,0.03611320315258173,142174
math_5unit_participation,RandomForest,0.1515151515151515,0.05229728406254469,142265
math_5unit_participation,RandomForest,0.0,0.05229728406254469,142265
math_5unit_participation,RandomForest,0.0,0.05229728406254469,142265
math_5unit_participation,RandomForest,0.0,0.05229728406254469,142265
math_5unit_participation,RandomForest,0.0,0.11525276870904597,142281
math_5unit_participation,RandomForest,0.1612903225806451,0.11525276870904597,142281
math_5unit_participation,RandomForest,0.0,0.11525276870904597,142281
math_5unit_participation,RandomForest,0.0,0.11525276870904597,142281
math_5unit_participation,RandomForest,0.0,0.02437746466230504,142323
math_5unit_participation,RandomForest,0.0,0.02437746466230504,142323
math_5unit_participation,RandomForest,0.0,0.02437746466230504,142323
math_5unit_participation,RandomForest,0.0,0.02437746466230504,142323
math_5unit_participation,RandomForest,0.4166666666666667,8.064516129032255e-05,142372
math_5unit_participation,RandomForest,0.0,8.064516129032255e-05,142372
math_5unit_participation,RandomForest,0.5,8.064516129032255e-05,142372
math_5unit_participation,RandomForest,0.0,8.064516129032255e-05,142372
math_5unit_participation,RandomForest,0.5384615384615384,0.23180265068078715,144097
math_5unit_participation,RandomForest,0.6,0.23180265068078715,144097
math_5unit_participation,RandomForest,0.5679012345679012,0.23180265068078715,144097
math_5unit_participation,RandomForest,0.5894736842105263,0.23180265068078715,144097
math_5unit_participation,RandomForest,0.0,0.0017401606940527945,144196
math_5unit_participation,RandomForest,0.0,0.0017401606940527945,144196
math_5unit_participation,RandomForest,0.0,0.010170076122567352,144212
math_5unit_participation,RandomForest,0.1162790697674418,0.010170076122567352,144212
math_5unit_participation,RandomForest,0.1521739130434782,0.010170076122567352,144212
math_5unit_participation,RandomForest,0.1153846153846153,0.010170076122567352,144212
math_5unit_participation,RandomForest,0.28,0.16772116711578694,144220
math_5unit_participation,RandomForest,0.3,0.16772116711578694,144220
math_5unit_participation,RandomForest,0.2531645569620253,0.16772116711578694,144220
math_5unit_participation,RandomForest,0.2307692307692307,0.16772116711578694,144220
math_5unit_participation,RandomForest,0.1985815602836879,0.24925807644509423,144329
math_5unit_participation,RandomForest,0.1875,0.24925807644509423,144329
math_5unit_participation,RandomForest,0.2891156462585034,0.24925807644509423,144329
math_5unit_participation,RandomForest,0.2964169381107492,0.24925807644509423,144329
math_5unit_participation,RandomForest,0.0,0.11353194375967753,144337
math_5unit_participation,RandomForest,0.0930232558139534,0.11353194375967753,144337
math_5unit_participation,RandomForest,0.0744680851063829,0.11353194375967753,144337
math_5unit_participation,RandomForest,0.1627906976744186,0.11353194375967753,144337
math_5unit_participation,RandomForest,0.3214285714285714,0.09500750496786699,144428
math_5unit_participation,RandomForest,0.1639344262295081,0.09500750496786699,144428
math_5unit_participation,RandomForest,0.0,0.09500750496786699,144428
math_5unit_participation,RandomForest,0.2307692307692307,0.09500750496786699,144428
math_5unit_participation,RandomForest,0.1558441558441558,0.18135683098426408,144501
math_5unit_participation,RandomForest,0.16,0.18135683098426408,144501
math_5unit_participation,RandomForest,0.179054054054054,0.18135683098426408,144501
math_5unit_participation,RandomForest,0.1971428571428571,0.18135683098426408,144501
math_5unit_participation,RandomForest,0.0,0.03373320614413074,144592
math_5unit_participation,RandomForest,0.0,0.03373320614413074,144592
math_5unit_participation,RandomForest,0.0,0.03373320614413074,144592
math_5unit_participation,RandomForest,0.0,0.03373320614413074,144592
math_5unit_participation,RandomForest,0.238095238095238,0.1040733328276058,144600
math_5unit_participation,RandomForest,0.0,0.1040733328276058,144600
math_5unit_participation,RandomForest,0.3076923076923077,0.1040733328276058,144600
math_5unit_participation,RandomForest,0.25,0.1040733328276058,144600
math_5unit_participation,RandomForest,0.1428571428571428,0.20045640180194294,144675
math_5unit_participation,RandomForest,0.1584905660377358,0.20045640180194294,144675
math_5unit_participation,RandomForest,0.1739130434782608,0.20045640180194294,144675
math_5unit_participation,RandomForest,0.2233009708737864,0.20045640180194294,144675
math_5unit_participation,RandomForest,0.1261261261261261,0.18976208517815218,144683
math_5unit_participation,RandomForest,0.1794871794871795,0.18976208517815218,144683
math_5unit_participation,RandomForest,0.2203389830508474,0.18976208517815218,144683
math_5unit_participation,RandomForest,0.1928251121076233,0.18976208517815218,144683
math_5unit_participation,RandomForest,0.0,0.08366436557646716,144691
math_5unit_participation,RandomForest,0.0,0.08366436557646716,144691
math_5unit_participation,RandomForest,0.0,0.08366436557646716,144691
math_5unit_participation,RandomForest,0.0,0.08366436557646716,144691
math_5unit_participation,RandomForest,0.1756756756756756,0.1737473039499488,144717
math_5unit_participation,RandomForest,0.1923076923076923,0.1737473039499488,144717
math_5unit_participation,RandomForest,0.128,0.1737473039499488,144717
math_5unit_participation,RandomForest,0.136,0.1737473039499488,144717
math_5unit_participation,RandomForest,0.1323529411764706,0.20157256174864988,144741
math_5unit_participation,RandomForest,0.1020408163265306,0.20157256174864988,144741
math_5unit_participation,RandomForest,0.0783410138248847,0.20157256174864988,144741
math_5unit_participation,RandomForest,0.2146596858638743,0.20157256174864988,144741
math_5unit_participation,RandomForest,0.0,0.015455621866472898,144758
math_5unit_participation,RandomForest,0.0,0.015455621866472898,144758
math_5unit_participation,RandomForest,0.0,0.015455621866472898,144758
math_5unit_participation,RandomForest,0.0,0.015455621866472898,144758
math_5unit_participation,RandomForest,0.2051282051282051,0.11401920321454458,144766
math_5unit_participation,RandomForest,0.2040816326530612,0.11401920321454458,144766
math_5unit_participation,RandomForest,0.1818181818181818,0.11401920321454458,144766
math_5unit_participation,RandomForest,0.125,0.11401920321454458,144766
math_5unit_participation,RandomForest,0.0,0.06669768917554697,148056
math_5unit_participation,RandomForest,0.0,0.06669768917554697,148056
math_5unit_participation,RandomForest,0.0,0.06669768917554697,148056
math_5unit_participation,RandomForest,0.0,0.06669768917554697,148056
math_5unit_participation,RandomForest,0.0,0.09868159149407452,148080
math_5unit_participation,RandomForest,0.0,0.09868159149407452,148080
math_5unit_participation,RandomForest,0.0,0.09868159149407452,148080
math_5unit_participation,RandomForest,0.1071428571428571,0.09868159149407452,148080
math_5unit_participation,RandomForest,0.1111111111111111,0.20707770146923313,160242
math_5unit_participation,RandomForest,0.2040816326530612,0.20707770146923313,160242
math_5unit_participation,RandomForest,0.0847457627118644,0.20707770146923313,160242
math_5unit_participation,RandomForest,0.1666666666666666,0.20707770146923313,160242
math_5unit_participation,RandomForest,0.0,0.06492017584600572,160259
math_5unit_participation,RandomForest,0.1176470588235294,0.06492017584600572,160259
math_5unit_participation,RandomForest,0.0757575757575757,0.06492017584600572,160259
math_5unit_participation,RandomForest,0.0,0.06492017584600572,160259
math_5unit_participation,RandomForest,0.0,0.08693093228582331,160416
math_5unit_participation,RandomForest,0.0,0.08693093228582331,160416
math_5unit_participation,RandomForest,0.1515151515151515,0.08693093228582331,160416
math_5unit_participation,RandomForest,0.0,0.08693093228582331,160416
math_5unit_participation,RandomForest,0.1437125748502994,0.11952864339380778,160432
math_5unit_participation,RandomForest,0.0958083832335329,0.11952864339380778,160432
math_5unit_participation,RandomForest,0.120253164556962,0.11952864339380778,160432
math_5unit_participation,RandomForest,0.1419753086419753,0.11952864339380778,160432
math_5unit_participation,RandomForest,0.0,0.02717430714945993,160549
math_5unit_participation,RandomForest,0.0,0.02717430714945993,160549
math_5unit_participation,RandomForest,0.0,0.02717430714945993,160549
math_5unit_participation,RandomForest,0.0,0.02717430714945993,160549
math_5unit_participation,RandomForest,0.1724137931034483,0.10722333257802816,160580
math_5unit_participation,RandomForest,0.0,0.10722333257802816,160580
math_5unit_participation,RandomForest,0.0,0.10722333257802816,160580
math_5unit_participation,RandomForest,0.2068965517241379,0.10722333257802816,160580
math_5unit_participation,RandomForest,0.0,0.050837280946612974,160598
math_5unit_participation,RandomForest,0.0,0.050837280946612974,160598
math_5unit_participation,RandomForest,0.0,0.050837280946612974,160598
math_5unit_participation,RandomForest,0.0,0.050837280946612974,160598
math_5unit_participation,RandomForest,0.0,0.02719313730721539,160648
math_5unit_participation,RandomForest,0.0,0.02719313730721539,160648
math_5unit_participation,RandomForest,0.0,0.02719313730721539,160648
math_5unit_participation,RandomForest,0.0,0.02719313730721539,160648
math_5unit_participation,RandomForest,0.1612903225806451,0.19887808394536405,165852
math_5unit_participation,RandomForest,0.2072072072072072,0.19887808394536405,165852
math_5unit_participation,RandomForest,0.2457627118644068,0.19887808394536405,165852
math_5unit_participation,RandomForest,0.2463768115942029,0.19887808394536405,165852
math_5unit_participation,RandomForest,0.0,0.028090324058163536,166769
math_5unit_participation,RandomForest,0.0,0.028090324058163536,166769
math_5unit_participation,RandomForest,0.0,0.028090324058163536,166769
math_5unit_participation,RandomForest,0.0,0.028090324058163536,166769
math_5unit_participation,RandomForest,0.0,0.06985358201131832,168419
math_5unit_participation,RandomForest,0.0,0.06985358201131832,168419
math_5unit_participation,RandomForest,0.0,0.06985358201131832,168419
math_5unit_participation,RandomForest,0.0,0.06985358201131832,168419
math_5unit_participation,RandomForest,0.0,0.012203101645624761,170035
math_5unit_participation,RandomForest,0.0,0.012203101645624761,170035
math_5unit_participation,RandomForest,0.0,0.012203101645624761,170035
math_5unit_participation,RandomForest,0.0,0.012203101645624761,170035
math_5unit_participation,RandomForest,0.0,0.053091228530583054,170043
math_5unit_participation,RandomForest,0.0,0.053091228530583054,170043
math_5unit_participation,RandomForest,0.0,0.053091228530583054,170043
math_5unit_participation,RandomForest,0.0,0.053091228530583054,170043
math_5unit_participation,RandomForest,0.0735294117647058,0.0737703569686202,170092
math_5unit_participation,RandomForest,0.0,0.0737703569686202,170092
math_5unit_participation,RandomForest,0.1282051282051282,0.0737703569686202,170092
math_5unit_participation,RandomForest,0.0649350649350649,0.0737703569686202,170092
math_5unit_participation,RandomForest,0.0,0.01066984624188537,170282
math_5unit_participation,RandomForest,0.0,0.01066984624188537,170282
math_5unit_participation,RandomForest,0.0,0.01066984624188537,170282
math_5unit_participation,RandomForest,0.0,0.01066984624188537,170282
math_5unit_participation,RandomForest,0.0,0.009270478492282653,170514
math_5unit_participation,RandomForest,0.0,0.009270478492282653,170514
math_5unit_participation,RandomForest,0.0,0.009270478492282653,170514
math_5unit_participation,RandomForest,0.0,0.009270478492282653,170514
math_5unit_participation,RandomForest,0.0427807486631016,0.14278653370811442,170803
math_5unit_participation,RandomForest,0.1118421052631579,0.14278653370811442,170803
math_5unit_participation,RandomForest,0.09375,0.14278653370811442,170803
math_5unit_participation,RandomForest,0.1153846153846153,0.14278653370811442,170803
math_5unit_participation,RandomForest,0.0,0.012930289194488019,174391
math_5unit_participation,RandomForest,0.0,0.012930289194488019,174391
math_5unit_participation,RandomForest,0.0,0.012930289194488019,174391
math_5unit_participation,RandomForest,0.0,0.012930289194488019,174391
math_5unit_participation,RandomForest,0.0,0.0025847537271964905,176149
math_5unit_participation,RandomForest,0.0,0.0025847537271964905,176149
math_5unit_participation,RandomForest,0.0,0.01401831212090274,176487
math_5unit_participation,RandomForest,0.0,0.01401831212090274,176487
math_5unit_participation,RandomForest,0.0,0.01401831212090274,176487
math_5unit_participation,RandomForest,0.0,0.01401831212090274,176487
math_5unit_participation,RandomForest,0.0,0.00958001887372937,177295
math_5unit_participation,RandomForest,0.0,0.00958001887372937,177295
math_5unit_participation,RandomForest,0.0,0.00958001887372937,177295
math_5unit_participation,RandomForest,0.1,0.11220541968632962,180018
math_5unit_participation,RandomForest,0.0875,0.11220541968632962,180018
math_5unit_participation,RandomForest,0.0967741935483871,0.11220541968632962,180018
math_5unit_participation,RandomForest,0.0,0.11220541968632962,180018
math_5unit_participation,RandomForest,0.3461538461538461,0.15740341745220615,180034
math_5unit_participation,RandomForest,0.0,0.15740341745220615,180034
math_5unit_participation,RandomForest,0.3809523809523809,0.15740341745220615,180034
math_5unit_participation,RandomForest,0.303030303030303,0.15740341745220615,180034
math_5unit_participation,RandomForest,0.0,0.009764811849228684,184002
math_5unit_participation,RandomForest,0.0,0.040091500270399545,185157
math_5unit_participation,RandomForest,0.0,0.040091500270399545,185157
math_5unit_participation,RandomForest,0.0,0.040091500270399545,185157
math_5unit_participation,RandomForest,0.0,0.040091500270399545,185157
math_5unit_participation,RandomForest,0.0,0.11974589066813991,186908
math_5unit_participation,RandomForest,0.1509433962264151,0.11974589066813991,186908
math_5unit_participation,RandomForest,0.1860465116279069,0.11974589066813991,186908
math_5unit_participation,RandomForest,0.1860465116279069,0.11974589066813991,186908
math_5unit_participation,RandomForest,0.0,0.09025270344736308,189001
math_5unit_participation,RandomForest,0.0,0.09025270344736308,189001
math_5unit_participation,RandomForest,0.1276595744680851,0.09025270344736308,189001
math_5unit_participation,RandomForest,0.0,0.016123742319237914,189076
math_5unit_participation,RandomForest,0.1212121212121212,0.016123742319237914,189076
math_5unit_participation,RandomForest,0.0,0.016123742319237914,189076
math_5unit_participation,RandomForest,0.1071428571428571,0.016123742319237914,189076
math_5unit_participation,RandomForest,0.0,0.04359032611889677,189084
math_5unit_participation,RandomForest,0.0,0.04359032611889677,189084
math_5unit_participation,RandomForest,0.0,0.04359032611889677,189084
math_5unit_participation,RandomForest,0.0,0.0016785877831249874,189092
math_5unit_participation,RandomForest,0.0,0.0016785877831249874,189092
math_5unit_participation,RandomForest,0.0,0.0016785877831249874,189092
math_5unit_participation,RandomForest,0.0862068965517241,0.11677020906765835,193185
math_5unit_participation,RandomForest,0.088235294117647,0.11677020906765835,193185
math_5unit_participation,RandomForest,0.1428571428571428,0.11677020906765835,193185
math_5unit_participation,RandomForest,0.1232876712328767,0.11677020906765835,193185
math_5unit_participation,RandomForest,0.0,0.016707522336176447,199109
math_5unit_participation,RandomForest,0.0,0.016707522336176447,199109
math_5unit_participation,RandomForest,0.0,0.016707522336176447,199109
math_5unit_participation,RandomForest,0.0,0.016707522336176447,199109
math_5unit_participation,RandomForest,0.0,0.031028104535781965,214007
math_5unit_participation,RandomForest,0.0,0.031028104535781965,214007
math_5unit_participation,RandomForest,0.1333333333333333,0.031028104535781965,214007
math_5unit_participation,RandomForest,0.1428571428571428,0.031028104535781965,214007
math_5unit_participation,RandomForest,0.0,0.052241647731071254,214098
math_5unit_participation,RandomForest,0.2,0.052241647731071254,214098
math_5unit_participation,RandomForest,0.0,0.052241647731071254,214098
math_5unit_participation,RandomForest,0.0,0.052241647731071254,214098
math_5unit_participation,RandomForest,0.1285714285714285,0.10136593076744105,214262
math_5unit_participation,RandomForest,0.0,0.07223594900210638,227694
math_5unit_participation,RandomForest,0.0,0.07223594900210638,227694
math_5unit_participation,RandomForest,0.0,0.07223594900210638,227694
math_5unit_participation,RandomForest,0.0,0.07223594900210638,227694
math_5unit_participation,RandomForest,0.0,0.0673167472865744,234021
math_5unit_participation,RandomForest,0.0,0.0673167472865744,234021
math_5unit_participation,RandomForest,0.0,0.0673167472865744,234021
math_5unit_participation,RandomForest,0.0,0.0673167472865744,234021
math_5unit_participation,RandomForest,0.109375,0.20273968651823243,237354
math_5unit_participation,RandomForest,0.1647058823529411,0.20273968651823243,237354
math_5unit_participation,RandomForest,0.231578947368421,0.20273968651823243,237354
math_5unit_participation,RandomForest,0.3571428571428571,0.20273968651823243,237354
math_5unit_participation,RandomForest,0.1632653061224489,0.10286271750650443,238121
math_5unit_participation,RandomForest,0.1044776119402985,0.10286271750650443,238121
math_5unit_participation,RandomForest,0.2833333333333333,0.10286271750650443,238121
math_5unit_participation,RandomForest,0.2,0.10286271750650443,238121
math_5unit_participation,RandomForest,0.0,0.0054934628099797995,238527
math_5unit_participation,RandomForest,0.0,0.0054934628099797995,238527
math_5unit_participation,RandomForest,0.0,0.0054934628099797995,238527
math_5unit_participation,RandomForest,0.0909090909090909,0.1199428807614821,240010
math_5unit_participation,RandomForest,0.1294964028776978,0.1199428807614821,240010
math_5unit_participation,RandomForest,0.1568627450980392,0.1199428807614821,240010
math_5unit_participation,RandomForest,0.1144578313253012,0.1199428807614821,240010
math_5unit_participation,RandomForest,0.0,0.06841717857438456,240036
math_5unit_participation,RandomForest,0.1320754716981132,0.06841717857438456,240036
math_5unit_participation,RandomForest,0.1578947368421052,0.06841717857438456,240036
math_5unit_participation,RandomForest,0.171875,0.06841717857438456,240036
math_5unit_participation,RandomForest,0.0,0.057846547502345184,240051
math_5unit_participation,RandomForest,0.0,0.057846547502345184,240051
math_5unit_participation,RandomForest,0.0,0.057846547502345184,240051
math_5unit_participation,RandomForest,0.0,0.057846547502345184,240051
math_5unit_participation,RandomForest,0.1022727272727272,0.09577277208128669,240077
math_5unit_participation,RandomForest,0.1379310344827586,0.09577277208128669,240077
math_5unit_participation,RandomForest,0.1111111111111111,0.09577277208128669,240077
math_5unit_participation,RandomForest,0.1595744680851064,0.09577277208128669,240077
math_5unit_participation,RandomForest,0.0,0.0970607908141108,240085
math_5unit_participation,RandomForest,0.0,0.0970607908141108,240085
math_5unit_participation,RandomForest,0.0,0.0970607908141108,240085
math_5unit_participation,RandomForest,0.0,0.0970607908141108,240085
math_5unit_participation,RandomForest,0.0777777777777777,0.13808045624898876,240093
math_5unit_participation,RandomForest,0.0764705882352941,0.13808045624898876,240093
math_5unit_participation,RandomForest,0.1012658227848101,0.13808045624898876,240093
math_5unit_participation,RandomForest,0.0976744186046511,0.13808045624898876,240093
math_5unit_participation,RandomForest,0.1666666666666666,0.06577479635024794,240127
math_5unit_participation,RandomForest,0.1636363636363636,0.06577479635024794,240127
math_5unit_participation,RandomForest,0.1176470588235294,0.06577479635024794,240127
math_5unit_participation,RandomForest,0.2,0.06577479635024794,240127
math_5unit_participation,RandomForest,0.2608695652173913,0.15552062350460724,240176
math_5unit_participation,RandomForest,0.2,0.15552062350460724,240176
math_5unit_participation,RandomForest,0.2631578947368421,0.15552062350460724,240176
math_5unit_participation,RandomForest,0.2439024390243902,0.15552062350460724,240176
math_5unit_participation,RandomForest,0.0930232558139534,0.10629331081894236,240192
math_5unit_participation,RandomForest,0.1197604790419161,0.10629331081894236,240192
math_5unit_participation,RandomForest,0.1954022988505747,0.10629331081894236,240192
math_5unit_participation,RandomForest,0.1071428571428571,0.10629331081894236,240192
math_5unit_participation,RandomForest,0.0,0.042226475372127606,240218
math_5unit_participation,RandomForest,0.0,0.042226475372127606,240218
math_5unit_participation,RandomForest,0.0,0.042226475372127606,240218
math_5unit_participation,RandomForest,0.0,0.042226475372127606,240218
math_5unit_participation,RandomForest,0.0,0.052036360746711544,240234
math_5unit_participation,RandomForest,0.0,0.052036360746711544,240234
math_5unit_participation,RandomForest,0.0,0.052036360746711544,240234
math_5unit_participation,RandomForest,0.0,0.052036360746711544,240234
math_5unit_participation,RandomForest,0.0849056603773584,0.11707043004367781,240267
math_5unit_participation,RandomForest,0.1458333333333333,0.11707043004367781,240267
math_5unit_participation,RandomForest,0.15625,0.11707043004367781,240267
math_5unit_participation,RandomForest,0.0945945945945946,0.11707043004367781,240267
math_5unit_participation,RandomForest,0.0,0.04185027167398785,240440
math_5unit_participation,RandomForest,0.0,0.04185027167398785,240440
math_5unit_participation,RandomForest,0.0,0.04185027167398785,240440
math_5unit_participation,RandomForest,0.0,0.04185027167398785,240440
math_5unit_participation,RandomForest,0.079136690647482,0.10321542735869853,240465
math_5unit_participation,RandomForest,0.125,0.10321542735869853,240465
math_5unit_participation,RandomForest,0.1401869158878504,0.10321542735869853,240465
math_5unit_participation,RandomForest,0.1304347826086956,0.10321542735869853,240465
math_5unit_participation,RandomForest,0.1405750798722044,0.17962640580130665,240481
math_5unit_participation,RandomForest,0.1452282157676348,0.17962640580130665,240481
math_5unit_participation,RandomForest,0.1596091205211726,0.17962640580130665,240481
math_5unit_participation,RandomForest,0.1721854304635761,0.17962640580130665,240481
math_5unit_participation,RandomForest,0.0,0.04950885864944686,240499
math_5unit_participation,RandomForest,0.1,0.04950885864944686,240499
math_5unit_participation,RandomForest,0.0813953488372093,0.04950885864944686,240499
math_5unit_participation,RandomForest,0.0721649484536082,0.04950885864944686,240499
math_5unit_participation,RandomForest,0.0,0.16475233609411302,240572
math_5unit_participation,RandomForest,0.0,0.16475233609411302,240572
math_5unit_participation,RandomForest,0.0,0.16475233609411302,240572
math_5unit_participation,RandomForest,0.0,0.16475233609411302,240572
math_5unit_participation,RandomForest,0.0,0.05102098504759322,240580
math_5unit_participation,RandomForest,0.0,0.05102098504759322,240580
math_5unit_participation,RandomForest,0.0,0.05102098504759322,240580
math_5unit_participation,RandomForest,0.0,0.05102098504759322,240580
math_5unit_participation,RandomForest,0.0,0.014045920330630018,240598
math_5unit_participation,RandomForest,0.0,0.014045920330630018,240598
math_5unit_participation,RandomForest,0.0,0.014045920330630018,240598
math_5unit_participation,RandomForest,0.0,0.011360105378657061,240622
math_5unit_participation,RandomForest,0.0,0.011360105378657061,240622
math_5unit_participation,RandomForest,0.0,0.011360105378657061,240622
math_5unit_participation,RandomForest,0.0,0.011360105378657061,240622
math_5unit_participation,RandomForest,0.0,0.009990986395258509,240630
math_5unit_participation,RandomForest,0.0,0.009990986395258509,240630
math_5unit_participation,RandomForest,0.0,0.009990986395258509,240630
math_5unit_participation,RandomForest,0.0,0.009990986395258509,240630
math_5unit_participation,RandomForest,0.0,0.01923556978081717,240655
math_5unit_participation,RandomForest,0.0,0.01923556978081717,240655
math_5unit_participation,RandomForest,0.0,0.01923556978081717,240655
math_5unit_participation,RandomForest,0.0,0.01923556978081717,240655
math_5unit_participation,RandomForest,0.0,0.05676324883661105,240739
math_5unit_participation,RandomForest,0.0,0.05676324883661105,240739
math_5unit_participation,RandomForest,0.1935483870967742,0.08969946472977824,240812
math_5unit_participation,RandomForest,0.1818181818181818,0.08969946472977824,240812
math_5unit_participation,RandomForest,0.3714285714285714,0.08969946472977824,240812
math_5unit_participation,RandomForest,0.3125,0.08969946472977824,240812
math_5unit_participation,RandomForest,0.0,0.07131602310088633,240838
math_5unit_participation,RandomForest,0.0,0.07131602310088633,240838
math_5unit_participation,RandomForest,0.0,0.07131602310088633,240838
math_5unit_participation,RandomForest,0.0,0.07131602310088633,240838
math_5unit_participation,RandomForest,0.0,0.010121138224891515,241026
math_5unit_participation,RandomForest,0.0,0.010121138224891515,241026
math_5unit_participation,RandomForest,0.0,0.010121138224891515,241026
math_5unit_participation,RandomForest,0.0,0.010121138224891515,241026
math_5unit_participation,RandomForest,0.0,0.12048192411931952,241067
math_5unit_participation,RandomForest,0.0,0.12048192411931952,241067
math_5unit_participation,RandomForest,0.0,0.12048192411931952,241067
math_5unit_participation,RandomForest,0.2,0.12048192411931952,241067
math_5unit_participation,RandomForest,0.14,0.10724992688384435,242073
math_5unit_participation,RandomForest,0.1796875,0.10724992688384435,242073
math_5unit_participation,RandomForest,0.2333333333333333,0.10724992688384435,242073
math_5unit_participation,RandomForest,0.2558139534883721,0.10724992688384435,242073
math_5unit_participation,RandomForest,0.1428571428571428,0.052170300947420666,244103
math_5unit_participation,RandomForest,0.0,0.052170300947420666,244103
math_5unit_participation,RandomForest,0.0,0.052170300947420666,244103
math_5unit_participation,RandomForest,0.0,0.052170300947420666,244103
math_5unit_participation,RandomForest,0.25,0.10691310600761879,244111
math_5unit_participation,RandomForest,0.0,0.10691310600761879,244111
math_5unit_participation,RandomForest,0.2051282051282051,0.10691310600761879,244111
math_5unit_participation,RandomForest,0.15,0.10691310600761879,244111
math_5unit_participation,RandomForest,0.1337209302325581,0.12254718903542894,244152
math_5unit_participation,RandomForest,0.1521739130434782,0.12254718903542894,244152
math_5unit_participation,RandomForest,0.1818181818181818,0.12254718903542894,244152
math_5unit_participation,RandomForest,0.1683168316831683,0.12254718903542894,244152
math_5unit_participation,RandomForest,0.08,0.11325198306562428,244210
math_5unit_participation,RandomForest,0.0833333333333333,0.11325198306562428,244210
math_5unit_participation,RandomForest,0.0888888888888888,0.11325198306562428,244210
math_5unit_participation,RandomForest,0.1341463414634146,0.11325198306562428,244210
math_5unit_participation,RandomForest,0.1453488372093023,0.14378477767883366,244285
math_5unit_participation,RandomForest,0.094240837696335,0.14378477767883366,244285
math_5unit_participation,RandomForest,0.1225490196078431,0.14378477767883366,244285
math_5unit_participation,RandomForest,0.235576923076923,0.14378477767883366,244285
math_5unit_participation,RandomForest,0.0714285714285714,0.12946918290577716,244343
math_5unit_participation,RandomForest,0.0952380952380952,0.12946918290577716,244343
math_5unit_participation,RandomForest,0.0975609756097561,0.12946918290577716,244343
math_5unit_participation,RandomForest,0.0659340659340659,0.12946918290577716,244343
math_5unit_participation,RandomForest,0.1025641025641025,0.11135080295352576,244368
math_5unit_participation,RandomForest,0.1627906976744186,0.11135080295352576,244368
math_5unit_participation,RandomForest,0.1629629629629629,0.11135080295352576,244368
math_5unit_participation,RandomForest,0.1910828025477707,0.11135080295352576,244368
math_5unit_participation,RandomForest,0.0,0.10153680082158419,244384
math_5unit_participation,RandomForest,0.087719298245614,0.10153680082158419,244384
math_5unit_participation,RandomForest,0.1851851851851851,0.10153680082158419,244384
math_5unit_participation,RandomForest,0.2,0.10153680082158419,244384
math_5unit_participation,RandomForest,0.0,0.017766975324196563,244400
math_5unit_participation,RandomForest,0.0,0.017766975324196563,244400
math_5unit_participation,RandomForest,0.0,0.017766975324196563,244400
math_5unit_participation,RandomForest,0.0,0.017766975324196563,244400
math_5unit_participation,RandomForest,0.217391304347826,0.19773839288294517,244483
math_5unit_participation,RandomForest,0.0,0.03928929749321232,244517
math_5unit_participation,RandomForest,0.0,0.03928929749321232,244517
math_5unit_participation,RandomForest,0.0,0.05963207766237076,244608
math_5unit_participation,RandomForest,0.0,0.05963207766237076,244608
math_5unit_participation,RandomForest,0.0,0.05963207766237076,244608
math_5unit_participation,RandomForest,0.0,0.05963207766237076,244608
math_5unit_participation,RandomForest,0.1666666666666666,0.04593515623956966,244624
math_5unit_participation,RandomForest,0.0,0.04593515623956966,244624
math_5unit_participation,RandomForest,0.2068965517241379,0.04593515623956966,244624
math_5unit_participation,RandomForest,0.2272727272727272,0.04593515623956966,244624
math_5unit_participation,RandomForest,0.0,0.0180740629252478,246983
math_5unit_participation,RandomForest,0.0,0.0180740629252478,246983
math_5unit_participation,RandomForest,0.0,0.0180740629252478,246983
math_5unit_participation,RandomForest,0.0,0.0180740629252478,246983
math_5unit_participation,RandomForest,0.2258064516129032,0.06593055775031784,247015
math_5unit_participation,RandomForest,0.0,0.06593055775031784,247015
math_5unit_participation,RandomForest,0.4444444444444444,0.06593055775031784,247015
math_5unit_participation,RandomForest,0.4,0.06593055775031784,247015
math_5unit_participation,RandomForest,0.3113207547169811,0.2824865571860943,247023
math_5unit_participation,RandomForest,0.3529411764705882,0.2824865571860943,247023
math_5unit_participation,RandomForest,0.3194444444444444,0.2824865571860943,247023
math_5unit_participation,RandomForest,0.3416666666666667,0.2824865571860943,247023
math_5unit_participation,RandomForest,0.1160714285714285,0.15169073152279108,247031
math_5unit_participation,RandomForest,0.1639344262295081,0.15169073152279108,247031
math_5unit_participation,RandomForest,0.2142857142857142,0.15169073152279108,247031
math_5unit_participation,RandomForest,0.1538461538461538,0.15169073152279108,247031
math_5unit_participation,RandomForest,0.391304347826087,0.25451363126826504,247049
math_5unit_participation,RandomForest,0.3561643835616438,0.25451363126826504,247049
math_5unit_participation,RandomForest,0.4347826086956521,0.25451363126826504,247049
math_5unit_participation,RandomForest,0.4848484848484848,0.25451363126826504,247049
math_5unit_participation,RandomForest,0.3716814159292035,0.2571360751995325,247056
math_5unit_participation,RandomForest,0.3027522935779816,0.2571360751995325,247056
math_5unit_participation,RandomForest,0.3983050847457627,0.2571360751995325,247056
math_5unit_participation,RandomForest,0.2990654205607476,0.2571360751995325,247056
math_5unit_participation,RandomForest,0.1,0.08544772185306665,247064
math_5unit_participation,RandomForest,0.144927536231884,0.08544772185306665,247064
math_5unit_participation,RandomForest,0.0,0.08544772185306665,247064
math_5unit_participation,RandomForest,0.1466666666666666,0.08544772185306665,247064
math_5unit_participation,RandomForest,0.0930232558139534,0.14866741963710484,247072
math_5unit_participation,RandomForest,0.1176470588235294,0.14866741963710484,247072
math_5unit_participation,RandomForest,0.1392405063291139,0.14866741963710484,247072
math_5unit_participation,RandomForest,0.1470588235294117,0.14866741963710484,247072
math_5unit_participation,RandomForest,0.1777777777777777,0.16434709403520936,247080
math_5unit_participation,RandomForest,0.2117647058823529,0.16434709403520936,247080
math_5unit_participation,RandomForest,0.2043010752688172,0.16434709403520936,247080
math_5unit_participation,RandomForest,0.1851851851851851,0.16434709403520936,247080
math_5unit_participation,RandomForest,0.303030303030303,0.043417374008422736,247098
math_5unit_participation,RandomForest,0.3243243243243243,0.043417374008422736,247098
math_5unit_participation,RandomForest,0.0,0.043417374008422736,247098
math_5unit_participation,RandomForest,0.4193548387096774,0.043417374008422736,247098
math_5unit_participation,RandomForest,0.2738095238095238,0.12521688016720658,247106
math_5unit_participation,RandomForest,0.216867469879518,0.12521688016720658,247106
math_5unit_participation,RandomForest,0.2294372294372294,0.12521688016720658,247106
math_5unit_participation,RandomForest,0.2842639593908629,0.12521688016720658,247106
math_5unit_participation,RandomForest,0.0,0.1017125803139124,247122
math_5unit_participation,RandomForest,0.0761904761904762,0.1017125803139124,247122
math_5unit_participation,RandomForest,0.0,0.1017125803139124,247122
math_5unit_participation,RandomForest,0.0,0.1017125803139124,247122
math_5unit_participation,RandomForest,0.0970873786407767,0.10943384373381032,247130
math_5unit_participation,RandomForest,0.0578512396694214,0.10943384373381032,247130
math_5unit_participation,RandomForest,0.1048387096774193,0.10943384373381032,247130
math_5unit_participation,RandomForest,0.1188118811881188,0.10943384373381032,247130
math_5unit_participation,RandomForest,0.1157024793388429,0.08951665684868254,247163
math_5unit_participation,RandomForest,0.1372549019607843,0.08951665684868254,247163
math_5unit_participation,RandomForest,0.1188118811881188,0.08951665684868254,247163
math_5unit_participation,RandomForest,0.0757575757575757,0.08951665684868254,247163
math_5unit_participation,RandomForest,0.208955223880597,0.12168462180645827,247205
math_5unit_participation,RandomForest,0.1714285714285714,0.12168462180645827,247205
math_5unit_participation,RandomForest,0.3018867924528302,0.12168462180645827,247205
math_5unit_participation,RandomForest,0.2413793103448276,0.12168462180645827,247205
math_5unit_participation,RandomForest,0.1296296296296296,0.09337116321205403,247213
math_5unit_participation,RandomForest,0.175,0.09337116321205403,247213
math_5unit_participation,RandomForest,0.2291666666666666,0.09337116321205403,247213
math_5unit_participation,RandomForest,0.1724137931034483,0.09337116321205403,247213
math_5unit_participation,RandomForest,0.0909090909090909,0.10375437781702398,247221
math_5unit_participation,RandomForest,0.1538461538461538,0.10375437781702398,247221
math_5unit_participation,RandomForest,0.2,0.10375437781702398,247221
math_5unit_participation,RandomForest,0.1411764705882353,0.10375437781702398,247221
math_5unit_participation,RandomForest,0.0,0.09787752370738133,247239
math_5unit_participation,RandomForest,0.1909090909090909,0.05690615618359075,247247
math_5unit_participation,RandomForest,0.0857142857142857,0.05690615618359075,247247
math_5unit_participation,RandomForest,0.1868131868131868,0.05690615618359075,247247
math_5unit_participation,RandomForest,0.2077922077922078,0.05690615618359075,247247
math_5unit_participation,RandomForest,0.0,0.10944937888512143,247288
math_5unit_participation,RandomForest,0.0,0.10944937888512143,247288
math_5unit_participation,RandomForest,0.0,0.10944937888512143,247288
math_5unit_participation,RandomForest,0.0,0.10944937888512143,247288
math_5unit_participation,RandomForest,0.0641025641025641,0.10195673615601213,247296
math_5unit_participation,RandomForest,0.0987654320987654,0.10195673615601213,247296
math_5unit_participation,RandomForest,0.0923076923076923,0.10195673615601213,247296
math_5unit_participation,RandomForest,0.0952380952380952,0.10195673615601213,247296
math_5unit_participation,RandomForest,0.0,0.09046690999000842,247312
math_5unit_participation,RandomForest,0.0,0.09046690999000842,247312
math_5unit_participation,RandomForest,0.0943396226415094,0.09046690999000842,247312
math_5unit_participation,RandomForest,0.1063829787234042,0.09046690999000842,247312
math_5unit_participation,RandomForest,0.1818181818181818,0.0686992769025049,247346
math_5unit_participation,RandomForest,0.2285714285714285,0.0686992769025049,247346
math_5unit_participation,RandomForest,0.0841121495327102,0.0686992769025049,247346
math_5unit_participation,RandomForest,0.1494252873563218,0.0686992769025049,247346
math_5unit_participation,RandomForest,0.3636363636363636,0.20717831131873113,247387
math_5unit_participation,RandomForest,0.5,0.20717831131873113,247387
math_5unit_participation,RandomForest,0.6774193548387096,0.20717831131873113,247387
math_5unit_participation,RandomForest,0.7704918032786885,0.20717831131873113,247387
math_5unit_participation,RandomForest,0.0847457627118644,0.10482462864287037,247817
math_5unit_participation,RandomForest,0.0857142857142857,0.10482462864287037,247817
math_5unit_participation,RandomForest,0.1276595744680851,0.10482462864287037,247817
math_5unit_participation,RandomForest,0.1179775280898876,0.10482462864287037,247817
math_5unit_participation,RandomForest,0.1333333333333333,0.13258253674706555,247833
math_5unit_participation,RandomForest,0.0975609756097561,0.13258253674706555,247833
math_5unit_participation,RandomForest,0.1839080459770115,0.13258253674706555,247833
math_5unit_participation,RandomForest,0.1466666666666666,0.13258253674706555,247833
math_5unit_participation,RandomForest,0.1229508196721311,0.08676541314103942,247858
math_5unit_participation,RandomForest,0.1374045801526717,0.08676541314103942,247858
math_5unit_participation,RandomForest,0.1904761904761904,0.08676541314103942,247858
math_5unit_participation,RandomForest,0.2627118644067797,0.08676541314103942,247858
math_5unit_participation,RandomForest,0.0935960591133004,0.10854073656881957,247866
math_5unit_participation,RandomForest,0.1267605633802817,0.10854073656881957,247866
math_5unit_participation,RandomForest,0.1446540880503144,0.10854073656881957,247866
math_5unit_participation,RandomForest,0.1428571428571428,0.10854073656881957,247866
math_5unit_participation,RandomForest,0.0666666666666666,0.10912814440867119,247882
math_5unit_participation,RandomForest,0.125,0.10912814440867119,247882
math_5unit_participation,RandomForest,0.1168831168831168,0.10912814440867119,247882
math_5unit_participation,RandomForest,0.1578947368421052,0.10912814440867119,247882
math_5unit_participation,RandomForest,0.0833333333333333,0.11220605655607162,248013
math_5unit_participation,RandomForest,0.1150442477876106,0.11220605655607162,248013
math_5unit_participation,RandomForest,0.1349206349206349,0.11220605655607162,248013
math_5unit_participation,RandomForest,0.0852713178294573,0.11220605655607162,248013
math_5unit_participation,RandomForest,0.0866666666666666,0.0862072207821291,248021
math_5unit_participation,RandomForest,0.0992907801418439,0.0862072207821291,248021
math_5unit_participation,RandomForest,0.1434977578475336,0.0862072207821291,248021
math_5unit_participation,RandomForest,0.0929368029739776,0.0862072207821291,248021
math_5unit_participation,RandomForest,0.1,0.12592556614638645,248047
math_5unit_participation,RandomForest,0.099009900990099,0.12592556614638645,248047
math_5unit_participation,RandomForest,0.1346153846153846,0.12592556614638645,248047
math_5unit_participation,RandomForest,0.1782178217821782,0.12592556614638645,248047
math_5unit_participation,RandomForest,0.2058823529411764,0.11087095474672298,248062
math_5unit_participation,RandomForest,0.1351351351351351,0.11087095474672298,248062
math_5unit_participation,RandomForest,0.1333333333333333,0.11087095474672298,248062
math_5unit_participation,RandomForest,0.1538461538461538,0.11087095474672298,248062
math_5unit_participation,RandomForest,0.0,0.10823263047931662,248070
math_5unit_participation,RandomForest,0.0,0.10823263047931662,248070
math_5unit_participation,RandomForest,0.0,0.10823263047931662,248070
math_5unit_participation,RandomForest,0.0804597701149425,0.10823263047931662,248070
math_5unit_participation,RandomForest,0.1193181818181818,0.1065906511038607,248088
math_5unit_participation,RandomForest,0.0769230769230769,0.1065906511038607,248088
math_5unit_participation,RandomForest,0.0509554140127388,0.1065906511038607,248088
math_5unit_participation,RandomForest,0.1376811594202898,0.1065906511038607,248088
math_5unit_participation,RandomForest,0.0775193798449612,0.07987078053410895,248104
math_5unit_participation,RandomForest,0.0666666666666666,0.07987078053410895,248104
math_5unit_participation,RandomForest,0.1439393939393939,0.07987078053410895,248104
math_5unit_participation,RandomForest,0.1379310344827586,0.07987078053410895,248104
math_5unit_participation,RandomForest,0.0714285714285714,0.10075616187595711,248112
math_5unit_participation,RandomForest,0.0402684563758389,0.10075616187595711,248112
math_5unit_participation,RandomForest,0.0709219858156028,0.10075616187595711,248112
math_5unit_participation,RandomForest,0.0566037735849056,0.10075616187595711,248112
math_5unit_participation,RandomForest,0.1078431372549019,0.08124349696080505,248138
math_5unit_participation,RandomForest,0.0944881889763779,0.08124349696080505,248138
math_5unit_participation,RandomForest,0.1543624161073825,0.08124349696080505,248138
math_5unit_participation,RandomForest,0.1686046511627907,0.08124349696080505,248138
math_5unit_participation,RandomForest,0.0546448087431694,0.1126588001124978,248179
math_5unit_participation,RandomForest,0.1147540983606557,0.1126588001124978,248179
math_5unit_participation,RandomForest,0.1219512195121951,0.1126588001124978,248179
math_5unit_participation,RandomForest,0.1319796954314721,0.1126588001124978,248179
math_5unit_participation,RandomForest,0.0316455696202531,0.06817029815118122,248195
math_5unit_participation,RandomForest,0.0,0.06817029815118122,248195
math_5unit_participation,RandomForest,0.0,0.06817029815118122,248195
math_5unit_participation,RandomForest,0.0454545454545454,0.06817029815118122,248195
math_5unit_participation,RandomForest,0.1134020618556701,0.1042900910203066,248203
math_5unit_participation,RandomForest,0.0672268907563025,0.1042900910203066,248203
math_5unit_participation,RandomForest,0.1382113821138211,0.1042900910203066,248203
math_5unit_participation,RandomForest,0.1491228070175438,0.1042900910203066,248203
math_5unit_participation,RandomForest,0.1326530612244898,0.10409411141905435,248229
math_5unit_participation,RandomForest,0.1648351648351648,0.10409411141905435,248229
math_5unit_participation,RandomForest,0.1682242990654205,0.10409411141905435,248229
math_5unit_participation,RandomForest,0.3333333333333333,0.0750068837493944,248260
math_5unit_participation,RandomForest,0.1756756756756756,0.0750068837493944,248260
math_5unit_participation,RandomForest,0.1318681318681318,0.0750068837493944,248260
math_5unit_participation,RandomForest,0.0609756097560975,0.0750068837493944,248260
math_5unit_participation,RandomForest,0.4942528735632184,0.16116293401644924,248278
math_5unit_participation,RandomForest,0.4827586206896552,0.16116293401644924,248278
math_5unit_participation,RandomForest,0.53125,0.16116293401644924,248278
math_5unit_participation,RandomForest,0.4130434782608695,0.16116293401644924,248278
math_5unit_participation,RandomForest,0.104,0.10562444795018375,248302
math_5unit_participation,RandomForest,0.1338582677165354,0.10562444795018375,248302
math_5unit_participation,RandomForest,0.1203007518796992,0.10562444795018375,248302
math_5unit_participation,RandomForest,0.0609756097560975,0.10562444795018375,248302
math_5unit_participation,RandomForest,0.057471264367816,0.09920623236989093,248328
math_5unit_participation,RandomForest,0.0872093023255814,0.09920623236989093,248328
math_5unit_participation,RandomForest,0.0887573964497041,0.09920623236989093,248328
math_5unit_participation,RandomForest,0.0925925925925925,0.09920623236989093,248328
math_5unit_participation,RandomForest,0.0616438356164383,0.10761881295543255,248336
math_5unit_participation,RandomForest,0.1020408163265306,0.10761881295543255,248336
math_5unit_participation,RandomForest,0.11,0.10761881295543255,248336
math_5unit_participation,RandomForest,0.1206896551724138,0.10761881295543255,248336
math_5unit_participation,RandomForest,0.0923076923076923,0.06546649882869789,248344
math_5unit_participation,RandomForest,0.0,0.06546649882869789,248344
math_5unit_participation,RandomForest,0.0681818181818181,0.06546649882869789,248344
math_5unit_participation,RandomForest,0.1126760563380281,0.06546649882869789,248344
math_5unit_participation,RandomForest,0.0666666666666666,0.098406474411602,248419
math_5unit_participation,RandomForest,0.1509433962264151,0.098406474411602,248419
math_5unit_participation,RandomForest,0.1267605633802817,0.098406474411602,248419
math_5unit_participation,RandomForest,0.2307692307692307,0.098406474411602,248419
math_5unit_participation,RandomForest,0.1328671328671328,0.0976351071850663,248427
math_5unit_participation,RandomForest,0.1512605042016806,0.0976351071850663,248427
math_5unit_participation,RandomForest,0.1020408163265306,0.0976351071850663,248427
math_5unit_participation,RandomForest,0.1172413793103448,0.0976351071850663,248427
math_5unit_participation,RandomForest,0.1351351351351351,0.06718987062690845,248435
math_5unit_participation,RandomForest,0.1566265060240964,0.06718987062690845,248435
math_5unit_participation,RandomForest,0.101010101010101,0.06718987062690845,248435
math_5unit_participation,RandomForest,0.15,0.06718987062690845,248435
math_5unit_participation,RandomForest,0.1830985915492957,0.10389599615594915,248443
math_5unit_participation,RandomForest,0.1384615384615384,0.10389599615594915,248443
math_5unit_participation,RandomForest,0.2878787878787879,0.10389599615594915,248443
math_5unit_participation,RandomForest,0.247191011235955,0.10389599615594915,248443
math_5unit_participation,RandomForest,0.1805555555555555,0.08613105284940754,248534
math_5unit_participation,RandomForest,0.1052631578947368,0.08613105284940754,248534
math_5unit_participation,RandomForest,0.1097560975609756,0.08613105284940754,248534
math_5unit_participation,RandomForest,0.1298701298701298,0.08613105284940754,248534
math_5unit_participation,RandomForest,0.1238095238095238,0.09876152469064331,248559
math_5unit_participation,RandomForest,0.1478260869565217,0.09876152469064331,248559
math_5unit_participation,RandomForest,0.1607142857142857,0.09876152469064331,248559
math_5unit_participation,RandomForest,0.1162790697674418,0.09876152469064331,248559
math_5unit_participation,RandomForest,0.1225806451612903,0.10062089379550403,248575
math_5unit_participation,RandomForest,0.1862745098039215,0.10062089379550403,248575
math_5unit_participation,RandomForest,0.0816326530612244,0.10062089379550403,248575
math_5unit_participation,RandomForest,0.12,0.10062089379550403,248575
math_5unit_participation,RandomForest,0.1103448275862069,0.06630829093107432,248583
math_5unit_participation,RandomForest,0.088235294117647,0.06630829093107432,248583
math_5unit_participation,RandomForest,0.0780487804878048,0.06630829093107432,248583
math_5unit_participation,RandomForest,0.1082474226804123,0.06630829093107432,248583
math_5unit_participation,RandomForest,0.0416666666666666,0.10015134204397333,248625
math_5unit_participation,RandomForest,0.0837209302325581,0.10015134204397333,248625
math_5unit_participation,RandomForest,0.1029411764705882,0.10015134204397333,248625
math_5unit_participation,RandomForest,0.0946502057613168,0.10015134204397333,248625
math_5unit_participation,RandomForest,0.1162790697674418,0.06605180588718758,248641
math_5unit_participation,RandomForest,0.1743119266055046,0.06605180588718758,248641
math_5unit_participation,RandomForest,0.1764705882352941,0.06605180588718758,248641
math_5unit_participation,RandomForest,0.1900826446280991,0.06605180588718758,248641
math_5unit_participation,RandomForest,0.0,0.11762294812846692,248666
math_5unit_participation,RandomForest,0.0833333333333333,0.11762294812846692,248666
math_5unit_participation,RandomForest,0.0617283950617283,0.11762294812846692,248666
math_5unit_participation,RandomForest,0.0,0.11762294812846692,248666
math_5unit_participation,RandomForest,0.2195121951219512,0.07663479760911178,248674
math_5unit_participation,RandomForest,0.1224489795918367,0.07663479760911178,248674
math_5unit_participation,RandomForest,0.1458333333333333,0.07663479760911178,248674
math_5unit_participation,RandomForest,0.0980392156862745,0.07663479760911178,248674
math_5unit_participation,RandomForest,0.0803571428571428,0.14231909544612892,248690
math_5unit_participation,RandomForest,0.1478260869565217,0.14231909544612892,248690
math_5unit_participation,RandomForest,0.1818181818181818,0.14231909544612892,248690
math_5unit_participation,RandomForest,0.1650485436893204,0.14231909544612892,248690
math_5unit_participation,RandomForest,0.1204819277108433,0.11753449016464103,248724
math_5unit_participation,RandomForest,0.2236842105263158,0.11753449016464103,248724
math_5unit_participation,RandomForest,0.2105263157894736,0.11753449016464103,248724
math_5unit_participation,RandomForest,0.1176470588235294,0.11753449016464103,248724
math_5unit_participation,RandomForest,0.081967213114754,0.09037227720222821,248740
math_5unit_participation,RandomForest,0.0930232558139534,0.09037227720222821,248740
math_5unit_participation,RandomForest,0.1587301587301587,0.09037227720222821,248740
math_5unit_participation,RandomForest,0.1951219512195122,0.09037227720222821,248740
math_5unit_participation,RandomForest,0.4090909090909091,0.03538460213980834,248757
math_5unit_participation,RandomForest,0.0,0.03538460213980834,248757
math_5unit_participation,RandomForest,0.0,0.07151532875921834,248781
math_5unit_participation,RandomForest,0.0,0.07151532875921834,248781
math_5unit_participation,RandomForest,0.0,0.07151532875921834,248781
math_5unit_participation,RandomForest,0.0,0.07151532875921834,248781
math_5unit_participation,RandomForest,0.1333333333333333,0.18981973969969004,248823
math_5unit_participation,RandomForest,0.1604938271604938,0.18981973969969004,248823
math_5unit_participation,RandomForest,0.330188679245283,0.18981973969969004,248823
math_5unit_participation,RandomForest,0.2391304347826087,0.18981973969969004,248823
math_5unit_participation,RandomForest,0.0575916230366492,0.08387172224426231,249037
math_5unit_participation,RandomForest,0.0531400966183574,0.08387172224426231,249037
math_5unit_participation,RandomForest,0.0728155339805825,0.08387172224426231,249037
math_5unit_participation,RandomForest,0.1031390134529148,0.08387172224426231,249037
math_5unit_participation,RandomForest,0.0958904109589041,0.09400549314003703,249094
math_5unit_participation,RandomForest,0.1985815602836879,0.09400549314003703,249094
math_5unit_participation,RandomForest,0.1149425287356321,0.09400549314003703,249094
math_5unit_participation,RandomForest,0.1533742331288343,0.09400549314003703,249094
math_5unit_participation,RandomForest,0.1538461538461538,0.09023669450312904,249110
math_5unit_participation,RandomForest,0.1261261261261261,0.09023669450312904,249110
math_5unit_participation,RandomForest,0.1367521367521367,0.09023669450312904,249110
math_5unit_participation,RandomForest,0.1702127659574468,0.09023669450312904,249110
math_5unit_participation,RandomForest,0.0879120879120879,0.11562614168892096,249193
math_5unit_participation,RandomForest,0.1559633027522936,0.11562614168892096,249193
math_5unit_participation,RandomForest,0.1684210526315789,0.11562614168892096,249193
math_5unit_participation,RandomForest,0.1958762886597938,0.11562614168892096,249193
math_5unit_participation,RandomForest,0.0683760683760683,0.08207028377799286,249235
math_5unit_participation,RandomForest,0.0970149253731343,0.08207028377799286,249235
math_5unit_participation,RandomForest,0.1111111111111111,0.08207028377799286,249235
math_5unit_participation,RandomForest,0.1013513513513513,0.08207028377799286,249235
math_5unit_participation,RandomForest,0.0,0.11834224330338707,249250
math_5unit_participation,RandomForest,0.0,0.11834224330338707,249250
math_5unit_participation,RandomForest,0.0,0.11834224330338707,249250
math_5unit_participation,RandomForest,0.0,0.11834224330338707,249250
math_5unit_participation,RandomForest,0.1596638655462184,0.07553505414517031,249284
math_5unit_participation,RandomForest,0.2971014492753623,0.07553505414517031,249284
math_5unit_participation,RandomForest,0.1593406593406593,0.07553505414517031,249284
math_5unit_participation,RandomForest,0.0,0.10066500341198917,249300
math_5unit_participation,RandomForest,0.0,0.10066500341198917,249300
math_5unit_participation,RandomForest,0.0,0.10066500341198917,249300
math_5unit_participation,RandomForest,0.0,0.10066500341198917,249300
math_5unit_participation,RandomForest,0.1944444444444444,0.06895740250618258,249318
math_5unit_participation,RandomForest,0.0,0.06895740250618258,249318
math_5unit_participation,RandomForest,0.0,0.06895740250618258,249318
math_5unit_participation,RandomForest,0.0,0.06895740250618258,249318
math_5unit_participation,RandomForest,0.1746031746031746,0.06580827672903952,260059
math_5unit_participation,RandomForest,0.1153846153846153,0.06580827672903952,260059
math_5unit_participation,RandomForest,0.1304347826086956,0.06580827672903952,260059
math_5unit_participation,RandomForest,0.2222222222222222,0.06580827672903952,260059
math_5unit_participation,RandomForest,0.0,0.11811028258240322,260067
math_5unit_participation,RandomForest,0.1041666666666666,0.11811028258240322,260067
math_5unit_participation,RandomForest,0.1481481481481481,0.11811028258240322,260067
math_5unit_participation,RandomForest,0.1206896551724138,0.11811028258240322,260067
math_5unit_participation,RandomForest,0.0975609756097561,0.13656267900122382,260091
math_5unit_participation,RandomForest,0.1194029850746268,0.13656267900122382,260091
math_5unit_participation,RandomForest,0.1390728476821192,0.13656267900122382,260091
math_5unit_participation,RandomForest,0.1104651162790697,0.13656267900122382,260091
math_5unit_participation,RandomForest,0.0916666666666666,0.1286924043437522,260109
math_5unit_participation,RandomForest,0.0695652173913043,0.1286924043437522,260109
math_5unit_participation,RandomForest,0.1,0.1286924043437522,260109
math_5unit_participation,RandomForest,0.1769911504424778,0.1286924043437522,260109
math_5unit_participation,RandomForest,0.0952380952380952,0.12063770535722097,260125
math_5unit_participation,RandomForest,0.0,0.12063770535722097,260125
math_5unit_participation,RandomForest,0.1573033707865168,0.12063770535722097,260125
math_5unit_participation,RandomForest,0.1585365853658536,0.12063770535722097,260125
math_5unit_participation,RandomForest,0.0789473684210526,0.10996263473964124,260133
math_5unit_participation,RandomForest,0.0618556701030927,0.10996263473964124,260133
math_5unit_participation,RandomForest,0.1505376344086021,0.10996263473964124,260133
math_5unit_participation,RandomForest,0.0898876404494382,0.10996263473964124,260133
math_5unit_participation,RandomForest,0.1216216216216216,0.1678337488144568,260182
math_5unit_participation,RandomForest,0.175438596491228,0.1678337488144568,260182
math_5unit_participation,RandomForest,0.0763358778625954,0.1678337488144568,260182
math_5unit_participation,RandomForest,0.1221374045801526,0.1678337488144568,260182
math_5unit_participation,RandomForest,0.146551724137931,0.1048996060056632,260232
math_5unit_participation,RandomForest,0.1326530612244898,0.1048996060056632,260232
math_5unit_participation,RandomForest,0.131578947368421,0.1048996060056632,260232
math_5unit_participation,RandomForest,0.1428571428571428,0.1048996060056632,260232
math_5unit_participation,RandomForest,0.2201834862385321,0.12156333168777184,260240
math_5unit_participation,RandomForest,0.2277227722772277,0.12156333168777184,260240
math_5unit_participation,RandomForest,0.2608695652173913,0.12156333168777184,260240
math_5unit_participation,RandomForest,0.3008849557522124,0.12156333168777184,260240
math_5unit_participation,RandomForest,0.2463768115942029,0.14836741306622098,260257
math_5unit_participation,RandomForest,0.1962025316455696,0.14836741306622098,260257
math_5unit_participation,RandomForest,0.176056338028169,0.14836741306622098,260257
math_5unit_participation,RandomForest,0.2281879194630872,0.14836741306622098,260257
math_5unit_participation,RandomForest,0.1217391304347826,0.13277793795687398,260307
math_5unit_participation,RandomForest,0.1023622047244094,0.13277793795687398,260307
math_5unit_participation,RandomForest,0.1048387096774193,0.13277793795687398,260307
math_5unit_participation,RandomForest,0.1,0.13277793795687398,260307
math_5unit_participation,RandomForest,0.1052631578947368,0.12185623913607953,260331
math_5unit_participation,RandomForest,0.1333333333333333,0.12185623913607953,260331
math_5unit_participation,RandomForest,0.1478260869565217,0.12185623913607953,260331
math_5unit_participation,RandomForest,0.1322314049586777,0.12185623913607953,260331
math_5unit_participation,RandomForest,0.1369047619047619,0.11634865627932045,260489
math_5unit_participation,RandomForest,0.1419753086419753,0.11634865627932045,260489
math_5unit_participation,RandomForest,0.1360544217687075,0.11634865627932045,260489
math_5unit_participation,RandomForest,0.1529411764705882,0.11634865627932045,260489
math_5unit_participation,RandomForest,0.0,0.007717961532575412,260497
math_5unit_participation,RandomForest,0.0,0.007717961532575412,260497
math_5unit_participation,RandomForest,0.0,0.007717961532575412,260497
math_5unit_participation,RandomForest,0.0,0.007717961532575412,260497
math_5unit_participation,RandomForest,0.1386861313868613,0.10579737533353903,261065
math_5unit_participation,RandomForest,0.232,0.10579737533353903,261065
math_5unit_participation,RandomForest,0.1567164179104477,0.10579737533353903,261065
math_5unit_participation,RandomForest,0.1232876712328767,0.10579737533353903,261065
math_5unit_participation,RandomForest,0.0,0.017706078393489002,267724
math_5unit_participation,RandomForest,0.0,0.017706078393489002,267724
math_5unit_participation,RandomForest,0.202020202020202,0.10324723057544448,270025
math_5unit_participation,RandomForest,0.0564516129032258,0.10324723057544448,270025
math_5unit_participation,RandomForest,0.0982142857142857,0.10324723057544448,270025
math_5unit_participation,RandomForest,0.1044776119402985,0.10324723057544448,270025
math_5unit_participation,RandomForest,0.0,0.028563649244476217,270033
math_5unit_participation,RandomForest,0.0,0.028563649244476217,270033
math_5unit_participation,RandomForest,0.0,0.028563649244476217,270033
math_5unit_participation,RandomForest,0.0694444444444444,0.028563649244476217,270033
math_5unit_participation,RandomForest,0.1216216216216216,0.12733837576951887,270041
math_5unit_participation,RandomForest,0.0590551181102362,0.12733837576951887,270041
math_5unit_participation,RandomForest,0.1208333333333333,0.12733837576951887,270041
math_5unit_participation,RandomForest,0.1470588235294117,0.12733837576951887,270041
math_5unit_participation,RandomForest,0.1702127659574468,0.13326927084642626,270140
math_5unit_participation,RandomForest,0.1776315789473684,0.13326927084642626,270140
math_5unit_participation,RandomForest,0.1779141104294478,0.13326927084642626,270140
math_5unit_participation,RandomForest,0.21875,0.13326927084642626,270140
math_5unit_participation,RandomForest,0.1,0.08900277341119471,270157
math_5unit_participation,RandomForest,0.074074074074074,0.08900277341119471,270157
math_5unit_participation,RandomForest,0.1184210526315789,0.08900277341119471,270157
math_5unit_participation,RandomForest,0.0967741935483871,0.08900277341119471,270157
math_5unit_participation,RandomForest,0.0,0.02401400999852913,270223
math_5unit_participation,RandomForest,0.0,0.02401400999852913,270223
math_5unit_participation,RandomForest,0.0,0.02401400999852913,270223
math_5unit_participation,RandomForest,0.0,0.02401400999852913,270223
math_5unit_participation,RandomForest,0.08,0.04217339033037449,270280
math_5unit_participation,RandomForest,0.0,0.04217339033037449,270280
math_5unit_participation,RandomForest,0.1111111111111111,0.04217339033037449,270280
math_5unit_participation,RandomForest,0.0,0.04217339033037449,270280
math_5unit_participation,RandomForest,0.1886792452830188,0.13040052129357524,270298
math_5unit_participation,RandomForest,0.1635220125786163,0.13040052129357524,270298
math_5unit_participation,RandomForest,0.1043478260869565,0.13040052129357524,270298
math_5unit_participation,RandomForest,0.1751824817518248,0.13040052129357524,270298
math_5unit_participation,RandomForest,0.0,0.08421450767518432,270801
math_5unit_participation,RandomForest,0.0,0.08421450767518432,270801
math_5unit_participation,RandomForest,0.0,0.08421450767518432,270801
math_5unit_participation,RandomForest,0.0,0.08421450767518432,270801
math_5unit_participation,RandomForest,0.2368421052631578,0.03617973096378,277012
math_5unit_participation,RandomForest,0.1136363636363636,0.03617973096378,277012
math_5unit_participation,RandomForest,0.1842105263157894,0.03617973096378,277012
math_5unit_participation,RandomForest,0.1162790697674418,0.03617973096378,277012
math_5unit_participation,RandomForest,0.0,0.08555129811979592,278010
math_5unit_participation,RandomForest,0.0,0.08555129811979592,278010
math_5unit_participation,RandomForest,0.0,0.08555129811979592,278010
math_5unit_participation,RandomForest,0.0,0.08555129811979592,278010
math_5unit_participation,RandomForest,0.106060606060606,0.10043564484009365,278028
math_5unit_participation,RandomForest,0.0,0.10043564484009365,278028
math_5unit_participation,RandomForest,0.0833333333333333,0.10043564484009365,278028
math_5unit_participation,RandomForest,0.0681818181818181,0.10043564484009365,278028
math_5unit_participation,RandomForest,0.0,0.09846589583707406,278283
math_5unit_participation,RandomForest,0.0666666666666666,0.09846589583707406,278283
math_5unit_participation,RandomForest,0.0839694656488549,0.09846589583707406,278283
math_5unit_participation,RandomForest,0.0692307692307692,0.09846589583707406,278283
math_5unit_participation,RandomForest,0.1297709923664122,0.1112620065185429,280032
math_5unit_participation,RandomForest,0.1056338028169014,0.1112620065185429,280032
math_5unit_participation,RandomForest,0.1476510067114094,0.1112620065185429,280032
math_5unit_participation,RandomForest,0.0948905109489051,0.1112620065185429,280032
math_5unit_participation,RandomForest,0.2146118721461187,0.15479390241441982,280057
math_5unit_participation,RandomForest,0.1374407582938388,0.15479390241441982,280057
math_5unit_participation,RandomForest,0.2116182572614107,0.15479390241441982,280057
math_5unit_participation,RandomForest,0.2162162162162162,0.15479390241441982,280057
math_5unit_participation,RandomForest,0.125,0.10043791260606294,280115
math_5unit_participation,RandomForest,0.15,0.10043791260606294,280115
math_5unit_participation,RandomForest,0.1521739130434782,0.10043791260606294,280115
math_5unit_participation,RandomForest,0.0,0.10043791260606294,280115
math_5unit_participation,RandomForest,0.0,0.09662171638547802,288019
math_5unit_participation,RandomForest,0.0,0.09662171638547802,288019
math_5unit_participation,RandomForest,0.0,0.09662171638547802,288019
math_5unit_participation,RandomForest,0.0,0.09662171638547802,288019
math_5unit_participation,RandomForest,0.0,0.022307200374451733,288134
math_5unit_participation,RandomForest,0.0,0.022307200374451733,288134
math_5unit_participation,RandomForest,0.0,0.022307200374451733,288134
math_5unit_participation,RandomForest,0.0,0.022307200374451733,288134
math_5unit_participation,RandomForest,0.2631578947368421,0.020210646654415104,338095
math_5unit_participation,RandomForest,0.1612903225806451,0.020210646654415104,338095
math_5unit_participation,RandomForest,0.0,0.020210646654415104,338095
math_5unit_participation,RandomForest,0.0,0.020210646654415104,338095
math_5unit_participation,RandomForest,0.0,0.009026486338739025,338129
math_5unit_participation,RandomForest,0.0,0.009026486338739025,338129
math_5unit_participation,RandomForest,0.0,0.009026486338739025,338129
math_5unit_participation,RandomForest,0.0,0.009026486338739025,338129
math_5unit_participation,RandomForest,0.0,0.01777468412411634,338418
math_5unit_participation,RandomForest,0.0,0.01777468412411634,338418
math_5unit_participation,RandomForest,0.0,0.01777468412411634,338418
math_5unit_participation,RandomForest,0.1020408163265306,0.01777468412411634,338418
math_5unit_participation,RandomForest,0.0,0.027938607383101013,338426
math_5unit_participation,RandomForest,0.0,0.013824511628366407,338541
math_5unit_participation,RandomForest,0.0,0.013824511628366407,338541
math_5unit_participation,RandomForest,0.0,0.013824511628366407,338541
math_5unit_participation,RandomForest,0.0,0.07852287154748874,338616
math_5unit_participation,RandomForest,0.0,0.07852287154748874,338616
math_5unit_participation,RandomForest,0.0,0.07852287154748874,338616
math_5unit_participation,RandomForest,0.0,0.07852287154748874,338616
math_5unit_participation,RandomForest,0.0,0.07674424009067961,338657
math_5unit_participation,RandomForest,0.1382978723404255,0.07674424009067961,338657
math_5unit_participation,RandomForest,0.0625,0.07674424009067961,338657
math_5unit_participation,RandomForest,0.0,0.07277684740605822,338715
math_5unit_participation,RandomForest,0.0,0.07277684740605822,338715
math_5unit_participation,RandomForest,0.0,0.07277684740605822,338715
math_5unit_participation,RandomForest,0.0,0.07277684740605822,338715
math_5unit_participation,RandomForest,0.0,0.017603818700578,338772
math_5unit_participation,RandomForest,0.0,0.017603818700578,338772
math_5unit_participation,RandomForest,0.0,0.017603818700578,338772
math_5unit_participation,RandomForest,0.0,0.017603818700578,338772
math_5unit_participation,RandomForest,0.2320261437908496,0.1915251916668642,340018
math_5unit_participation,RandomForest,0.2305194805194805,0.1915251916668642,340018
math_5unit_participation,RandomForest,0.2542857142857143,0.1915251916668642,340018
math_5unit_participation,RandomForest,0.2354948805460751,0.1915251916668642,340018
math_5unit_participation,RandomForest,0.156934306569343,0.10861250134302526,340034
math_5unit_participation,RandomForest,0.1761006289308176,0.10861250134302526,340034
math_5unit_participation,RandomForest,0.1242424242424242,0.10861250134302526,340034
math_5unit_participation,RandomForest,0.1722972972972972,0.10861250134302526,340034
math_5unit_participation,RandomForest,0.0,0.022254099068581907,340042
math_5unit_participation,RandomForest,0.0,0.022254099068581907,340042
math_5unit_participation,RandomForest,0.0,0.022254099068581907,340042
math_5unit_participation,RandomForest,0.0,0.022254099068581907,340042
math_5unit_participation,RandomForest,0.160427807486631,0.19679530493144454,340059
math_5unit_participation,RandomForest,0.2171052631578947,0.19679530493144454,340059
math_5unit_participation,RandomForest,0.147239263803681,0.19679530493144454,340059
math_5unit_participation,RandomForest,0.1419354838709677,0.19679530493144454,340059
math_5unit_participation,RandomForest,0.0745341614906832,0.10256954990306943,340091
math_5unit_participation,RandomForest,0.0935672514619883,0.10256954990306943,340091
math_5unit_participation,RandomForest,0.1833333333333333,0.10256954990306943,340091
math_5unit_participation,RandomForest,0.1695906432748538,0.10256954990306943,340091
math_5unit_participation,RandomForest,0.0714285714285714,0.16458415039982086,340109
math_5unit_participation,RandomForest,0.07,0.16458415039982086,340109
math_5unit_participation,RandomForest,0.1509433962264151,0.16458415039982086,340109
math_5unit_participation,RandomForest,0.1238938053097345,0.16458415039982086,340109
math_5unit_participation,RandomForest,0.1464088397790055,0.07428661372316053,340117
math_5unit_participation,RandomForest,0.1497175141242938,0.07428661372316053,340117
math_5unit_participation,RandomForest,0.0997067448680351,0.07428661372316053,340117
math_5unit_participation,RandomForest,0.1381215469613259,0.07428661372316053,340117
math_5unit_participation,RandomForest,0.1463414634146341,0.07387516055320319,340125
math_5unit_participation,RandomForest,0.2093023255813953,0.07387516055320319,340125
math_5unit_participation,RandomForest,0.15,0.07387516055320319,340125
math_5unit_participation,RandomForest,0.2758620689655172,0.07387516055320319,340125
math_5unit_participation,RandomForest,0.0944444444444444,0.12961696837223322,340133
math_5unit_participation,RandomForest,0.1390374331550802,0.12961696837223322,340133
math_5unit_participation,RandomForest,0.1368421052631579,0.12961696837223322,340133
math_5unit_participation,RandomForest,0.16,0.12961696837223322,340133
math_5unit_participation,RandomForest,0.1726618705035971,0.12921793880578447,340158
math_5unit_participation,RandomForest,0.1696428571428571,0.12921793880578447,340158
math_5unit_participation,RandomForest,0.1679389312977099,0.12921793880578447,340158
math_5unit_participation,RandomForest,0.2454545454545454,0.12921793880578447,340158
math_5unit_participation,RandomForest,0.4090909090909091,0.10907343422190943,340166
math_5unit_participation,RandomForest,0.0,0.10907343422190943,340166
math_5unit_participation,RandomForest,0.3125,0.10907343422190943,340166
math_5unit_participation,RandomForest,0.3,0.10907343422190943,340166
math_5unit_participation,RandomForest,0.0833333333333333,0.10234483239268749,340174
math_5unit_participation,RandomForest,0.09009009009009,0.10234483239268749,340174
math_5unit_participation,RandomForest,0.1209677419354838,0.10234483239268749,340174
math_5unit_participation,RandomForest,0.1367521367521367,0.10234483239268749,340174
math_5unit_participation,RandomForest,0.2317880794701986,0.12686321502091558,340190
math_5unit_participation,RandomForest,0.2520325203252032,0.12686321502091558,340190
math_5unit_participation,RandomForest,0.150375939849624,0.12686321502091558,340190
math_5unit_participation,RandomForest,0.3185185185185185,0.12686321502091558,340190
math_5unit_participation,RandomForest,0.1691176470588235,0.10145912698227294,340208
math_5unit_participation,RandomForest,0.1587301587301587,0.10145912698227294,340208
math_5unit_participation,RandomForest,0.1420118343195266,0.10145912698227294,340208
math_5unit_participation,RandomForest,0.1374045801526717,0.10145912698227294,340208
math_5unit_participation,RandomForest,0.3129251700680272,0.21657597617718588,340216
math_5unit_participation,RandomForest,0.3104265402843602,0.21657597617718588,340216
math_5unit_participation,RandomForest,0.2962085308056872,0.21657597617718588,340216
math_5unit_participation,RandomForest,0.3403755868544601,0.21657597617718588,340216
math_5unit_participation,RandomForest,0.4693877551020408,0.10001062556616812,340232
math_5unit_participation,RandomForest,0.3666666666666666,0.10001062556616812,340232
math_5unit_participation,RandomForest,0.45,0.10001062556616812,340232
math_5unit_participation,RandomForest,0.5,0.10001062556616812,340232
math_5unit_participation,RandomForest,0.2291666666666666,0.09722506036285969,340240
math_5unit_participation,RandomForest,0.2222222222222222,0.09722506036285969,340240
math_5unit_participation,RandomForest,0.26,0.09722506036285969,340240
math_5unit_participation,RandomForest,0.1555555555555555,0.09722506036285969,340240
math_5unit_participation,RandomForest,0.1162790697674418,0.1428147356020167,340281
math_5unit_participation,RandomForest,0.157556270096463,0.1428147356020167,340281
math_5unit_participation,RandomForest,0.1356466876971608,0.1428147356020167,340281
math_5unit_participation,RandomForest,0.1704545454545454,0.1428147356020167,340281
math_5unit_participation,RandomForest,0.2127659574468085,0.1645173826778995,340315
math_5unit_participation,RandomForest,0.2857142857142857,0.1645173826778995,340315
math_5unit_participation,RandomForest,0.308457711442786,0.1645173826778995,340315
math_5unit_participation,RandomForest,0.2479338842975206,0.1645173826778995,340315
math_5unit_participation,RandomForest,0.0,0.06832673809055648,340331
math_5unit_participation,RandomForest,0.0,0.06832673809055648,340331
math_5unit_participation,RandomForest,0.0,0.06832673809055648,340331
math_5unit_participation,RandomForest,0.0,0.06832673809055648,340331
math_5unit_participation,RandomForest,0.1182795698924731,0.08839391570428475,340349
math_5unit_participation,RandomForest,0.1122448979591836,0.08839391570428475,340349
math_5unit_participation,RandomForest,0.1927710843373494,0.08839391570428475,340349
math_5unit_participation,RandomForest,0.2,0.013270787834316062,340356
math_5unit_participation,RandomForest,0.0,0.013270787834316062,340356
math_5unit_participation,RandomForest,0.0,0.013270787834316062,340356
math_5unit_participation,RandomForest,0.0,0.013270787834316062,340356
math_5unit_participation,RandomForest,0.1294117647058823,0.1143628201727703,340380
math_5unit_participation,RandomForest,0.171875,0.1143628201727703,340380
math_5unit_participation,RandomForest,0.1428571428571428,0.1143628201727703,340380
math_5unit_participation,RandomForest,0.2238805970149253,0.1143628201727703,340380
math_5unit_participation,RandomForest,0.0,0.08667382297084407,340596
math_5unit_participation,RandomForest,0.0,0.08667382297084407,340596
math_5unit_participation,RandomForest,0.0,0.08667382297084407,340596
math_5unit_participation,RandomForest,0.0,0.08667382297084407,340596
math_5unit_participation,RandomForest,0.0,0.004067288640605927,340612
math_5unit_participation,RandomForest,0.0,0.004067288640605927,340612
math_5unit_participation,RandomForest,0.0,0.004067288640605927,340612
math_5unit_participation,RandomForest,0.0,0.004067288640605927,340612
math_5unit_participation,RandomForest,0.0,0.006746246779365081,340646
math_5unit_participation,RandomForest,0.0,0.006746246779365081,340646
math_5unit_participation,RandomForest,0.0,0.006746246779365081,340646
math_5unit_participation,RandomForest,0.0,0.02589658816753662,340653
math_5unit_participation,RandomForest,0.0,0.02589658816753662,340653
math_5unit_participation,RandomForest,0.0,0.02589658816753662,340653
math_5unit_participation,RandomForest,0.0,0.02589658816753662,340653
math_5unit_participation,RandomForest,0.21875,0.07777137690111126,340737
math_5unit_participation,RandomForest,0.1851851851851851,0.07777137690111126,340737
math_5unit_participation,RandomForest,0.2857142857142857,0.07777137690111126,340737
math_5unit_participation,RandomForest,0.1875,0.07777137690111126,340737
math_5unit_participation,RandomForest,0.0,0.00806081103389421,340778
math_5unit_participation,RandomForest,0.0,0.00806081103389421,340778
math_5unit_participation,RandomForest,0.0,0.00806081103389421,340778
math_5unit_participation,RandomForest,0.0,0.00806081103389421,340778
math_5unit_participation,RandomForest,0.0,0.013350790513922602,342170
math_5unit_participation,RandomForest,0.0,0.013350790513922602,342170
math_5unit_participation,RandomForest,0.0,0.013350790513922602,342170
math_5unit_participation,RandomForest,0.0,0.013350790513922602,342170
math_5unit_participation,RandomForest,0.0355329949238578,0.0470572537625399,342352
math_5unit_participation,RandomForest,0.02803738317757,0.0470572537625399,342352
math_5unit_participation,RandomForest,0.0,0.0470572537625399,342352
math_5unit_participation,RandomForest,0.0285714285714285,0.0470572537625399,342352
math_5unit_participation,RandomForest,0.175,0.04088589012266839,344101
math_5unit_participation,RandomForest,0.1777777777777777,0.04088589012266839,344101
math_5unit_participation,RandomForest,0.131578947368421,0.04088589012266839,344101
math_5unit_participation,RandomForest,0.1428571428571428,0.04088589012266839,344101
math_5unit_participation,RandomForest,0.0,0.045156561261130115,344150
math_5unit_participation,RandomForest,0.0,0.045156561261130115,344150
math_5unit_participation,RandomForest,0.0,0.045156561261130115,344150
math_5unit_participation,RandomForest,0.0,0.045156561261130115,344150
math_5unit_participation,RandomForest,0.0,0.10080487815048214,344200
math_5unit_participation,RandomForest,0.0980392156862745,0.10080487815048214,344200
math_5unit_participation,RandomForest,0.0,0.10080487815048214,344200
math_5unit_participation,RandomForest,0.0845070422535211,0.10080487815048214,344200
math_5unit_participation,RandomForest,0.08,0.05570153209234272,344234
math_5unit_participation,RandomForest,0.11,0.05570153209234272,344234
math_5unit_participation,RandomForest,0.0803571428571428,0.05570153209234272,344234
math_5unit_participation,RandomForest,0.1170212765957446,0.05570153209234272,344234
math_5unit_participation,RandomForest,0.0,0.1199768561933921,344382
math_5unit_participation,RandomForest,0.0,0.1199768561933921,344382
math_5unit_participation,RandomForest,0.0,0.1199768561933921,344382
math_5unit_participation,RandomForest,0.0,0.1199768561933921,344382
math_5unit_participation,RandomForest,0.1470588235294117,0.10488920814161343,344416
math_5unit_participation,RandomForest,0.1363636363636363,0.10488920814161343,344416
math_5unit_participation,RandomForest,0.1629629629629629,0.10488920814161343,344416
math_5unit_participation,RandomForest,0.1139896373056994,0.10488920814161343,344416
math_5unit_participation,RandomForest,0.0977443609022556,0.1028124903889477,344440
math_5unit_participation,RandomForest,0.1384615384615384,0.1028124903889477,344440
math_5unit_participation,RandomForest,0.1428571428571428,0.1028124903889477,344440
math_5unit_participation,RandomForest,0.1259842519685039,0.1028124903889477,344440
math_5unit_participation,RandomForest,0.0,0.024279343665782962,344473
math_5unit_participation,RandomForest,0.0,0.024279343665782962,344473
math_5unit_participation,RandomForest,0.1666666666666666,0.024279343665782962,344473
math_5unit_participation,RandomForest,0.0,0.024279343665782962,344473
math_5unit_participation,RandomForest,0.0,0.004150969011913448,344572
math_5unit_participation,RandomForest,0.0,0.004150969011913448,344572
math_5unit_participation,RandomForest,0.0,0.004150969011913448,344572
math_5unit_participation,RandomForest,0.0,0.004150969011913448,344572
math_5unit_participation,RandomForest,0.0,0.003930600758957399,344580
math_5unit_participation,RandomForest,0.0,0.003930600758957399,344580
math_5unit_participation,RandomForest,0.0,0.003930600758957399,344580
math_5unit_participation,RandomForest,0.0,0.003930600758957399,344580
math_5unit_participation,RandomForest,0.0,0.03659180762682634,344598
math_5unit_participation,RandomForest,0.1851851851851851,0.03659180762682634,344598
math_5unit_participation,RandomForest,0.0,0.03659180762682634,344598
math_5unit_participation,RandomForest,0.0851063829787234,0.19208870422113417,344911
math_5unit_participation,RandomForest,0.0,0.09759969140591758,346494
math_5unit_participation,RandomForest,0.0,0.09759969140591758,346494
math_5unit_participation,RandomForest,0.0,0.09759969140591758,346494
math_5unit_participation,RandomForest,0.0,0.09759969140591758,346494
math_5unit_participation,RandomForest,0.0,0.013028565824434844,346932
math_5unit_participation,RandomForest,0.0,0.013028565824434844,346932
math_5unit_participation,RandomForest,0.0,0.013028565824434844,346932
math_5unit_participation,RandomForest,0.0,0.013028565824434844,346932
math_5unit_participation,RandomForest,0.2536231884057971,0.1802208638625471,347013
math_5unit_participation,RandomForest,0.2885906040268456,0.1802208638625471,347013
math_5unit_participation,RandomForest,0.3310344827586207,0.1802208638625471,347013
math_5unit_participation,RandomForest,0.360759493670886,0.1802208638625471,347013
math_5unit_participation,RandomForest,0.3076923076923077,0.14319566313395649,347021
math_5unit_participation,RandomForest,0.2857142857142857,0.14319566313395649,347021
math_5unit_participation,RandomForest,0.2777777777777778,0.14319566313395649,347021
math_5unit_participation,RandomForest,0.3563218390804598,0.14319566313395649,347021
math_5unit_participation,RandomForest,0.196078431372549,0.10060131732433368,347039
math_5unit_participation,RandomForest,0.3529411764705882,0.10060131732433368,347039
math_5unit_participation,RandomForest,0.2424242424242424,0.10060131732433368,347039
math_5unit_participation,RandomForest,0.2941176470588235,0.10060131732433368,347039
math_5unit_participation,RandomForest,0.09009009009009,0.09718433704974515,347054
math_5unit_participation,RandomForest,0.0714285714285714,0.09718433704974515,347054
math_5unit_participation,RandomForest,0.0853658536585365,0.09718433704974515,347054
math_5unit_participation,RandomForest,0.1273885350318471,0.09718433704974515,347054
math_5unit_participation,RandomForest,0.0,0.02192240546979616,347062
math_5unit_participation,RandomForest,0.0,0.02192240546979616,347062
math_5unit_participation,RandomForest,0.3277777777777778,0.16426024252208402,347070
math_5unit_participation,RandomForest,0.3144329896907216,0.16426024252208402,347070
math_5unit_participation,RandomForest,0.324468085106383,0.16426024252208402,347070
math_5unit_participation,RandomForest,0.335,0.16426024252208402,347070
math_5unit_participation,RandomForest,0.0,0.00849658318856755,347088
math_5unit_participation,RandomForest,0.0,0.00849658318856755,347088
math_5unit_participation,RandomForest,0.0,0.058650157545348615,347096
math_5unit_participation,RandomForest,0.0,0.058650157545348615,347096
math_5unit_participation,RandomForest,0.0,0.058650157545348615,347096
math_5unit_participation,RandomForest,0.0,0.058650157545348615,347096
math_5unit_participation,RandomForest,0.0,0.0627311904516218,347112
math_5unit_participation,RandomForest,0.0,0.0627311904516218,347112
math_5unit_participation,RandomForest,0.0342465753424657,0.04191354035682642,348037
math_5unit_participation,RandomForest,0.0,0.04191354035682642,348037
math_5unit_participation,RandomForest,0.09375,0.04191354035682642,348037
math_5unit_participation,RandomForest,0.0336538461538461,0.04191354035682642,348037
math_5unit_participation,RandomForest,0.1971830985915492,0.10100600118027547,348185
math_5unit_participation,RandomForest,0.1631205673758865,0.10100600118027547,348185
math_5unit_participation,RandomForest,0.188235294117647,0.10100600118027547,348185
math_5unit_participation,RandomForest,0.1346153846153846,0.10100600118027547,348185
math_5unit_participation,RandomForest,0.0,0.05491641097138625,348193
math_5unit_participation,RandomForest,0.0,0.05491641097138625,348193
math_5unit_participation,RandomForest,0.0,0.05491641097138625,348193
math_5unit_participation,RandomForest,0.0,0.05491641097138625,348193
math_5unit_participation,RandomForest,0.0,0.056367506420847875,348201
math_5unit_participation,RandomForest,0.0,0.056367506420847875,348201
math_5unit_participation,RandomForest,0.0,0.056367506420847875,348201
math_5unit_participation,RandomForest,0.0,0.056367506420847875,348201
math_5unit_participation,RandomForest,0.0840336134453781,0.05629103827230638,348227
math_5unit_participation,RandomForest,0.0610687022900763,0.05629103827230638,348227
math_5unit_participation,RandomForest,0.0465116279069767,0.05629103827230638,348227
math_5unit_participation,RandomForest,0.0779220779220779,0.05629103827230638,348227
math_5unit_participation,RandomForest,0.0,0.06370670676002317,348250
math_5unit_participation,RandomForest,0.0,0.06370670676002317,348250
math_5unit_participation,RandomForest,0.0,0.06370670676002317,348250
math_5unit_participation,RandomForest,0.0,0.06370670676002317,348250
math_5unit_participation,RandomForest,0.0,0.046267793705937005,348318
math_5unit_participation,RandomForest,0.0505050505050505,0.046267793705937005,348318
math_5unit_participation,RandomForest,0.0387596899224806,0.046267793705937005,348318
math_5unit_participation,RandomForest,0.0,0.046267793705937005,348318
math_5unit_participation,RandomForest,0.1538461538461538,0.2309470692532032,348342
math_5unit_participation,RandomForest,0.3092783505154639,0.2309470692532032,348342
math_5unit_participation,RandomForest,0.2058823529411764,0.2309470692532032,348342
math_5unit_participation,RandomForest,0.3736263736263736,0.2309470692532032,348342
math_5unit_participation,RandomForest,0.1282051282051282,0.14857876280528737,349928
math_5unit_participation,RandomForest,0.1818181818181818,0.14857876280528737,349928
math_5unit_participation,RandomForest,0.1627906976744186,0.14857876280528737,349928
math_5unit_participation,RandomForest,0.2307692307692307,0.14857876280528737,349928
math_5unit_participation,RandomForest,0.1428571428571428,0.07276467758083582,353581
math_5unit_participation,RandomForest,0.1020408163265306,0.07276467758083582,353581
math_5unit_participation,RandomForest,0.0,0.07276467758083582,353581
math_5unit_participation,RandomForest,0.1470588235294117,0.07276467758083582,353581
math_5unit_participation,RandomForest,0.0,0.07447064839153367,353599
math_5unit_participation,RandomForest,0.0,0.07447064839153367,353599
math_5unit_participation,RandomForest,0.0,0.07447064839153367,353599
math_5unit_participation,RandomForest,0.3,0.07447064839153367,353599
math_5unit_participation,RandomForest,0.1232876712328767,0.17851231641425347,356212
math_5unit_participation,RandomForest,0.2339181286549707,0.17851231641425347,356212
math_5unit_participation,RandomForest,0.14,0.17851231641425347,356212
math_5unit_participation,RandomForest,0.2653061224489796,0.17851231641425347,356212
math_5unit_participation,RandomForest,0.0,0.014898906009289462,359059
math_5unit_participation,RandomForest,0.0,0.014898906009289462,359059
math_5unit_participation,RandomForest,0.0,0.014898906009289462,359059
math_5unit_participation,RandomForest,0.0,0.014898906009289462,359059
math_5unit_participation,RandomForest,0.0,0.048523061192318015,359323
math_5unit_participation,RandomForest,0.0,0.048523061192318015,359323
math_5unit_participation,RandomForest,0.0,0.048523061192318015,359323
math_5unit_participation,RandomForest,0.0,0.048523061192318015,359323
math_5unit_participation,RandomForest,0.1849710982658959,0.15965200182680694,360040
math_5unit_participation,RandomForest,0.0934065934065934,0.15965200182680694,360040
math_5unit_participation,RandomForest,0.1162790697674418,0.15965200182680694,360040
math_5unit_participation,RandomForest,0.1270718232044199,0.15965200182680694,360040
math_5unit_participation,RandomForest,0.0,0.13287963471264053,360123
math_5unit_participation,RandomForest,0.1140350877192982,0.13287963471264053,360123
math_5unit_participation,RandomForest,0.1666666666666666,0.13287963471264053,360123
math_5unit_participation,RandomForest,0.2196969696969697,0.13287963471264053,360123
math_5unit_participation,RandomForest,0.0,0.025359575505112034,360149
math_5unit_participation,RandomForest,0.0845070422535211,0.025359575505112034,360149
math_5unit_participation,RandomForest,0.0,0.025359575505112034,360149
math_5unit_participation,RandomForest,0.0568181818181818,0.025359575505112034,360149
math_5unit_participation,RandomForest,0.1575757575757575,0.15328216059838945,360222
math_5unit_participation,RandomForest,0.2111801242236025,0.15328216059838945,360222
math_5unit_participation,RandomForest,0.191860465116279,0.15328216059838945,360222
math_5unit_participation,RandomForest,0.2066666666666666,0.15328216059838945,360222
math_5unit_participation,RandomForest,0.0,0.017035922703679825,360503
math_5unit_participation,RandomForest,0.0,0.017035922703679825,360503
math_5unit_participation,RandomForest,0.0,0.017035922703679825,360503
math_5unit_participation,RandomForest,0.0,0.017035922703679825,360503
math_5unit_participation,RandomForest,0.0,0.015753056427477912,360768
math_5unit_participation,RandomForest,0.0,0.015753056427477912,360768
math_5unit_participation,RandomForest,0.0,0.015753056427477912,360768
math_5unit_participation,RandomForest,0.0,0.0064771320986496085,366856
math_5unit_participation,RandomForest,0.0,0.015907687087834316,370023
math_5unit_participation,RandomForest,0.0,0.015907687087834316,370023
math_5unit_participation,RandomForest,0.0,0.015907687087834316,370023
math_5unit_participation,RandomForest,0.0,0.015907687087834316,370023
math_5unit_participation,RandomForest,0.1098901098901098,0.20112481939887883,370049
math_5unit_participation,RandomForest,0.1122448979591836,0.20112481939887883,370049
math_5unit_participation,RandomForest,0.1739130434782608,0.20112481939887883,370049
math_5unit_participation,RandomForest,0.19,0.20112481939887883,370049
math_5unit_participation,RandomForest,0.0923694779116465,0.14000229526445812,370072
math_5unit_participation,RandomForest,0.0869565217391304,0.14000229526445812,370072
math_5unit_participation,RandomForest,0.1902985074626865,0.14000229526445812,370072
math_5unit_participation,RandomForest,0.1296296296296296,0.14000229526445812,370072
math_5unit_participation,RandomForest,0.0561797752808988,0.11464848052079209,370122
math_5unit_participation,RandomForest,0.104,0.11464848052079209,370122
math_5unit_participation,RandomForest,0.0714285714285714,0.11464848052079209,370122
math_5unit_participation,RandomForest,0.1188118811881188,0.11464848052079209,370122
math_5unit_participation,RandomForest,0.0,0.03099922530767775,370155
math_5unit_participation,RandomForest,0.0,0.03099922530767775,370155
math_5unit_participation,RandomForest,0.0,0.03099922530767775,370155
math_5unit_participation,RandomForest,0.0,0.03099922530767775,370155
math_5unit_participation,RandomForest,0.0,0.01816214484934002,370254
math_5unit_participation,RandomForest,0.0,0.01816214484934002,370254
math_5unit_participation,RandomForest,0.0,0.01816214484934002,370254
math_5unit_participation,RandomForest,0.0,0.01816214484934002,370254
math_5unit_participation,RandomForest,0.1333333333333333,0.07643182143550709,370304
math_5unit_participation,RandomForest,0.0,0.07643182143550709,370304
math_5unit_participation,RandomForest,0.0,0.07643182143550709,370304
math_5unit_participation,RandomForest,0.0,0.07643182143550709,370304
math_5unit_participation,RandomForest,0.1083916083916083,0.09954367002697725,370312
math_5unit_participation,RandomForest,0.1452702702702702,0.09954367002697725,370312
math_5unit_participation,RandomForest,0.1452702702702702,0.09954367002697725,370312
math_5unit_participation,RandomForest,0.1762452107279693,0.09954367002697725,370312
math_5unit_participation,RandomForest,0.2530864197530864,0.1737790564434666,370395
math_5unit_participation,RandomForest,0.2163742690058479,0.1737790564434666,370395
math_5unit_participation,RandomForest,0.2311320754716981,0.1737790564434666,370395
math_5unit_participation,RandomForest,0.2413793103448276,0.1737790564434666,370395
math_5unit_participation,RandomForest,0.0,0.027518725134364364,370494
math_5unit_participation,RandomForest,0.0,0.027518725134364364,370494
math_5unit_participation,RandomForest,0.0891089108910891,0.027518725134364364,370494
math_5unit_participation,RandomForest,0.0,0.027518725134364364,370494
math_5unit_participation,RandomForest,0.0,0.014569817659542468,370551
math_5unit_participation,RandomForest,0.0,0.014569817659542468,370551
math_5unit_participation,RandomForest,0.0,0.014569817659542468,370551
math_5unit_participation,RandomForest,0.0,0.014569817659542468,370551
math_5unit_participation,RandomForest,0.0,0.09755071653876204,372243
math_5unit_participation,RandomForest,0.1379310344827586,0.09755071653876204,372243
math_5unit_participation,RandomForest,0.0,0.051555891470622124,372946
math_5unit_participation,RandomForest,0.3333333333333333,0.051555891470622124,372946
math_5unit_participation,RandomForest,0.3214285714285714,0.051555891470622124,372946
math_5unit_participation,RandomForest,0.0,0.0040663307456789395,372953
math_5unit_participation,RandomForest,0.0,0.0040663307456789395,372953
math_5unit_participation,RandomForest,0.0,0.0040663307456789395,372953
math_5unit_participation,RandomForest,0.0,0.0040663307456789395,372953
math_5unit_participation,RandomForest,0.0,0.005949424523120048,373142
math_5unit_participation,RandomForest,0.0,0.005949424523120048,373142
math_5unit_participation,RandomForest,0.0,0.005949424523120048,373142
math_5unit_participation,RandomForest,0.0,0.005949424523120048,373142
math_5unit_participation,RandomForest,0.0,0.024865939777453203,373357
math_5unit_participation,RandomForest,0.0,0.024865939777453203,373357
math_5unit_participation,RandomForest,0.0,0.024865939777453203,373357
math_5unit_participation,RandomForest,0.0,0.024865939777453203,373357
math_5unit_participation,RandomForest,0.0,0.09374024206882181,374249
math_5unit_participation,RandomForest,0.3333333333333333,0.09374024206882181,374249
math_5unit_participation,RandomForest,0.0,0.09374024206882181,374249
math_5unit_participation,RandomForest,0.064,0.08678763648524639,378018
math_5unit_participation,RandomForest,0.0495867768595041,0.08678763648524639,378018
math_5unit_participation,RandomForest,0.0584415584415584,0.08678763648524639,378018
math_5unit_participation,RandomForest,0.037037037037037,0.08678763648524639,378018
math_5unit_participation,RandomForest,0.0,0.041656897803050805,378075
math_5unit_participation,RandomForest,0.0,0.041656897803050805,378075
math_5unit_participation,RandomForest,0.0,0.041656897803050805,378075
math_5unit_participation,RandomForest,0.0,0.041656897803050805,378075
math_5unit_participation,RandomForest,0.1923076923076923,0.0877498554826254,378117
math_5unit_participation,RandomForest,0.2857142857142857,0.0877498554826254,378117
math_5unit_participation,RandomForest,0.2571428571428571,0.0877498554826254,378117
math_5unit_participation,RandomForest,0.0,0.0877498554826254,378117
math_5unit_participation,RandomForest,0.1962616822429906,0.06825339384272003,380022
math_5unit_participation,RandomForest,0.2528735632183908,0.06825339384272003,380022
math_5unit_participation,RandomForest,0.2427184466019417,0.06825339384272003,380022
math_5unit_participation,RandomForest,0.2826086956521739,0.06825339384272003,380022
math_5unit_participation,RandomForest,0.2040816326530612,0.10883193213091845,380030
math_5unit_participation,RandomForest,0.1721311475409836,0.10883193213091845,380030
math_5unit_participation,RandomForest,0.1290322580645161,0.10883193213091845,380030
math_5unit_participation,RandomForest,0.1360544217687075,0.10883193213091845,380030
math_5unit_participation,RandomForest,0.0,0.017245981134086086,380048
math_5unit_participation,RandomForest,0.0,0.017245981134086086,380048
math_5unit_participation,RandomForest,0.0,0.017245981134086086,380048
math_5unit_participation,RandomForest,0.0,0.017245981134086086,380048
math_5unit_participation,RandomForest,0.1428571428571428,0.10759507813991918,380055
math_5unit_participation,RandomForest,0.0,0.10759507813991918,380055
math_5unit_participation,RandomForest,0.0,0.10759507813991918,380055
math_5unit_participation,RandomForest,0.0694444444444444,0.10759507813991918,380055
math_5unit_participation,RandomForest,0.0,0.1050248412940088,384016
math_5unit_participation,RandomForest,0.0,0.1050248412940088,384016
math_5unit_participation,RandomForest,0.0,0.1050248412940088,384016
math_5unit_participation,RandomForest,0.2238805970149253,0.1050248412940088,384016
math_5unit_participation,RandomForest,0.0,0.12458868577226209,410001
math_5unit_participation,RandomForest,0.0,0.12458868577226209,410001
math_5unit_participation,RandomForest,0.0,0.12458868577226209,410001
math_5unit_participation,RandomForest,0.0,0.12458868577226209,410001
math_5unit_participation,RandomForest,0.0,0.015359538976575925,410076
math_5unit_participation,RandomForest,0.1724137931034483,0.015359538976575925,410076
math_5unit_participation,RandomForest,0.0,0.06438651036022161,417204
math_5unit_participation,RandomForest,0.0,0.06438651036022161,417204
math_5unit_participation,RandomForest,0.0,0.06438651036022161,417204
math_5unit_participation,RandomForest,0.0,0.06438651036022161,417204
math_5unit_participation,RandomForest,0.081967213114754,0.17559984101606468,420018
math_5unit_participation,RandomForest,0.2631578947368421,0.20479960255018284,420026
math_5unit_participation,RandomForest,0.1388888888888889,0.20479960255018284,420026
math_5unit_participation,RandomForest,0.3,0.20479960255018284,420026
math_5unit_participation,RandomForest,0.2204724409448819,0.1670551795816803,420489
math_5unit_participation,RandomForest,0.1812080536912751,0.1670551795816803,420489
math_5unit_participation,RandomForest,0.119205298013245,0.1670551795816803,420489
math_5unit_participation,RandomForest,0.2222222222222222,0.1670551795816803,420489
math_5unit_participation,RandomForest,0.2020547945205479,0.19335066559716255,440016
math_5unit_participation,RandomForest,0.1752577319587628,0.19335066559716255,440016
math_5unit_participation,RandomForest,0.2805970149253731,0.19335066559716255,440016
math_5unit_participation,RandomForest,0.3368794326241134,0.19335066559716255,440016
math_5unit_participation,RandomForest,0.2394957983193277,0.16699044577879493,440024
math_5unit_participation,RandomForest,0.2489451476793249,0.16699044577879493,440024
math_5unit_participation,RandomForest,0.2951541850220264,0.16699044577879493,440024
math_5unit_participation,RandomForest,0.309623430962343,0.16699044577879493,440024
math_5unit_participation,RandomForest,0.1063829787234042,0.08706485761772687,440040
math_5unit_participation,RandomForest,0.109090909090909,0.08706485761772687,440040
math_5unit_participation,RandomForest,0.0,0.08706485761772687,440040
math_5unit_participation,RandomForest,0.0847457627118644,0.08706485761772687,440040
math_5unit_participation,RandomForest,0.2595870206489675,0.19704230413445262,440065
math_5unit_participation,RandomForest,0.2086092715231788,0.19704230413445262,440065
math_5unit_participation,RandomForest,0.2459546925566343,0.19704230413445262,440065
math_5unit_participation,RandomForest,0.2403846153846154,0.19704230413445262,440065
math_5unit_participation,RandomForest,0.0,0.08916985752819678,440073
math_5unit_participation,RandomForest,0.0,0.08916985752819678,440073
math_5unit_participation,RandomForest,0.0,0.08916985752819678,440073
math_5unit_participation,RandomForest,0.0,0.08916985752819678,440073
math_5unit_participation,RandomForest,0.1341991341991342,0.1626641352414237,440081
math_5unit_participation,RandomForest,0.1712707182320442,0.1626641352414237,440081
math_5unit_participation,RandomForest,0.1776649746192893,0.1626641352414237,440081
math_5unit_participation,RandomForest,0.1555555555555555,0.1626641352414237,440081
math_5unit_participation,RandomForest,0.078125,0.165587690301904,440099
math_5unit_participation,RandomForest,0.0885416666666666,0.165587690301904,440099
math_5unit_participation,RandomForest,0.1293103448275862,0.165587690301904,440099
math_5unit_participation,RandomForest,0.1428571428571428,0.165587690301904,440099
math_5unit_participation,RandomForest,0.1821705426356589,0.1945871282053699,440107
math_5unit_participation,RandomForest,0.215625,0.1945871282053699,440107
math_5unit_participation,RandomForest,0.2605633802816901,0.1945871282053699,440107
math_5unit_participation,RandomForest,0.2888086642599278,0.1945871282053699,440107
math_5unit_participation,RandomForest,0.1081081081081081,0.13243309024830258,440115
math_5unit_participation,RandomForest,0.1069182389937107,0.13243309024830258,440115
math_5unit_participation,RandomForest,0.1840490797546012,0.13243309024830258,440115
math_5unit_participation,RandomForest,0.2179487179487179,0.13243309024830258,440115
math_5unit_participation,RandomForest,0.0,0.02888699858603227,440131
math_5unit_participation,RandomForest,0.0,0.02888699858603227,440131
math_5unit_participation,RandomForest,0.0,0.02888699858603227,440131
math_5unit_participation,RandomForest,0.0,0.02888699858603227,440131
math_5unit_participation,RandomForest,0.145985401459854,0.13637067626924773,440149
math_5unit_participation,RandomForest,0.1953125,0.13637067626924773,440149
math_5unit_participation,RandomForest,0.184,0.13637067626924773,440149
math_5unit_participation,RandomForest,0.2440944881889764,0.13637067626924773,440149
math_5unit_participation,RandomForest,0.0458715596330275,0.10457405735074185,440156
math_5unit_participation,RandomForest,0.0555555555555555,0.10457405735074185,440156
math_5unit_participation,RandomForest,0.0,0.10457405735074185,440156
math_5unit_participation,RandomForest,0.06,0.10457405735074185,440156
math_5unit_participation,RandomForest,0.2268041237113402,0.21635162437747152,440172
math_5unit_participation,RandomForest,0.2387387387387387,0.21635162437747152,440172
math_5unit_participation,RandomForest,0.2456140350877192,0.21635162437747152,440172
math_5unit_participation,RandomForest,0.189873417721519,0.21635162437747152,440172
math_5unit_participation,RandomForest,0.2062780269058296,0.1812092209347918,440180
math_5unit_participation,RandomForest,0.1512915129151291,0.1812092209347918,440180
math_5unit_participation,RandomForest,0.12890625,0.1812092209347918,440180
math_5unit_participation,RandomForest,0.197841726618705,0.1812092209347918,440180
math_5unit_participation,RandomForest,0.1384615384615384,0.12963825391986666,440198
math_5unit_participation,RandomForest,0.1386861313868613,0.12963825391986666,440198
math_5unit_participation,RandomForest,0.1151079136690647,0.12963825391986666,440198
math_5unit_participation,RandomForest,0.1612903225806451,0.12963825391986666,440198
math_5unit_participation,RandomForest,0.0,0.19843359949116415,440214
math_5unit_participation,RandomForest,0.0,0.19843359949116415,440214
math_5unit_participation,RandomForest,0.0,0.19843359949116415,440214
math_5unit_participation,RandomForest,0.0,0.19843359949116415,440214
math_5unit_participation,RandomForest,0.2723880597014925,0.20406939176158898,440248
math_5unit_participation,RandomForest,0.2688172043010752,0.20406939176158898,440248
math_5unit_participation,RandomForest,0.2169811320754717,0.20406939176158898,440248
math_5unit_participation,RandomForest,0.334975369458128,0.20406939176158898,440248
math_5unit_participation,RandomForest,0.0,0.12168077516128027,440255
math_5unit_participation,RandomForest,0.0,0.12168077516128027,440255
math_5unit_participation,RandomForest,0.0,0.12168077516128027,440255
math_5unit_participation,RandomForest,0.0,0.12168077516128027,440255
math_5unit_participation,RandomForest,0.1301020408163265,0.2421864240216439,440289
math_5unit_participation,RandomForest,0.1321961620469083,0.2421864240216439,440289
math_5unit_participation,RandomForest,0.149090909090909,0.2421864240216439,440289
math_5unit_participation,RandomForest,0.1643002028397566,0.2421864240216439,440289
math_5unit_participation,RandomForest,0.2368421052631578,0.2294285238656117,440297
math_5unit_participation,RandomForest,0.1764705882352941,0.2294285238656117,440297
math_5unit_participation,RandomForest,0.1967213114754098,0.2294285238656117,440297
math_5unit_participation,RandomForest,0.1917808219178082,0.2294285238656117,440297
math_5unit_participation,RandomForest,0.0,0.009420781739967748,440305
math_5unit_participation,RandomForest,0.0,0.009420781739967748,440305
math_5unit_participation,RandomForest,0.0,0.009420781739967748,440305
math_5unit_participation,RandomForest,0.0,0.15186787710726957,440313
math_5unit_participation,RandomForest,0.0,0.15186787710726957,440313
math_5unit_participation,RandomForest,0.0,0.15186787710726957,440313
math_5unit_participation,RandomForest,0.0,0.15186787710726957,440313
math_5unit_participation,RandomForest,0.0,0.08469721317059853,440321
math_5unit_participation,RandomForest,0.0,0.08469721317059853,440321
math_5unit_participation,RandomForest,0.1428571428571428,0.1932433551897167,440339
math_5unit_participation,RandomForest,0.125,0.1932433551897167,440339
math_5unit_participation,RandomForest,0.1538461538461538,0.1932433551897167,440339
math_5unit_participation,RandomForest,0.1940298507462686,0.1932433551897167,440339
math_5unit_participation,RandomForest,0.2142857142857142,0.126777255159234,440347
math_5unit_participation,RandomForest,0.1549295774647887,0.126777255159234,440347
math_5unit_participation,RandomForest,0.1973684210526315,0.126777255159234,440347
math_5unit_participation,RandomForest,0.3125,0.126777255159234,440347
math_5unit_participation,RandomForest,0.0,0.024600574242341484,440354
math_5unit_participation,RandomForest,0.0,0.024600574242341484,440354
math_5unit_participation,RandomForest,0.0,0.024600574242341484,440354
math_5unit_participation,RandomForest,0.0,0.024600574242341484,440354
math_5unit_participation,RandomForest,0.1232876712328767,0.10067824498995631,440362
math_5unit_participation,RandomForest,0.1923076923076923,0.10067824498995631,440362
math_5unit_participation,RandomForest,0.087719298245614,0.10067824498995631,440362
math_5unit_participation,RandomForest,0.1935483870967742,0.10067824498995631,440362
math_5unit_participation,RandomForest,0.0,0.16510782703140794,440370
math_5unit_participation,RandomForest,0.0,0.16510782703140794,440370
math_5unit_participation,RandomForest,0.1935483870967742,0.16510782703140794,440370
math_5unit_participation,RandomForest,0.1489361702127659,0.16510782703140794,440370
math_5unit_participation,RandomForest,0.0833333333333333,0.16944645998574373,440388
math_5unit_participation,RandomForest,0.1111111111111111,0.16944645998574373,440388
math_5unit_participation,RandomForest,0.1333333333333333,0.16944645998574373,440388
math_5unit_participation,RandomForest,0.1370967741935483,0.16944645998574373,440388
math_5unit_participation,RandomForest,0.0,0.0171129020517029,440446
math_5unit_participation,RandomForest,0.0,0.0171129020517029,440446
math_5unit_participation,RandomForest,0.0,0.0171129020517029,440446
math_5unit_participation,RandomForest,0.0,0.0171129020517029,440446
math_5unit_participation,RandomForest,0.1655629139072847,0.150698749899364,440479
math_5unit_participation,RandomForest,0.1726618705035971,0.150698749899364,440479
math_5unit_participation,RandomForest,0.1913043478260869,0.150698749899364,440479
math_5unit_participation,RandomForest,0.1964285714285714,0.150698749899364,440479
math_5unit_participation,RandomForest,0.2037037037037037,0.11753232567955789,440487
math_5unit_participation,RandomForest,0.1166666666666666,0.11753232567955789,440487
math_5unit_participation,RandomForest,0.1864406779661017,0.11753232567955789,440487
math_5unit_participation,RandomForest,0.1666666666666666,0.11753232567955789,440487
math_5unit_participation,RandomForest,0.0,0.10030196157133518,440495
math_5unit_participation,RandomForest,0.0,0.10030196157133518,440495
math_5unit_participation,RandomForest,0.0,0.10030196157133518,440495
math_5unit_participation,RandomForest,0.0,0.10030196157133518,440495
math_5unit_participation,RandomForest,0.0,0.09392658388516929,440503
math_5unit_participation,RandomForest,0.2,0.09392658388516929,440503
math_5unit_participation,RandomForest,0.1627906976744186,0.09392658388516929,440503
math_5unit_participation,RandomForest,0.2954545454545454,0.09392658388516929,440503
math_5unit_participation,RandomForest,0.0276243093922651,0.14663122099248152,440545
math_5unit_participation,RandomForest,0.0958904109589041,0.14663122099248152,440545
math_5unit_participation,RandomForest,0.0792079207920792,0.14663122099248152,440545
math_5unit_participation,RandomForest,0.0632183908045977,0.14663122099248152,440545
math_5unit_participation,RandomForest,0.0,0.04383348636421227,440560
math_5unit_participation,RandomForest,0.0,0.04383348636421227,440560
math_5unit_participation,RandomForest,0.0,0.04383348636421227,440560
math_5unit_participation,RandomForest,0.0,0.04383348636421227,440560
math_5unit_participation,RandomForest,0.0,0.0201566154187914,440586
math_5unit_participation,RandomForest,0.0,0.0201566154187914,440586
math_5unit_participation,RandomForest,0.0,0.0201566154187914,440586
math_5unit_participation,RandomForest,0.0,0.0201566154187914,440586
math_5unit_participation,RandomForest,0.0,0.013568110477840416,440677
math_5unit_participation,RandomForest,0.0,0.013568110477840416,440677
math_5unit_participation,RandomForest,0.0,0.013568110477840416,440677
math_5unit_participation,RandomForest,0.1481481481481481,0.19416730222114698,440834
math_5unit_participation,RandomForest,0.1851851851851851,0.19416730222114698,440834
math_5unit_participation,RandomForest,0.125,0.19416730222114698,440834
math_5unit_participation,RandomForest,0.208695652173913,0.19416730222114698,440834
math_5unit_participation,RandomForest,0.1877394636015325,0.1939268421242109,440875
math_5unit_participation,RandomForest,0.1497584541062802,0.1939268421242109,440875
math_5unit_participation,RandomForest,0.1623931623931624,0.1939268421242109,440875
math_5unit_participation,RandomForest,0.2039800995024875,0.1939268421242109,440875
math_5unit_participation,RandomForest,0.0,0.1601956767023429,440883
math_5unit_participation,RandomForest,0.1639344262295081,0.1601956767023429,440883
math_5unit_participation,RandomForest,0.0972222222222222,0.1601956767023429,440883
math_5unit_participation,RandomForest,0.1076923076923077,0.1601956767023429,440883
math_5unit_participation,RandomForest,0.0649350649350649,0.12095776989583157,440909
math_5unit_participation,RandomForest,0.1008403361344537,0.12095776989583157,440909
math_5unit_participation,RandomForest,0.1231884057971014,0.12095776989583157,440909
math_5unit_participation,RandomForest,0.1197183098591549,0.12095776989583157,440909
math_5unit_participation,RandomForest,0.0783410138248847,0.16672257711109237,440917
math_5unit_participation,RandomForest,0.1690140845070422,0.16672257711109237,440917
math_5unit_participation,RandomForest,0.1377952755905512,0.16672257711109237,440917
math_5unit_participation,RandomForest,0.2181818181818181,0.16672257711109237,440917
math_5unit_participation,RandomForest,0.065040650406504,0.11250702513175809,440925
math_5unit_participation,RandomForest,0.0857142857142857,0.11250702513175809,440925
math_5unit_participation,RandomForest,0.1463414634146341,0.11250702513175809,440925
math_5unit_participation,RandomForest,0.1901408450704225,0.11250702513175809,440925
math_5unit_participation,RandomForest,0.0,0.011513866567871189,440933
math_5unit_participation,RandomForest,0.0,0.011513866567871189,440933
math_5unit_participation,RandomForest,0.0,0.011513866567871189,440933
math_5unit_participation,RandomForest,0.0,0.011513866567871189,440933
math_5unit_participation,RandomForest,0.0,0.15920139179721868,440941
math_5unit_participation,RandomForest,0.1372549019607843,0.15920139179721868,440941
math_5unit_participation,RandomForest,0.2058823529411764,0.15920139179721868,440941
math_5unit_participation,RandomForest,0.1162790697674418,0.15920139179721868,440941
math_5unit_participation,RandomForest,0.1379310344827586,0.23282839707750372,440958
math_5unit_participation,RandomForest,0.2131147540983606,0.23282839707750372,440958
math_5unit_participation,RandomForest,0.1470588235294117,0.23282839707750372,440958
math_5unit_participation,RandomForest,0.2676056338028169,0.23282839707750372,440958
math_5unit_participation,RandomForest,0.2407407407407407,0.16525370023433808,440982
math_5unit_participation,RandomForest,0.2473684210526315,0.16525370023433808,440982
math_5unit_participation,RandomForest,0.2124352331606217,0.16525370023433808,440982
math_5unit_participation,RandomForest,0.2685714285714285,0.16525370023433808,440982
math_5unit_participation,RandomForest,0.0,0.11143327815636697,440990
math_5unit_participation,RandomForest,0.0,0.11143327815636697,440990
math_5unit_participation,RandomForest,0.0704225352112676,0.11143327815636697,440990
math_5unit_participation,RandomForest,0.1911764705882352,0.11143327815636697,440990
math_5unit_participation,RandomForest,0.2093023255813953,0.23939387088605504,441006
math_5unit_participation,RandomForest,0.2361111111111111,0.23939387088605504,441006
math_5unit_participation,RandomForest,0.3059210526315789,0.23939387088605504,441006
math_5unit_participation,RandomForest,0.3038461538461538,0.23939387088605504,441006
math_5unit_participation,RandomForest,0.119047619047619,0.15907958010722925,441014
math_5unit_participation,RandomForest,0.1573033707865168,0.15907958010722925,441014
math_5unit_participation,RandomForest,0.1408450704225352,0.15907958010722925,441014
math_5unit_participation,RandomForest,0.2087912087912088,0.15907958010722925,441014
math_5unit_participation,RandomForest,0.0,0.1069449230031077,441022
math_5unit_participation,RandomForest,0.0,0.1069449230031077,441022
math_5unit_participation,RandomForest,0.1269841269841269,0.14800389736460612,441030
math_5unit_participation,RandomForest,0.1285714285714285,0.14800389736460612,441030
math_5unit_participation,RandomForest,0.1917098445595854,0.14800389736460612,441030
math_5unit_participation,RandomForest,0.1756756756756756,0.14800389736460612,441030
math_5unit_participation,RandomForest,0.0813397129186602,0.15346691551020844,441089
math_5unit_participation,RandomForest,0.0898203592814371,0.15346691551020844,441089
math_5unit_participation,RandomForest,0.1213872832369942,0.15346691551020844,441089
math_5unit_participation,RandomForest,0.1637426900584795,0.15346691551020844,441089
math_5unit_participation,RandomForest,0.0896226415094339,0.1338670397065622,441097
math_5unit_participation,RandomForest,0.1475409836065573,0.1338670397065622,441097
math_5unit_participation,RandomForest,0.134020618556701,0.1338670397065622,441097
math_5unit_participation,RandomForest,0.1658291457286432,0.1338670397065622,441097
math_5unit_participation,RandomForest,0.0,0.04470548454056601,441113
math_5unit_participation,RandomForest,0.0,0.04470548454056601,441113
math_5unit_participation,RandomForest,0.0,0.04470548454056601,441113
math_5unit_participation,RandomForest,0.0,0.04470548454056601,441113
math_5unit_participation,RandomForest,0.0842696629213483,0.19616751786127531,441139
math_5unit_participation,RandomForest,0.1785714285714285,0.19616751786127531,441139
math_5unit_participation,RandomForest,0.1959798994974874,0.19616751786127531,441139
math_5unit_participation,RandomForest,0.1333333333333333,0.19616751786127531,441139
math_5unit_participation,RandomForest,0.1291866028708134,0.18522442151278043,441147
math_5unit_participation,RandomForest,0.1336405529953917,0.18522442151278043,441147
math_5unit_participation,RandomForest,0.1095238095238095,0.18522442151278043,441147
math_5unit_participation,RandomForest,0.1428571428571428,0.18522442151278043,441147
math_5unit_participation,RandomForest,0.0,0.09393931502495795,441188
math_5unit_participation,RandomForest,0.0,0.09393931502495795,441188
math_5unit_participation,RandomForest,0.0,0.09393931502495795,441188
math_5unit_participation,RandomForest,0.0,0.09393931502495795,441188
math_5unit_participation,RandomForest,0.5133689839572193,0.19986174647291738,441196
math_5unit_participation,RandomForest,0.5526315789473685,0.19986174647291738,441196
math_5unit_participation,RandomForest,0.625,0.19986174647291738,441196
math_5unit_participation,RandomForest,0.5469613259668509,0.19986174647291738,441196
math_5unit_participation,RandomForest,0.2419354838709677,0.10629180561148162,441204
math_5unit_participation,RandomForest,0.2653061224489796,0.10629180561148162,441204
math_5unit_participation,RandomForest,0.2608695652173913,0.10629180561148162,441204
math_5unit_participation,RandomForest,0.3,0.10629180561148162,441204
math_5unit_participation,RandomForest,0.0598290598290598,0.09835271906474385,441212
math_5unit_participation,RandomForest,0.0601503759398496,0.09835271906474385,441212
math_5unit_participation,RandomForest,0.06,0.09835271906474385,441212
math_5unit_participation,RandomForest,0.0656934306569343,0.09835271906474385,441212
math_5unit_participation,RandomForest,0.0,0.026263228079703348,441220
math_5unit_participation,RandomForest,0.0,0.026263228079703348,441220
math_5unit_participation,RandomForest,0.0,0.026263228079703348,441220
math_5unit_participation,RandomForest,0.0,0.026263228079703348,441220
math_5unit_participation,RandomForest,0.1818181818181818,0.21606846409361688,441238
math_5unit_participation,RandomForest,0.1770334928229665,0.21606846409361688,441238
math_5unit_participation,RandomForest,0.1875,0.21606846409361688,441238
math_5unit_participation,RandomForest,0.1839622641509433,0.21606846409361688,441238
math_5unit_participation,RandomForest,0.0,0.023831771143847002,441253
math_5unit_participation,RandomForest,0.0,0.023831771143847002,441253
math_5unit_participation,RandomForest,0.0,0.012759493716005649,441261
math_5unit_participation,RandomForest,0.0,0.012759493716005649,441261
math_5unit_participation,RandomForest,0.0,0.012759493716005649,441261
math_5unit_participation,RandomForest,0.1625,0.2116175225998316,441279
math_5unit_participation,RandomForest,0.1699346405228758,0.2116175225998316,441279
math_5unit_participation,RandomForest,0.1750841750841751,0.2116175225998316,441279
math_5unit_participation,RandomForest,0.2331288343558282,0.2116175225998316,441279
math_5unit_participation,RandomForest,0.0847457627118644,0.20151333354342824,441287
math_5unit_participation,RandomForest,0.1265822784810126,0.20151333354342824,441287
math_5unit_participation,RandomForest,0.1284916201117318,0.20151333354342824,441287
math_5unit_participation,RandomForest,0.1512195121951219,0.20151333354342824,441287
math_5unit_participation,RandomForest,0.1659192825112107,0.18903293792814832,441311
math_5unit_participation,RandomForest,0.1574468085106383,0.18903293792814832,441311
math_5unit_participation,RandomForest,0.1825726141078838,0.18903293792814832,441311
math_5unit_participation,RandomForest,0.2085561497326203,0.18903293792814832,441311
math_5unit_participation,RandomForest,0.1533923303834808,0.2139217564921361,441337
math_5unit_participation,RandomForest,0.2395209580838323,0.2139217564921361,441337
math_5unit_participation,RandomForest,0.2462006079027355,0.2139217564921361,441337
math_5unit_participation,RandomForest,0.2565597667638484,0.2139217564921361,441337
math_5unit_participation,RandomForest,0.0,0.0044156386678260275,441378
math_5unit_participation,RandomForest,0.0,0.0044156386678260275,441378
math_5unit_participation,RandomForest,0.0,0.0044156386678260275,441378
math_5unit_participation,RandomForest,0.0,0.0044156386678260275,441378
math_5unit_participation,RandomForest,0.1241830065359477,0.3092441128619573,441410
math_5unit_participation,RandomForest,0.1208053691275167,0.3092441128619573,441410
math_5unit_participation,RandomForest,0.1666666666666666,0.3092441128619573,441410
math_5unit_participation,RandomForest,0.1955307262569832,0.3092441128619573,441410
math_5unit_participation,RandomForest,0.0,0.01779614084697653,441436
math_5unit_participation,RandomForest,0.0,0.01779614084697653,441436
math_5unit_participation,RandomForest,0.0,0.01779614084697653,441436
math_5unit_participation,RandomForest,0.0,0.01779614084697653,441436
math_5unit_participation,RandomForest,0.0,0.07717710545475885,441584
math_5unit_participation,RandomForest,0.0,0.07717710545475885,441584
math_5unit_participation,RandomForest,0.1666666666666666,0.033199229328986106,441592
math_5unit_participation,RandomForest,0.0,0.033199229328986106,441592
math_5unit_participation,RandomForest,0.0,0.033199229328986106,441592
math_5unit_participation,RandomForest,0.2258064516129032,0.033199229328986106,441592
math_5unit_participation,RandomForest,0.22,0.19720390415941813,441634
math_5unit_participation,RandomForest,0.2183908045977011,0.19720390415941813,441634
math_5unit_participation,RandomForest,0.3461538461538461,0.19720390415941813,441634
math_5unit_participation,RandomForest,0.2962962962962963,0.19720390415941813,441634
math_5unit_participation,RandomForest,0.1578947368421052,0.17948025426101208,441667
math_5unit_participation,RandomForest,0.1578947368421052,0.17948025426101208,441667
math_5unit_participation,RandomForest,0.2857142857142857,0.17948025426101208,441667
math_5unit_participation,RandomForest,0.2091503267973856,0.1502380189695678,441758
math_5unit_participation,RandomForest,0.2760416666666667,0.1502380189695678,441758
math_5unit_participation,RandomForest,0.2901234567901234,0.1502380189695678,441758
math_5unit_participation,RandomForest,0.3272727272727272,0.1502380189695678,441758
math_5unit_participation,RandomForest,0.2749003984063745,0.20374606949961394,441808
math_5unit_participation,RandomForest,0.2011173184357542,0.20374606949961394,441808
math_5unit_participation,RandomForest,0.3138297872340425,0.20374606949961394,441808
math_5unit_participation,RandomForest,0.3367875647668393,0.20374606949961394,441808
math_5unit_participation,RandomForest,0.0,0.03760933866647676,441816
math_5unit_participation,RandomForest,0.1666666666666666,0.03760933866647676,441816
math_5unit_participation,RandomForest,0.1923076923076923,0.03760933866647676,441816
math_5unit_participation,RandomForest,0.0,0.03760933866647676,441816
math_5unit_participation,RandomForest,0.0,0.0325744692966437,441824
math_5unit_participation,RandomForest,0.0,0.0325744692966437,441824
math_5unit_participation,RandomForest,0.0,0.0325744692966437,441824
math_5unit_participation,RandomForest,0.0,0.0325744692966437,441824
math_5unit_participation,RandomForest,0.0,0.08410959548702453,441832
math_5unit_participation,RandomForest,0.2142857142857142,0.08410959548702453,441832
math_5unit_participation,RandomForest,0.0,0.08410959548702453,441832
math_5unit_participation,RandomForest,0.2,0.08410959548702453,441832
math_5unit_participation,RandomForest,0.0,0.04644616336366634,441857
math_5unit_participation,RandomForest,0.0,0.04644616336366634,441857
math_5unit_participation,RandomForest,0.0,0.04644616336366634,441857
math_5unit_participation,RandomForest,0.0,0.04644616336366634,441857
math_5unit_participation,RandomForest,0.0,0.005578850300635694,441899
math_5unit_participation,RandomForest,0.0,0.005578850300635694,441899
math_5unit_participation,RandomForest,0.0,0.005578850300635694,441899
math_5unit_participation,RandomForest,0.0,0.005578850300635694,441899
math_5unit_participation,RandomForest,0.2,0.2272262098485816,441972
math_5unit_participation,RandomForest,0.0,0.2272262098485816,441972
math_5unit_participation,RandomForest,0.2758620689655172,0.2272262098485816,441972
math_5unit_participation,RandomForest,0.2857142857142857,0.2272262098485816,441972
math_5unit_participation,RandomForest,0.0,0.16936792734316705,441980
math_5unit_participation,RandomForest,0.0,0.16936792734316705,441980
math_5unit_participation,RandomForest,0.1016949152542373,0.16936792734316705,441980
math_5unit_participation,RandomForest,0.0,0.16936792734316705,441980
math_5unit_participation,RandomForest,0.0,0.1310807663888084,442004
math_5unit_participation,RandomForest,0.0,0.1310807663888084,442004
math_5unit_participation,RandomForest,0.0,0.1310807663888084,442004
math_5unit_participation,RandomForest,0.0,0.1310807663888084,442004
math_5unit_participation,RandomForest,0.0,0.03670877003283949,442020
math_5unit_participation,RandomForest,0.0,0.03670877003283949,442020
math_5unit_participation,RandomForest,0.0,0.03670877003283949,442020
math_5unit_participation,RandomForest,0.0,0.03670877003283949,442020
math_5unit_participation,RandomForest,0.0,0.026112029924988876,442038
math_5unit_participation,RandomForest,0.0,0.026112029924988876,442038
math_5unit_participation,RandomForest,0.0,0.026112029924988876,442038
math_5unit_participation,RandomForest,0.2442748091603053,0.19159877216513813,442061
math_5unit_participation,RandomForest,0.1549295774647887,0.19159877216513813,442061
math_5unit_participation,RandomForest,0.2638888888888889,0.19159877216513813,442061
math_5unit_participation,RandomForest,0.2258064516129032,0.19159877216513813,442061
math_5unit_participation,RandomForest,0.2083333333333333,0.20879834901752448,442079
math_5unit_participation,RandomForest,0.2037037037037037,0.20879834901752448,442079
math_5unit_participation,RandomForest,0.2,0.20879834901752448,442079
math_5unit_participation,RandomForest,0.2857142857142857,0.20879834901752448,442079
math_5unit_participation,RandomForest,0.0,0.008468523131110267,442111
math_5unit_participation,RandomForest,0.0,0.008468523131110267,442111
math_5unit_participation,RandomForest,0.0,0.008468523131110267,442111
math_5unit_participation,RandomForest,0.0,0.006775298043260082,442129
math_5unit_participation,RandomForest,0.0,0.006775298043260082,442129
math_5unit_participation,RandomForest,0.0,0.006775298043260082,442129
math_5unit_participation,RandomForest,0.0,0.006775298043260082,442129
math_5unit_participation,RandomForest,0.0,0.003411269949090787,442137
math_5unit_participation,RandomForest,0.0,0.003411269949090787,442137
math_5unit_participation,RandomForest,0.0,0.003411269949090787,442137
math_5unit_participation,RandomForest,0.0,0.003411269949090787,442137
math_5unit_participation,RandomForest,0.0,0.003994949290818755,442186
math_5unit_participation,RandomForest,0.0,0.003994949290818755,442186
math_5unit_participation,RandomForest,0.0,0.003994949290818755,442186
math_5unit_participation,RandomForest,0.0,0.003994949290818755,442186
math_5unit_participation,RandomForest,0.1505376344086021,0.1772752524881197,442236
math_5unit_participation,RandomForest,0.1550387596899224,0.1772752524881197,442236
math_5unit_participation,RandomForest,0.1317829457364341,0.1772752524881197,442236
math_5unit_participation,RandomForest,0.0,0.0103554124526995,442244
math_5unit_participation,RandomForest,0.0,0.06557862950109991,442251
math_5unit_participation,RandomForest,0.0,0.06557862950109991,442251
math_5unit_participation,RandomForest,0.0,0.06557862950109991,442251
math_5unit_participation,RandomForest,0.0,0.06557862950109991,442251
math_5unit_participation,RandomForest,0.0,0.057728967969826274,442269
math_5unit_participation,RandomForest,0.0,0.057728967969826274,442269
math_5unit_participation,RandomForest,0.0,0.057728967969826274,442269
math_5unit_participation,RandomForest,0.0,0.057728967969826274,442269
math_5unit_participation,RandomForest,0.1495327102803738,0.1303878876761646,442277
math_5unit_participation,RandomForest,0.1968503937007874,0.1303878876761646,442277
math_5unit_participation,RandomForest,0.1860465116279069,0.1303878876761646,442277
math_5unit_participation,RandomForest,0.2043010752688172,0.15021439391970245,442293
math_5unit_participation,RandomForest,0.0,0.03829872256012764,442301
math_5unit_participation,RandomForest,0.1666666666666666,0.03829872256012764,442301
math_5unit_participation,RandomForest,0.1290322580645161,0.03829872256012764,442301
math_5unit_participation,RandomForest,0.1296296296296296,0.03829872256012764,442301
math_5unit_participation,RandomForest,0.0,0.1379217714433302,442319
math_5unit_participation,RandomForest,0.1818181818181818,0.1379217714433302,442319
math_5unit_participation,RandomForest,0.2058823529411764,0.1379217714433302,442319
math_5unit_participation,RandomForest,0.3428571428571428,0.1379217714433302,442319
math_5unit_participation,RandomForest,0.0,0.040858375042696675,442343
math_5unit_participation,RandomForest,0.0,0.040858375042696675,442343
math_5unit_participation,RandomForest,0.1463414634146341,0.040858375042696675,442343
math_5unit_participation,RandomForest,0.1724137931034483,0.040858375042696675,442343
math_5unit_participation,RandomForest,0.2413793103448276,0.2403594953197693,442368
math_5unit_participation,RandomForest,0.1428571428571428,0.2403594953197693,442368
math_5unit_participation,RandomForest,0.2264150943396226,0.2403594953197693,442368
math_5unit_participation,RandomForest,0.3877551020408163,0.2403594953197693,442368
math_5unit_participation,RandomForest,0.2777777777777778,0.042057239847875315,442384
math_5unit_participation,RandomForest,0.0,0.042057239847875315,442384
math_5unit_participation,RandomForest,0.1764705882352941,0.042057239847875315,442384
math_5unit_participation,RandomForest,0.0,0.042057239847875315,442384
math_5unit_participation,RandomForest,0.0,0.13302887684866677,442392
math_5unit_participation,RandomForest,0.0,0.13302887684866677,442392
math_5unit_participation,RandomForest,0.0980392156862745,0.13302887684866677,442392
math_5unit_participation,RandomForest,0.1886792452830188,0.13302887684866677,442392
math_5unit_participation,RandomForest,0.0,0.03237400069542847,442418
math_5unit_participation,RandomForest,0.0,0.03237400069542847,442418
math_5unit_participation,RandomForest,0.0,0.03237400069542847,442418
math_5unit_participation,RandomForest,0.0,0.03237400069542847,442418
math_5unit_participation,RandomForest,0.0,0.07162737492931975,442426
math_5unit_participation,RandomForest,0.0,0.07162737492931975,442426
math_5unit_participation,RandomForest,0.0,0.07162737492931975,442426
math_5unit_participation,RandomForest,0.0,0.07162737492931975,442426
math_5unit_participation,RandomForest,0.0,0.07964229303871341,442434
math_5unit_participation,RandomForest,0.0,0.07964229303871341,442434
math_5unit_participation,RandomForest,0.0,0.04364099953034029,442517
math_5unit_participation,RandomForest,0.0,0.04364099953034029,442517
math_5unit_participation,RandomForest,0.0,0.04364099953034029,442517
math_5unit_participation,RandomForest,0.0,0.04364099953034029,442517
math_5unit_participation,RandomForest,0.0,0.04789620701672173,442533
math_5unit_participation,RandomForest,0.0,0.04789620701672173,442533
math_5unit_participation,RandomForest,0.0,0.04789620701672173,442533
math_5unit_participation,RandomForest,0.0,0.04789620701672173,442533
math_5unit_participation,RandomForest,0.0,0.029708203582132144,442715
math_5unit_participation,RandomForest,0.0,0.029708203582132144,442715
math_5unit_participation,RandomForest,0.0,0.029708203582132144,442715
math_5unit_participation,RandomForest,0.0,0.01280022049765343,442749
math_5unit_participation,RandomForest,0.0,0.01280022049765343,442749
math_5unit_participation,RandomForest,0.0,0.01280022049765343,442749
math_5unit_participation,RandomForest,0.0,0.038732280495210165,442772
math_5unit_participation,RandomForest,0.0,0.07875343763643507,442822
math_5unit_participation,RandomForest,0.0,0.07875343763643507,442822
math_5unit_participation,RandomForest,0.0,0.07875343763643507,442822
math_5unit_participation,RandomForest,0.131578947368421,0.17257354777546707,442855
math_5unit_participation,RandomForest,0.2195121951219512,0.17257354777546707,442855
math_5unit_participation,RandomForest,0.1632653061224489,0.17257354777546707,442855
math_5unit_participation,RandomForest,0.1304347826086956,0.17257354777546707,442855
math_5unit_participation,RandomForest,0.0,0.0726133407332028,442897
math_5unit_participation,RandomForest,0.0,0.0726133407332028,442897
math_5unit_participation,RandomForest,0.0,0.0726133407332028,442897
math_5unit_participation,RandomForest,0.2631578947368421,0.0726133407332028,442897
math_5unit_participation,RandomForest,0.0,0.05238272446842579,444026
math_5unit_participation,RandomForest,0.0,0.05238272446842579,444026
math_5unit_participation,RandomForest,0.0,0.05238272446842579,444026
math_5unit_participation,RandomForest,0.0,0.05238272446842579,444026
math_5unit_participation,RandomForest,0.0,0.014023883167743643,444034
math_5unit_participation,RandomForest,0.0,0.014023883167743643,444034
math_5unit_participation,RandomForest,0.0,0.014023883167743643,444034
math_5unit_participation,RandomForest,0.0,0.014023883167743643,444034
math_5unit_participation,RandomForest,0.2439024390243902,0.16719759369278162,444067
math_5unit_participation,RandomForest,0.3380281690140845,0.16719759369278162,444067
math_5unit_participation,RandomForest,0.3582089552238806,0.16719759369278162,444067
math_5unit_participation,RandomForest,0.375,0.16719759369278162,444067
math_5unit_participation,RandomForest,0.2256410256410256,0.21476755646858256,444117
math_5unit_participation,RandomForest,0.1545893719806763,0.21476755646858256,444117
math_5unit_participation,RandomForest,0.1714285714285714,0.21476755646858256,444117
math_5unit_participation,RandomForest,0.205607476635514,0.21476755646858256,444117
math_5unit_participation,RandomForest,0.1034482758620689,0.14588246913473554,444257
math_5unit_participation,RandomForest,0.1764705882352941,0.14588246913473554,444257
math_5unit_participation,RandomForest,0.0,0.10013107167630897,444364
math_5unit_participation,RandomForest,0.1923076923076923,0.10013107167630897,444364
math_5unit_participation,RandomForest,0.0,0.10013107167630897,444364
math_5unit_participation,RandomForest,0.0,0.10013107167630897,444364
math_5unit_participation,RandomForest,0.2030651340996168,0.26360518630339785,444562
math_5unit_participation,RandomForest,0.2435424354243542,0.26360518630339785,444562
math_5unit_participation,RandomForest,0.264069264069264,0.26360518630339785,444562
math_5unit_participation,RandomForest,0.2962962962962963,0.26360518630339785,444562
math_5unit_participation,RandomForest,0.109090909090909,0.04504437407392201,444612
math_5unit_participation,RandomForest,0.0,0.04504437407392201,444612
math_5unit_participation,RandomForest,0.0,0.04504437407392201,444612
math_5unit_participation,RandomForest,0.1428571428571428,0.04504437407392201,444612
math_5unit_participation,RandomForest,0.0,0.03902674754306724,444646
math_5unit_participation,RandomForest,0.0,0.03902674754306724,444646
math_5unit_participation,RandomForest,0.0,0.03902674754306724,444646
math_5unit_participation,RandomForest,0.0769230769230769,0.13549235187927905,444653
math_5unit_participation,RandomForest,0.0683229813664596,0.13549235187927905,444653
math_5unit_participation,RandomForest,0.0993377483443708,0.13549235187927905,444653
math_5unit_participation,RandomForest,0.1176470588235294,0.13549235187927905,444653
math_5unit_participation,RandomForest,0.1458333333333333,0.1741305057973978,444679
math_5unit_participation,RandomForest,0.1296296296296296,0.1741305057973978,444679
math_5unit_participation,RandomForest,0.1078431372549019,0.1741305057973978,444679
math_5unit_participation,RandomForest,0.1052631578947368,0.1741305057973978,444679
math_5unit_participation,RandomForest,0.0,0.11431100583499187,444687
math_5unit_participation,RandomForest,0.0,0.11431100583499187,444687
math_5unit_participation,RandomForest,0.0,0.11431100583499187,444687
math_5unit_participation,RandomForest,0.0,0.11431100583499187,444687
math_5unit_participation,RandomForest,0.1428571428571428,0.11028959808177255,444703
math_5unit_participation,RandomForest,0.1296296296296296,0.11028959808177255,444703
math_5unit_participation,RandomForest,0.1272727272727272,0.11028959808177255,444703
math_5unit_participation,RandomForest,0.2,0.11028959808177255,444703
math_5unit_participation,RandomForest,0.1574074074074074,0.2160201472548513,444745
math_5unit_participation,RandomForest,0.1753554502369668,0.2160201472548513,444745
math_5unit_participation,RandomForest,0.2076923076923077,0.2160201472548513,444745
math_5unit_participation,RandomForest,0.2086513994910941,0.2160201472548513,444745
math_5unit_participation,RandomForest,0.087719298245614,0.15407357425822246,444828
math_5unit_participation,RandomForest,0.2230769230769231,0.15407357425822246,444828
math_5unit_participation,RandomForest,0.1812865497076023,0.15407357425822246,444828
math_5unit_participation,RandomForest,0.108433734939759,0.15407357425822246,444828
math_5unit_participation,RandomForest,0.1106870229007633,0.14561931065457923,444836
math_5unit_participation,RandomForest,0.2518518518518518,0.14561931065457923,444836
math_5unit_participation,RandomForest,0.2125,0.14561931065457923,444836
math_5unit_participation,RandomForest,0.2321428571428571,0.14561931065457923,444836
math_5unit_participation,RandomForest,0.1555555555555555,0.18624976454123002,444844
math_5unit_participation,RandomForest,0.2625,0.18624976454123002,444844
math_5unit_participation,RandomForest,0.1456953642384106,0.16377296242386552,444935
math_5unit_participation,RandomForest,0.2222222222222222,0.16377296242386552,444935
math_5unit_participation,RandomForest,0.2185792349726776,0.16377296242386552,444935
math_5unit_participation,RandomForest,0.2298850574712643,0.16377296242386552,444935
math_5unit_participation,RandomForest,0.1063829787234042,0.0601373542235667,444943
math_5unit_participation,RandomForest,0.0,0.0601373542235667,444943
math_5unit_participation,RandomForest,0.0,0.0601373542235667,444943
math_5unit_participation,RandomForest,0.0,0.0601373542235667,444943
math_5unit_participation,RandomForest,0.0793650793650793,0.14084704654544056,444950
math_5unit_participation,RandomForest,0.1299435028248587,0.14084704654544056,444950
math_5unit_participation,RandomForest,0.1145038167938931,0.14084704654544056,444950
math_5unit_participation,RandomForest,0.1069182389937107,0.14084704654544056,444950
math_5unit_participation,RandomForest,0.0894736842105263,0.1221793829708887,448019
math_5unit_participation,RandomForest,0.0813397129186602,0.1221793829708887,448019
math_5unit_participation,RandomForest,0.0964912280701754,0.1221793829708887,448019
math_5unit_participation,RandomForest,0.096,0.1221793829708887,448019
math_5unit_participation,RandomForest,0.0763888888888889,0.1447924732485845,448027
math_5unit_participation,RandomForest,0.1323529411764706,0.1447924732485845,448027
math_5unit_participation,RandomForest,0.145985401459854,0.1447924732485845,448027
math_5unit_participation,RandomForest,0.1587301587301587,0.1447924732485845,448027
math_5unit_participation,RandomForest,0.1186440677966101,0.06705653704661581,448050
math_5unit_participation,RandomForest,0.0930232558139534,0.06705653704661581,448050
math_5unit_participation,RandomForest,0.1021897810218978,0.06705653704661581,448050
math_5unit_participation,RandomForest,0.0866666666666666,0.06705653704661581,448050
math_5unit_participation,RandomForest,0.1140350877192982,0.07879899871775323,448076
math_5unit_participation,RandomForest,0.0833333333333333,0.07879899871775323,448076
math_5unit_participation,RandomForest,0.087248322147651,0.07879899871775323,448076
math_5unit_participation,RandomForest,0.0719424460431654,0.07879899871775323,448076
math_5unit_participation,RandomForest,0.0,0.06818296490219022,448100
math_5unit_participation,RandomForest,0.0,0.06818296490219022,448100
math_5unit_participation,RandomForest,0.0,0.06818296490219022,448100
math_5unit_participation,RandomForest,0.0,0.06818296490219022,448100
math_5unit_participation,RandomForest,0.1304347826086956,0.10200138041220788,448142
math_5unit_participation,RandomForest,0.0,0.10200138041220788,448142
math_5unit_participation,RandomForest,0.0,0.10200138041220788,448142
math_5unit_participation,RandomForest,0.1351351351351351,0.10200138041220788,448142
math_5unit_participation,RandomForest,0.0,0.053393296489297,448159
math_5unit_participation,RandomForest,0.0,0.053393296489297,448159
math_5unit_participation,RandomForest,0.0393700787401574,0.08840047964942971,448167
math_5unit_participation,RandomForest,0.1085271317829457,0.08840047964942971,448167
math_5unit_participation,RandomForest,0.1013513513513513,0.08840047964942971,448167
math_5unit_participation,RandomForest,0.0,0.05336175532616237,448233
math_5unit_participation,RandomForest,0.0,0.05336175532616237,448233
math_5unit_participation,RandomForest,0.0,0.05336175532616237,448233
math_5unit_participation,RandomForest,0.0,0.05336175532616237,448233
math_5unit_participation,RandomForest,0.1065573770491803,0.20102624304995,448241
math_5unit_participation,RandomForest,0.0378787878787878,0.20102624304995,448241
math_5unit_participation,RandomForest,0.0526315789473684,0.20102624304995,448241
math_5unit_participation,RandomForest,0.1153846153846153,0.20102624304995,448241
math_5unit_participation,RandomForest,0.0,0.02555115090419375,448290
math_5unit_participation,RandomForest,0.0,0.02555115090419375,448290
math_5unit_participation,RandomForest,0.0,0.02555115090419375,448290
math_5unit_participation,RandomForest,0.0,0.02555115090419375,448290
math_5unit_participation,RandomForest,0.0,0.022315280528966353,448324
math_5unit_participation,RandomForest,0.0,0.022315280528966353,448324
math_5unit_participation,RandomForest,0.0,0.022315280528966353,448324
math_5unit_participation,RandomForest,0.0,0.022315280528966353,448324
math_5unit_participation,RandomForest,0.0,0.03530759721000725,448332
math_5unit_participation,RandomForest,0.0,0.03530759721000725,448332
math_5unit_participation,RandomForest,0.0,0.03530759721000725,448332
math_5unit_participation,RandomForest,0.0,0.03530759721000725,448332
math_5unit_participation,RandomForest,0.1578947368421052,0.08213487629896657,453605
math_5unit_participation,RandomForest,0.1666666666666666,0.08213487629896657,453605
math_5unit_participation,RandomForest,0.0,0.08213487629896657,453605
math_5unit_participation,RandomForest,0.1777777777777777,0.08213487629896657,453605
math_5unit_participation,RandomForest,0.0,0.008762545907400146,455162
math_5unit_participation,RandomForest,0.0,0.02214363520401466,455188
math_5unit_participation,RandomForest,0.0,0.02214363520401466,455188
math_5unit_participation,RandomForest,0.0,0.0026910526794768296,455477
math_5unit_participation,RandomForest,0.0,0.0026910526794768296,455477
math_5unit_participation,RandomForest,0.0,0.01755975162442467,460006
math_5unit_participation,RandomForest,0.0,0.01755975162442467,460006
math_5unit_participation,RandomForest,0.0,0.01755975162442467,460006
math_5unit_participation,RandomForest,0.0,0.01746362096913492,460022
math_5unit_participation,RandomForest,0.0,0.01746362096913492,460022
math_5unit_participation,RandomForest,0.0,0.01746362096913492,460022
math_5unit_participation,RandomForest,0.1184210526315789,0.17127275866101385,460063
math_5unit_participation,RandomForest,0.1063829787234042,0.17127275866101385,460063
math_5unit_participation,RandomForest,0.1,0.17127275866101385,460063
math_5unit_participation,RandomForest,0.1164021164021164,0.17127275866101385,460063
math_5unit_participation,RandomForest,0.0,0.06124078711526469,460097
math_5unit_participation,RandomForest,0.1034482758620689,0.06124078711526469,460097
math_5unit_participation,RandomForest,0.1797752808988764,0.06124078711526469,460097
math_5unit_participation,RandomForest,0.1443298969072164,0.14165067343463558,460113
math_5unit_participation,RandomForest,0.1176470588235294,0.14165067343463558,460113
math_5unit_participation,RandomForest,0.1743119266055046,0.14165067343463558,460113
math_5unit_participation,RandomForest,0.1521739130434782,0.14165067343463558,460113
math_5unit_participation,RandomForest,0.175,0.15480333746622502,460154
math_5unit_participation,RandomForest,0.1428571428571428,0.15480333746622502,460154
math_5unit_participation,RandomForest,0.1521739130434782,0.15480333746622502,460154
math_5unit_participation,RandomForest,0.175438596491228,0.15480333746622502,460154
math_5unit_participation,RandomForest,0.0,0.004195920385885324,460246
math_5unit_participation,RandomForest,0.0,0.004195920385885324,460246
math_5unit_participation,RandomForest,0.0,0.004195920385885324,460246
math_5unit_participation,RandomForest,0.0,0.02528248431779423,460261
math_5unit_participation,RandomForest,0.0,0.02528248431779423,460261
math_5unit_participation,RandomForest,0.0,0.016581981834022822,460410
math_5unit_participation,RandomForest,0.0,0.016581981834022822,460410
math_5unit_participation,RandomForest,0.0,0.016581981834022822,460410
math_5unit_participation,RandomForest,0.0,0.016581981834022822,460410
math_5unit_participation,RandomForest,0.1111111111111111,0.16562550674563917,460428
math_5unit_participation,RandomForest,0.0833333333333333,0.16562550674563917,460428
math_5unit_participation,RandomForest,0.1162790697674418,0.16562550674563917,460428
math_5unit_participation,RandomForest,0.2142857142857142,0.16562550674563917,460428
math_5unit_participation,RandomForest,0.0,0.006574964333115169,460543
math_5unit_participation,RandomForest,0.0,0.02012477164009895,460592
math_5unit_participation,RandomForest,0.0,0.02012477164009895,460592
math_5unit_participation,RandomForest,0.0,0.02012477164009895,460592
math_5unit_participation,RandomForest,0.0,0.02012477164009895,460592
math_5unit_participation,RandomForest,0.0,0.019483642576138927,460626
math_5unit_participation,RandomForest,0.0,0.051389944601146535,460667
math_5unit_participation,RandomForest,0.0,0.051389944601146535,460667
math_5unit_participation,RandomForest,0.0,0.051389944601146535,460667
math_5unit_participation,RandomForest,0.0,0.04407768875238523,460691
math_5unit_participation,RandomForest,0.25,0.04407768875238523,460691
math_5unit_participation,RandomForest,0.0,0.04375615005988554,462200
math_5unit_participation,RandomForest,0.0,0.04375615005988554,462200
math_5unit_participation,RandomForest,0.0,0.04375615005988554,462200
math_5unit_participation,RandomForest,0.0,0.007028256698371658,462929
math_5unit_participation,RandomForest,0.0,0.007028256698371658,462929
math_5unit_participation,RandomForest,0.0,0.06401347368198432,470021
math_5unit_participation,RandomForest,0.0,0.06401347368198432,470021
math_5unit_participation,RandomForest,0.0,0.06401347368198432,470021
math_5unit_participation,RandomForest,0.0,0.06401347368198432,470021
math_5unit_participation,RandomForest,0.0,0.11154080357942195,470047
math_5unit_participation,RandomForest,0.0,0.11154080357942195,470047
math_5unit_participation,RandomForest,0.0571428571428571,0.11154080357942195,470047
math_5unit_participation,RandomForest,0.0326797385620915,0.11154080357942195,470047
math_5unit_participation,RandomForest,0.125,0.10131158194722405,470054
math_5unit_participation,RandomForest,0.1583333333333333,0.10131158194722405,470054
math_5unit_participation,RandomForest,0.1678832116788321,0.10131158194722405,470054
math_5unit_participation,RandomForest,0.21875,0.10131158194722405,470054
math_5unit_participation,RandomForest,0.0,0.07244304324934389,470070
math_5unit_participation,RandomForest,0.0,0.07244304324934389,470070
math_5unit_participation,RandomForest,0.0,0.07244304324934389,470070
math_5unit_participation,RandomForest,0.0,0.07244304324934389,470070
math_5unit_participation,RandomForest,0.1366459627329192,0.14105945878245826,470096
math_5unit_participation,RandomForest,0.1098901098901098,0.14105945878245826,470096
math_5unit_participation,RandomForest,0.106060606060606,0.14105945878245826,470096
math_5unit_participation,RandomForest,0.1286307053941908,0.14105945878245826,470096
math_5unit_participation,RandomForest,0.1466666666666666,0.18486905619686228,470112
math_5unit_participation,RandomForest,0.1309523809523809,0.18486905619686228,470112
math_5unit_participation,RandomForest,0.1777777777777777,0.18486905619686228,470112
math_5unit_participation,RandomForest,0.2125,0.18486905619686228,470112
math_5unit_participation,RandomForest,0.0,0.14628629164163498,470120
math_5unit_participation,RandomForest,0.0,0.14628629164163498,470120
math_5unit_participation,RandomForest,0.0,0.14628629164163498,470120
math_5unit_participation,RandomForest,0.0,0.14628629164163498,470120
math_5unit_participation,RandomForest,0.1243781094527363,0.157805653870509,470138
math_5unit_participation,RandomForest,0.1144278606965174,0.157805653870509,470138
math_5unit_participation,RandomForest,0.2160804020100502,0.157805653870509,470138
math_5unit_participation,RandomForest,0.1769911504424778,0.157805653870509,470138
math_5unit_participation,RandomForest,0.0,0.02055376158471109,470146
math_5unit_participation,RandomForest,0.0,0.02055376158471109,470146
math_5unit_participation,RandomForest,0.0,0.02055376158471109,470146
math_5unit_participation,RandomForest,0.0,0.02055376158471109,470146
math_5unit_participation,RandomForest,0.0866141732283464,0.0991352705594247,470187
math_5unit_participation,RandomForest,0.053030303030303,0.0991352705594247,470187
math_5unit_participation,RandomForest,0.0564516129032258,0.0991352705594247,470187
math_5unit_participation,RandomForest,0.0,0.0991352705594247,470187
math_5unit_participation,RandomForest,0.0,0.06663475481303856,470377
math_5unit_participation,RandomForest,0.0,0.06663475481303856,470377
math_5unit_participation,RandomForest,0.0,0.06663475481303856,470377
math_5unit_participation,RandomForest,0.0,0.06663475481303856,470377
math_5unit_participation,RandomForest,0.0,0.11842783306216689,470443
math_5unit_participation,RandomForest,0.0,0.11842783306216689,470443
math_5unit_participation,RandomForest,0.1407766990291262,0.11842783306216689,470443
math_5unit_participation,RandomForest,0.1286307053941908,0.11842783306216689,470443
math_5unit_participation,RandomForest,0.0,0.04474222155524854,470583
math_5unit_participation,RandomForest,0.0,0.04474222155524854,470583
math_5unit_participation,RandomForest,0.1079545454545454,0.19821669250447513,470591
math_5unit_participation,RandomForest,0.10828025477707,0.19821669250447513,470591
math_5unit_participation,RandomForest,0.1530612244897959,0.19821669250447513,470591
math_5unit_participation,RandomForest,0.2843601895734597,0.19821669250447513,470591
math_5unit_participation,RandomForest,0.1349206349206349,0.1480481189205908,470625
math_5unit_participation,RandomForest,0.2313432835820895,0.1480481189205908,470625
math_5unit_participation,RandomForest,0.1490683229813664,0.1480481189205908,470625
math_5unit_participation,RandomForest,0.2119205298013245,0.1480481189205908,470625
math_5unit_participation,RandomForest,0.1555555555555555,0.13141801446609874,470963
math_5unit_participation,RandomForest,0.1347517730496454,0.13141801446609874,470963
math_5unit_participation,RandomForest,0.1119402985074626,0.13141801446609874,470963
math_5unit_participation,RandomForest,0.1572327044025157,0.13141801446609874,470963
math_5unit_participation,RandomForest,0.1234567901234567,0.11961005871508285,471011
math_5unit_participation,RandomForest,0.1666666666666666,0.11961005871508285,471011
math_5unit_participation,RandomForest,0.1654676258992805,0.11961005871508285,471011
math_5unit_participation,RandomForest,0.1684210526315789,0.11961005871508285,471011
math_5unit_participation,RandomForest,0.1636363636363636,0.1343196587526185,472332
math_5unit_participation,RandomForest,0.2459016393442623,0.1343196587526185,472332
math_5unit_participation,RandomForest,0.1095890410958904,0.1343196587526185,472332
math_5unit_participation,RandomForest,0.0,0.0432968751902214,476986
math_5unit_participation,RandomForest,0.0,0.0432968751902214,476986
math_5unit_participation,RandomForest,0.0,0.0432968751902214,476986
math_5unit_participation,RandomForest,0.0637583892617449,0.1334748028820275,478016
math_5unit_participation,RandomForest,0.0454545454545454,0.1334748028820275,478016
math_5unit_participation,RandomForest,0.0584615384615384,0.1334748028820275,478016
math_5unit_participation,RandomForest,0.043360433604336,0.1334748028820275,478016
math_5unit_participation,RandomForest,0.0,0.06276353413327561,480038
math_5unit_participation,RandomForest,0.0,0.06276353413327561,480038
math_5unit_participation,RandomForest,0.0,0.06276353413327561,480038
math_5unit_participation,RandomForest,0.0,0.06276353413327561,480038
math_5unit_participation,RandomForest,0.1942857142857142,0.16527594436724383,480046
math_5unit_participation,RandomForest,0.1566265060240964,0.16527594436724383,480046
math_5unit_participation,RandomForest,0.1659192825112107,0.16527594436724383,480046
math_5unit_participation,RandomForest,0.1883408071748878,0.16527594436724383,480046
math_5unit_participation,RandomForest,0.0,0.03134452674902326,480061
math_5unit_participation,RandomForest,0.0,0.03134452674902326,480061
math_5unit_participation,RandomForest,0.0,0.03134452674902326,480061
math_5unit_participation,RandomForest,0.0,0.03134452674902326,480061
math_5unit_participation,RandomForest,0.0,0.031954223271629875,480087
math_5unit_participation,RandomForest,0.0,0.031954223271629875,480087
math_5unit_participation,RandomForest,0.0,0.031954223271629875,480087
math_5unit_participation,RandomForest,0.0,0.031954223271629875,480087
math_5unit_participation,RandomForest,0.0,0.03852989708153805,480145
math_5unit_participation,RandomForest,0.0,0.03852989708153805,480145
math_5unit_participation,RandomForest,0.0,0.03852989708153805,480145
math_5unit_participation,RandomForest,0.0,0.03852989708153805,480145
math_5unit_participation,RandomForest,0.0769230769230769,0.13029420328581517,480178
math_5unit_participation,RandomForest,0.15,0.13029420328581517,480178
math_5unit_participation,RandomForest,0.1338028169014084,0.13029420328581517,480178
math_5unit_participation,RandomForest,0.1037735849056603,0.13029420328581517,480178
math_5unit_participation,RandomForest,0.0,0.008566975204171516,484006
math_5unit_participation,RandomForest,0.1258741258741259,0.12214487105534066,490037
math_5unit_participation,RandomForest,0.1351351351351351,0.12214487105534066,490037
math_5unit_participation,RandomForest,0.1953125,0.12214487105534066,490037
math_5unit_participation,RandomForest,0.226950354609929,0.12214487105534066,490037
math_5unit_participation,RandomForest,0.1902834008097166,0.18055842895753682,490052
math_5unit_participation,RandomForest,0.1244979919678714,0.18055842895753682,490052
math_5unit_participation,RandomForest,0.2541666666666666,0.18055842895753682,490052
math_5unit_participation,RandomForest,0.229965156794425,0.18055842895753682,490052
math_5unit_participation,RandomForest,0.2061855670103092,0.19577592073830516,499681
math_5unit_participation,RandomForest,0.1282051282051282,0.06507807228575084,499806
math_5unit_participation,RandomForest,0.1851851851851851,0.06507807228575084,499806
math_5unit_participation,RandomForest,0.35,0.06507807228575084,499806
math_5unit_participation,RandomForest,0.0,0.01979247973825507,520098
math_5unit_participation,RandomForest,0.1258741258741259,0.2854779335465595,540021
math_5unit_participation,RandomForest,0.1468531468531468,0.2854779335465595,540021
math_5unit_participation,RandomForest,0.12,0.2854779335465595,540021
math_5unit_participation,RandomForest,0.1843971631205673,0.2854779335465595,540021
math_5unit_participation,RandomForest,0.0,0.048484322527863076,540039
math_5unit_participation,RandomForest,0.0,0.048484322527863076,540039
math_5unit_participation,RandomForest,0.1986754966887417,0.18473805463755297,540062
math_5unit_participation,RandomForest,0.1692307692307692,0.18473805463755297,540062
math_5unit_participation,RandomForest,0.1783783783783784,0.18473805463755297,540062
math_5unit_participation,RandomForest,0.2568306010928962,0.18473805463755297,540062
math_5unit_participation,RandomForest,0.1794871794871795,0.1980207904904683,540070
math_5unit_participation,RandomForest,0.152073732718894,0.1980207904904683,540070
math_5unit_participation,RandomForest,0.2054794520547945,0.1980207904904683,540070
math_5unit_participation,RandomForest,0.2771739130434782,0.1980207904904683,540070
math_5unit_participation,RandomForest,0.2066420664206642,0.21083259135454663,540088
math_5unit_participation,RandomForest,0.1455223880597015,0.21083259135454663,540088
math_5unit_participation,RandomForest,0.2666666666666666,0.21083259135454663,540088
math_5unit_participation,RandomForest,0.2476190476190476,0.21083259135454663,540088
math_5unit_participation,RandomForest,0.1778846153846154,0.21294227389585146,540112
math_5unit_participation,RandomForest,0.1601941747572815,0.21294227389585146,540112
math_5unit_participation,RandomForest,0.199074074074074,0.21294227389585146,540112
math_5unit_participation,RandomForest,0.1857707509881423,0.21294227389585146,540112
math_5unit_participation,RandomForest,0.0987654320987654,0.09917929270414058,540120
math_5unit_participation,RandomForest,0.0625,0.09917929270414058,540120
math_5unit_participation,RandomForest,0.0,0.09917929270414058,540120
math_5unit_participation,RandomForest,0.101010101010101,0.09917929270414058,540120
math_5unit_participation,RandomForest,0.2307692307692307,0.20224747981310165,540146
math_5unit_participation,RandomForest,0.2147887323943662,0.20224747981310165,540146
math_5unit_participation,RandomForest,0.2194244604316546,0.20224747981310165,540146
math_5unit_participation,RandomForest,0.2982456140350877,0.20224747981310165,540146
math_5unit_participation,RandomForest,0.0,0.09641469301712798,540153
math_5unit_participation,RandomForest,0.0,0.09641469301712798,540153
math_5unit_participation,RandomForest,0.0,0.09641469301712798,540153
math_5unit_participation,RandomForest,0.0,0.09641469301712798,540153
math_5unit_participation,RandomForest,0.0,0.02184805680678021,540161
math_5unit_participation,RandomForest,0.0,0.02184805680678021,540161
math_5unit_participation,RandomForest,0.0,0.02184805680678021,540161
math_5unit_participation,RandomForest,0.0,0.02184805680678021,540161
math_5unit_participation,RandomForest,0.0,0.0782158230055207,540179
math_5unit_participation,RandomForest,0.1666666666666666,0.0782158230055207,540179
math_5unit_participation,RandomForest,0.0,0.0782158230055207,540179
math_5unit_participation,RandomForest,0.131578947368421,0.0782158230055207,540179
math_5unit_participation,RandomForest,0.0,0.022007752825805076,540187
math_5unit_participation,RandomForest,0.0,0.022007752825805076,540187
math_5unit_participation,RandomForest,0.0,0.022007752825805076,540187
math_5unit_participation,RandomForest,0.0,0.022007752825805076,540187
math_5unit_participation,RandomForest,0.0824742268041237,0.1397923283388815,540195
math_5unit_participation,RandomForest,0.0806451612903225,0.1397923283388815,540195
math_5unit_participation,RandomForest,0.0529411764705882,0.1397923283388815,540195
math_5unit_participation,RandomForest,0.099009900990099,0.1397923283388815,540195
math_5unit_participation,RandomForest,0.2234957020057306,0.2336942137166892,540203
math_5unit_participation,RandomForest,0.3170028818443804,0.2336942137166892,540203
math_5unit_participation,RandomForest,0.2873900293255132,0.2336942137166892,540203
math_5unit_participation,RandomForest,0.3352601156069364,0.2336942137166892,540203
math_5unit_participation,RandomForest,0.2393364928909952,0.26199512214455484,540211
math_5unit_participation,RandomForest,0.268235294117647,0.26199512214455484,540211
math_5unit_participation,RandomForest,0.2893617021276595,0.26199512214455484,540211
math_5unit_participation,RandomForest,0.297008547008547,0.26199512214455484,540211
math_5unit_participation,RandomForest,0.0,0.11671661299146327,540237
math_5unit_participation,RandomForest,0.0,0.11671661299146327,540237
math_5unit_participation,RandomForest,0.0,0.11671661299146327,540237
math_5unit_participation,RandomForest,0.1029411764705882,0.11671661299146327,540237
math_5unit_participation,RandomForest,0.1733333333333333,0.18166268690765194,540252
math_5unit_participation,RandomForest,0.2179487179487179,0.18166268690765194,540252
math_5unit_participation,RandomForest,0.1008403361344537,0.18166268690765194,540252
math_5unit_participation,RandomForest,0.2568807339449541,0.18166268690765194,540252
math_5unit_participation,RandomForest,0.2263279445727482,0.27798379827834885,540286
math_5unit_participation,RandomForest,0.2075471698113207,0.27798379827834885,540286
math_5unit_participation,RandomForest,0.2845010615711252,0.27798379827834885,540286
math_5unit_participation,RandomForest,0.3443983402489626,0.27798379827834885,540286
math_5unit_participation,RandomForest,0.3087248322147651,0.18147337224854926,540294
math_5unit_participation,RandomForest,0.2836879432624113,0.18147337224854926,540294
math_5unit_participation,RandomForest,0.2285714285714285,0.18147337224854926,540294
math_5unit_participation,RandomForest,0.3988095238095238,0.18147337224854926,540294
math_5unit_participation,RandomForest,0.2222222222222222,0.1264837175472217,540302
math_5unit_participation,RandomForest,0.1014492753623188,0.1264837175472217,540302
math_5unit_participation,RandomForest,0.1029411764705882,0.1264837175472217,540302
math_5unit_participation,RandomForest,0.0845070422535211,0.1264837175472217,540302
math_5unit_participation,RandomForest,0.0903954802259887,0.1644335593196235,540310
math_5unit_participation,RandomForest,0.0621468926553672,0.1644335593196235,540310
math_5unit_participation,RandomForest,0.0957446808510638,0.1644335593196235,540310
math_5unit_participation,RandomForest,0.1401273885350318,0.1644335593196235,540310
math_5unit_participation,RandomForest,0.2084805653710247,0.18271946432102634,540328
math_5unit_participation,RandomForest,0.25,0.18271946432102634,540328
math_5unit_participation,RandomForest,0.2385964912280701,0.18271946432102634,540328
math_5unit_participation,RandomForest,0.211864406779661,0.18271946432102634,540328
math_5unit_participation,RandomForest,0.1688311688311688,0.22911377106275566,540344
math_5unit_participation,RandomForest,0.238095238095238,0.22911377106275566,540344
math_5unit_participation,RandomForest,0.2012987012987013,0.22911377106275566,540344
math_5unit_participation,RandomForest,0.2333333333333333,0.22911377106275566,540344
math_5unit_participation,RandomForest,0.0384615384615384,0.12941321978110878,540351
math_5unit_participation,RandomForest,0.140625,0.12941321978110878,540351
math_5unit_participation,RandomForest,0.0,0.12941321978110878,540351
math_5unit_participation,RandomForest,0.0671140939597315,0.12941321978110878,540351
math_5unit_participation,RandomForest,0.1212121212121212,0.10194776257695119,540369
math_5unit_participation,RandomForest,0.0,0.10194776257695119,540369
math_5unit_participation,RandomForest,0.0,0.10194776257695119,540369
math_5unit_participation,RandomForest,0.1153846153846153,0.10194776257695119,540369
math_5unit_participation,RandomForest,0.0,0.034407501141570845,540377
math_5unit_participation,RandomForest,0.0,0.034407501141570845,540377
math_5unit_participation,RandomForest,0.0,0.034407501141570845,540377
math_5unit_participation,RandomForest,0.0,0.034407501141570845,540377
math_5unit_participation,RandomForest,0.0,0.23617264610957797,540385
math_5unit_participation,RandomForest,0.2439024390243902,0.23617264610957797,540385
math_5unit_participation,RandomForest,0.2727272727272727,0.23617264610957797,540385
math_5unit_participation,RandomForest,0.288135593220339,0.23617264610957797,540385
math_5unit_participation,RandomForest,0.0,0.1997538900342145,540443
math_5unit_participation,RandomForest,0.0,0.1997538900342145,540443
math_5unit_participation,RandomForest,0.0,0.1997538900342145,540443
math_5unit_participation,RandomForest,0.0,0.1997538900342145,540443
math_5unit_participation,RandomForest,0.4285714285714285,0.04890858081797757,540476
math_5unit_participation,RandomForest,0.4054054054054054,0.04890858081797757,540476
math_5unit_participation,RandomForest,0.3,0.04890858081797757,540476
math_5unit_participation,RandomForest,0.1891891891891892,0.04890858081797757,540476
math_5unit_participation,RandomForest,0.2580645161290322,0.1444593291491479,540484
math_5unit_participation,RandomForest,0.2093023255813953,0.1444593291491479,540484
math_5unit_participation,RandomForest,0.3396226415094339,0.1444593291491479,540484
math_5unit_participation,RandomForest,0.3846153846153846,0.1444593291491479,540484
math_5unit_participation,RandomForest,0.0495049504950495,0.13935717393285454,540492
math_5unit_participation,RandomForest,0.0948905109489051,0.13935717393285454,540492
math_5unit_participation,RandomForest,0.0806451612903225,0.13935717393285454,540492
math_5unit_participation,RandomForest,0.0849056603773584,0.13935717393285454,540492
math_5unit_participation,RandomForest,0.0,0.0034668841168267726,540518
math_5unit_participation,RandomForest,0.0,0.0034668841168267726,540518
math_5unit_participation,RandomForest,0.0,0.0034668841168267726,540518
math_5unit_participation,RandomForest,0.0,0.0034668841168267726,540518
math_5unit_participation,RandomForest,0.0,0.06911656842932054,540534
math_5unit_participation,RandomForest,0.0,0.06911656842932054,540534
math_5unit_participation,RandomForest,0.0,0.06911656842932054,540534
math_5unit_participation,RandomForest,0.0,0.06911656842932054,540534
math_5unit_participation,RandomForest,0.2871287128712871,0.1985308720387043,540591
math_5unit_participation,RandomForest,0.2428571428571428,0.1985308720387043,540591
math_5unit_participation,RandomForest,0.1949152542372881,0.1985308720387043,540591
math_5unit_participation,RandomForest,0.3178807947019867,0.1985308720387043,540591
math_5unit_participation,RandomForest,0.0,0.1141043755257186,540674
math_5unit_participation,RandomForest,0.0,0.1141043755257186,540674
math_5unit_participation,RandomForest,0.0,0.1141043755257186,540674
math_5unit_participation,RandomForest,0.0,0.1141043755257186,540674
math_5unit_participation,RandomForest,0.0,0.20091157431479523,540807
math_5unit_participation,RandomForest,0.0,0.20091157431479523,540807
math_5unit_participation,RandomForest,0.0,0.20091157431479523,540807
math_5unit_participation,RandomForest,0.0,0.20091157431479523,540807
math_5unit_participation,RandomForest,0.43,0.20009103047402185,540849
math_5unit_participation,RandomForest,0.3853211009174312,0.20009103047402185,540849
math_5unit_participation,RandomForest,0.4205607476635514,0.20009103047402185,540849
math_5unit_participation,RandomForest,0.3695652173913043,0.20009103047402185,540849
math_5unit_participation,RandomForest,0.046875,0.1324388582890494,540864
math_5unit_participation,RandomForest,0.0592592592592592,0.1324388582890494,540864
math_5unit_participation,RandomForest,0.0769230769230769,0.1324388582890494,540864
math_5unit_participation,RandomForest,0.0921052631578947,0.1324388582890494,540864
math_5unit_participation,RandomForest,0.1774193548387097,0.1058312614943557,540898
math_5unit_participation,RandomForest,0.1538461538461538,0.1058312614943557,540898
math_5unit_participation,RandomForest,0.2580645161290322,0.1058312614943557,540898
math_5unit_participation,RandomForest,0.25,0.1058312614943557,540898
math_5unit_participation,RandomForest,0.2538461538461538,0.21966793512407928,541045
math_5unit_participation,RandomForest,0.2158590308370044,0.21966793512407928,541045
math_5unit_participation,RandomForest,0.1965811965811965,0.21966793512407928,541045
math_5unit_participation,RandomForest,0.2767857142857143,0.21966793512407928,541045
math_5unit_participation,RandomForest,0.0726744186046511,0.1693116545944955,541110
math_5unit_participation,RandomForest,0.1133501259445843,0.1693116545944955,541110
math_5unit_participation,RandomForest,0.1207349081364829,0.1693116545944955,541110
math_5unit_participation,RandomForest,0.1351351351351351,0.1693116545944955,541110
math_5unit_participation,RandomForest,0.1674641148325359,0.1810124703478195,541169
math_5unit_participation,RandomForest,0.1926229508196721,0.1810124703478195,541169
math_5unit_participation,RandomForest,0.1883408071748878,0.1810124703478195,541169
math_5unit_participation,RandomForest,0.2256410256410256,0.1810124703478195,541169
math_5unit_participation,RandomForest,0.0,0.20490413117506873,541235
math_5unit_participation,RandomForest,0.0,0.100817573326585,541268
math_5unit_participation,RandomForest,0.0,0.100817573326585,541268
math_5unit_participation,RandomForest,0.0,0.100817573326585,541268
math_5unit_participation,RandomForest,0.0,0.100817573326585,541268
math_5unit_participation,RandomForest,0.0,0.014191421853954238,541367
math_5unit_participation,RandomForest,0.0,0.014191421853954238,541367
math_5unit_participation,RandomForest,0.0,0.014191421853954238,541367
math_5unit_participation,RandomForest,0.0,0.014191421853954238,541367
math_5unit_participation,RandomForest,0.0,0.009291131657895017,541466
math_5unit_participation,RandomForest,0.0,0.009291131657895017,541466
math_5unit_participation,RandomForest,0.0,0.009291131657895017,541466
math_5unit_participation,RandomForest,0.0,0.009291131657895017,541466
math_5unit_participation,RandomForest,0.0,0.025938934797354075,541581
math_5unit_participation,RandomForest,0.0,0.025938934797354075,541581
math_5unit_participation,RandomForest,0.0,0.029559054101840846,541730
math_5unit_participation,RandomForest,0.0,0.029559054101840846,541730
math_5unit_participation,RandomForest,0.0,0.029559054101840846,541730
math_5unit_participation,RandomForest,0.0,0.02072301484351905,541789
math_5unit_participation,RandomForest,0.0,0.02072301484351905,541789
math_5unit_participation,RandomForest,0.0,0.02072301484351905,541789
math_5unit_participation,RandomForest,0.0,0.02072301484351905,541789
math_5unit_participation,RandomForest,0.0,0.031599700503816205,541805
math_5unit_participation,RandomForest,0.0,0.031599700503816205,541805
math_5unit_participation,RandomForest,0.0,0.031599700503816205,541805
math_5unit_participation,RandomForest,0.0,0.031599700503816205,541805
math_5unit_participation,RandomForest,0.0,0.004679174821468251,541839
math_5unit_participation,RandomForest,0.0,0.004679174821468251,541839
math_5unit_participation,RandomForest,0.0,0.004679174821468251,541839
math_5unit_participation,RandomForest,0.0,0.004679174821468251,541839
math_5unit_participation,RandomForest,0.0,0.011292893706082776,541920
math_5unit_participation,RandomForest,0.0,0.011292893706082776,541920
math_5unit_participation,RandomForest,0.0,0.011292893706082776,541920
math_5unit_participation,RandomForest,0.0,0.011292893706082776,541920
math_5unit_participation,RandomForest,0.0,0.004222704689516237,542027
math_5unit_participation,RandomForest,0.0,0.004222704689516237,542027
math_5unit_participation,RandomForest,0.0,0.004222704689516237,542027
math_5unit_participation,RandomForest,0.0,0.004222704689516237,542027
math_5unit_participation,RandomForest,0.1521739130434782,0.1603914989188827,544312
math_5unit_participation,RandomForest,0.2470588235294117,0.1603914989188827,544312
math_5unit_participation,RandomForest,0.1515151515151515,0.1603914989188827,544312
math_5unit_participation,RandomForest,0.1965811965811965,0.1603914989188827,544312
math_5unit_participation,RandomForest,0.1712328767123287,0.13690488750653138,544353
math_5unit_participation,RandomForest,0.1176470588235294,0.13690488750653138,544353
math_5unit_participation,RandomForest,0.1239669421487603,0.13690488750653138,544353
math_5unit_participation,RandomForest,0.1712328767123287,0.13690488750653138,544353
math_5unit_participation,RandomForest,0.1477272727272727,0.09614068279471173,544395
math_5unit_participation,RandomForest,0.1311475409836065,0.09614068279471173,544395
math_5unit_participation,RandomForest,0.1538461538461538,0.09614068279471173,544395
math_5unit_participation,RandomForest,0.134020618556701,0.09614068279471173,544395
math_5unit_participation,RandomForest,0.0,0.013845883957776226,544478
math_5unit_participation,RandomForest,0.0,0.013845883957776226,544478
math_5unit_participation,RandomForest,0.0,0.013845883957776226,544478
math_5unit_participation,RandomForest,0.0,0.013845883957776226,544478
math_5unit_participation,RandomForest,0.1578947368421052,0.20569151343656616,544494
math_5unit_participation,RandomForest,0.175,0.20569151343656616,544494
math_5unit_participation,RandomForest,0.2054794520547945,0.20569151343656616,544494
math_5unit_participation,RandomForest,0.2333333333333333,0.20569151343656616,544494
math_5unit_participation,RandomForest,0.0743801652892562,0.1405364310103822,544528
math_5unit_participation,RandomForest,0.1159420289855072,0.1405364310103822,544528
math_5unit_participation,RandomForest,0.1186440677966101,0.1405364310103822,544528
math_5unit_participation,RandomForest,0.1327433628318584,0.1405364310103822,544528
math_5unit_participation,RandomForest,0.0843373493975903,0.14089297760807104,544593
math_5unit_participation,RandomForest,0.1447368421052631,0.14089297760807104,544593
math_5unit_participation,RandomForest,0.1666666666666666,0.14089297760807104,544593
math_5unit_participation,RandomForest,0.1574074074074074,0.14089297760807104,544593
math_5unit_participation,RandomForest,0.1276595744680851,0.1559902224956162,544668
math_5unit_participation,RandomForest,0.087719298245614,0.1559902224956162,544668
math_5unit_participation,RandomForest,0.1132075471698113,0.1559902224956162,544668
math_5unit_participation,RandomForest,0.1,0.1559902224956162,544668
math_5unit_participation,RandomForest,0.0,0.018361867179482107,544692
math_5unit_participation,RandomForest,0.0,0.018361867179482107,544692
math_5unit_participation,RandomForest,0.0,0.018361867179482107,544692
math_5unit_participation,RandomForest,0.0,0.018361867179482107,544692
math_5unit_participation,RandomForest,0.0,0.0391931907567046,547042
math_5unit_participation,RandomForest,0.0,0.0391931907567046,547042
math_5unit_participation,RandomForest,0.0,0.0391931907567046,547042
math_5unit_participation,RandomForest,0.15625,0.0391931907567046,547042
math_5unit_participation,RandomForest,0.0,0.07190350294575594,548016
math_5unit_participation,RandomForest,0.0,0.07190350294575594,548016
math_5unit_participation,RandomForest,0.0,0.07190350294575594,548016
math_5unit_participation,RandomForest,0.0,0.07190350294575594,548016
math_5unit_participation,RandomForest,0.0,0.024607968797498662,548040
math_5unit_participation,RandomForest,0.0,0.09786169825617007,548404
math_5unit_participation,RandomForest,0.0,0.09786169825617007,548404
math_5unit_participation,RandomForest,0.0,0.09786169825617007,548404
math_5unit_participation,RandomForest,0.0,0.09786169825617007,548404
math_5unit_participation,RandomForest,0.0,0.06509727692465216,560045
math_5unit_participation,RandomForest,0.0,0.006241668548173027,560094
math_5unit_participation,RandomForest,0.0,0.006241668548173027,560094
math_5unit_participation,RandomForest,0.0,0.006241668548173027,560094
math_5unit_participation,RandomForest,0.0,0.12896616422171714,560136
math_5unit_participation,RandomForest,0.0,0.12896616422171714,560136
math_5unit_participation,RandomForest,0.0,0.020585943447161928,560268
math_5unit_participation,RandomForest,0.0,0.04055295127652378,560342
math_5unit_participation,RandomForest,0.0,0.04055295127652378,560342
math_5unit_participation,RandomForest,0.0821917808219178,0.06395091530262834,560508
math_5unit_participation,RandomForest,0.0657894736842105,0.06395091530262834,560508
math_5unit_participation,RandomForest,0.0,0.06395091530262834,560508
math_5unit_participation,RandomForest,0.2142857142857142,0.21883601842404735,570036
math_5unit_participation,RandomForest,0.1729323308270676,0.21883601842404735,570036
math_5unit_participation,RandomForest,0.2302158273381295,0.21883601842404735,570036
math_5unit_participation,RandomForest,0.247787610619469,0.21883601842404735,570036
math_5unit_participation,RandomForest,0.0714285714285714,0.15518727194953974,570044
math_5unit_participation,RandomForest,0.0696202531645569,0.15518727194953974,570044
math_5unit_participation,RandomForest,0.0779220779220779,0.15518727194953974,570044
math_5unit_participation,RandomForest,0.1125827814569536,0.15518727194953974,570044
math_5unit_participation,RandomForest,0.10828025477707,0.1225936549386779,570051
math_5unit_participation,RandomForest,0.1908396946564885,0.1225936549386779,570051
math_5unit_participation,RandomForest,0.1805555555555555,0.1225936549386779,570051
math_5unit_participation,RandomForest,0.1538461538461538,0.1225936549386779,570051
math_5unit_participation,RandomForest,0.0354609929078014,0.13139077378017364,570077
math_5unit_participation,RandomForest,0.0,0.13139077378017364,570077
math_5unit_participation,RandomForest,0.0588235294117647,0.13139077378017364,570077
math_5unit_participation,RandomForest,0.1007194244604316,0.13139077378017364,570077
math_5unit_participation,RandomForest,0.0909090909090909,0.21106553749044152,570135
math_5unit_participation,RandomForest,0.1032258064516129,0.21106553749044152,570135
math_5unit_participation,RandomForest,0.0701754385964912,0.21106553749044152,570135
math_5unit_participation,RandomForest,0.125,0.21106553749044152,570135
math_5unit_participation,RandomForest,0.182741116751269,0.1496941186550971,570168
math_5unit_participation,RandomForest,0.2359550561797752,0.1496941186550971,570168
math_5unit_participation,RandomForest,0.1965811965811965,0.1496941186550971,570168
math_5unit_participation,RandomForest,0.211864406779661,0.1496941186550971,570168
math_5unit_participation,RandomForest,0.0,0.0067110751090949635,570176
math_5unit_participation,RandomForest,0.0,0.0067110751090949635,570176
math_5unit_participation,RandomForest,0.0,0.0067110751090949635,570176
math_5unit_participation,RandomForest,0.0,0.0067110751090949635,570176
math_5unit_participation,RandomForest,0.1502890173410404,0.20706425768147976,570192
math_5unit_participation,RandomForest,0.1590909090909091,0.20706425768147976,570192
math_5unit_participation,RandomForest,0.1359223300970873,0.20706425768147976,570192
math_5unit_participation,RandomForest,0.2247706422018348,0.20706425768147976,570192
math_5unit_participation,RandomForest,0.1454545454545454,0.22902999536125954,570200
math_5unit_participation,RandomForest,0.1545454545454545,0.22902999536125954,570200
math_5unit_participation,RandomForest,0.2923076923076923,0.22902999536125954,570200
math_5unit_participation,RandomForest,0.2463768115942029,0.22902999536125954,570200
math_5unit_participation,RandomForest,0.0,0.1427263091447654,570259
math_5unit_participation,RandomForest,0.0,0.1427263091447654,570259
math_5unit_participation,RandomForest,0.0347222222222222,0.1427263091447654,570259
math_5unit_participation,RandomForest,0.0666666666666666,0.1427263091447654,570259
math_5unit_participation,RandomForest,0.7222222222222222,0.18126931518637546,570358
math_5unit_participation,RandomForest,0.8095238095238095,0.18126931518637546,570358
math_5unit_participation,RandomForest,0.7555555555555555,0.18126931518637546,570358
math_5unit_participation,RandomForest,0.651685393258427,0.18126931518637546,570358
math_5unit_participation,RandomForest,0.0,0.19121563369240782,570606
math_5unit_participation,RandomForest,0.0,0.19121563369240782,570606
math_5unit_participation,RandomForest,0.0,0.19121563369240782,570606
math_5unit_participation,RandomForest,0.0,0.19121563369240782,570606
math_5unit_participation,RandomForest,0.0816326530612244,0.10889902204835991,570713
math_5unit_participation,RandomForest,0.0588235294117647,0.10889902204835991,570713
math_5unit_participation,RandomForest,0.0694444444444444,0.10889902204835991,570713
math_5unit_participation,RandomForest,0.0666666666666666,0.10889902204835991,570713
math_5unit_participation,RandomForest,0.3378378378378378,0.18416576257756187,571109
math_5unit_participation,RandomForest,0.2875,0.18416576257756187,571109
math_5unit_participation,RandomForest,0.4473684210526316,0.18416576257756187,571109
math_5unit_participation,RandomForest,0.3734939759036144,0.18416576257756187,571109
math_5unit_participation,RandomForest,0.0,0.031123402085175837,571158
math_5unit_participation,RandomForest,0.0,0.031123402085175837,571158
math_5unit_participation,RandomForest,0.0,0.031123402085175837,571158
math_5unit_participation,RandomForest,0.0,0.031123402085175837,571158
math_5unit_participation,RandomForest,0.081081081081081,0.11350622334409055,571174
math_5unit_participation,RandomForest,0.1147540983606557,0.11350622334409055,571174
math_5unit_participation,RandomForest,0.1071428571428571,0.11350622334409055,571174
math_5unit_participation,RandomForest,0.1632653061224489,0.11350622334409055,571174
math_5unit_participation,RandomForest,0.3773584905660377,0.07950343936730643,571224
math_5unit_participation,RandomForest,0.2244897959183673,0.07950343936730643,571224
math_5unit_participation,RandomForest,0.2602739726027397,0.07950343936730643,571224
math_5unit_participation,RandomForest,0.2526315789473684,0.07950343936730643,571224
math_5unit_participation,RandomForest,0.2672811059907834,0.1992736427691391,580019
math_5unit_participation,RandomForest,0.3333333333333333,0.1992736427691391,580019
math_5unit_participation,RandomForest,0.3068965517241379,0.1992736427691391,580019
math_5unit_participation,RandomForest,0.3292682926829268,0.1992736427691391,580019
math_5unit_participation,RandomForest,0.0,0.024834713625403702,610006
math_5unit_participation,RandomForest,0.0,0.024834713625403702,610006
math_5unit_participation,RandomForest,0.0,0.008880982289406182,610170
math_5unit_participation,RandomForest,0.0,0.008880982289406182,610170
math_5unit_participation,RandomForest,0.0,0.008880982289406182,610170
math_5unit_participation,RandomForest,0.0,0.008880982289406182,610170
math_5unit_participation,RandomForest,0.0,0.01534570746599185,614321
math_5unit_participation,RandomForest,0.0,0.01534570746599185,614321
math_5unit_participation,RandomForest,0.0,0.01534570746599185,614321
math_5unit_participation,RandomForest,0.0,0.01534570746599185,614321
math_5unit_participation,RandomForest,0.0,0.0062175403036656505,615351
math_5unit_participation,RandomForest,0.0,0.0062175403036656505,615351
math_5unit_participation,RandomForest,0.0,0.0062175403036656505,615351
math_5unit_participation,RandomForest,0.0,0.0062175403036656505,615351
math_5unit_participation,RandomForest,0.0,0.003712082412384344,615369
math_5unit_participation,RandomForest,0.0,0.003712082412384344,615369
math_5unit_participation,RandomForest,0.0,0.003712082412384344,615369
math_5unit_participation,RandomForest,0.0641025641025641,0.06719861366544345,640029
math_5unit_participation,RandomForest,0.0,0.06719861366544345,640029
math_5unit_participation,RandomForest,0.0,0.06719861366544345,640029
math_5unit_participation,RandomForest,0.1034482758620689,0.06719861366544345,640029
math_5unit_participation,RandomForest,0.1032608695652173,0.11975337799516851,640037
math_5unit_participation,RandomForest,0.1549295774647887,0.11975337799516851,640037
math_5unit_participation,RandomForest,0.1308900523560209,0.11975337799516851,640037
math_5unit_participation,RandomForest,0.1881918819188192,0.11975337799516851,640037
math_5unit_participation,RandomForest,0.0,0.07846999416949216,640045
math_5unit_participation,RandomForest,0.1111111111111111,0.07846999416949216,640045
math_5unit_participation,RandomForest,0.1095890410958904,0.07846999416949216,640045
math_5unit_participation,RandomForest,0.0,0.07846999416949216,640045
math_5unit_participation,RandomForest,0.0697674418604651,0.08798876863621521,640052
math_5unit_participation,RandomForest,0.125,0.08798876863621521,640052
math_5unit_participation,RandomForest,0.1008403361344537,0.08798876863621521,640052
math_5unit_participation,RandomForest,0.1031746031746031,0.08798876863621521,640052
math_5unit_participation,RandomForest,0.1185567010309278,0.1175157943615917,640060
math_5unit_participation,RandomForest,0.1831683168316831,0.1175157943615917,640060
math_5unit_participation,RandomForest,0.1894736842105263,0.1175157943615917,640060
math_5unit_participation,RandomForest,0.0760233918128654,0.1175157943615917,640060
math_5unit_participation,RandomForest,0.0975609756097561,0.1097996938522589,640078
math_5unit_participation,RandomForest,0.1153846153846153,0.1097996938522589,640078
math_5unit_participation,RandomForest,0.0614035087719298,0.1097996938522589,640078
math_5unit_participation,RandomForest,0.12,0.1097996938522589,640078
math_5unit_participation,RandomForest,0.08130081300813,0.10375820259718194,640086
math_5unit_participation,RandomForest,0.106060606060606,0.10375820259718194,640086
math_5unit_participation,RandomForest,0.074074074074074,0.10375820259718194,640086
math_5unit_participation,RandomForest,0.1583333333333333,0.10375820259718194,640086
math_5unit_participation,RandomForest,0.0,0.02558708600650514,640102
math_5unit_participation,RandomForest,0.0,0.02558708600650514,640102
math_5unit_participation,RandomForest,0.0,0.02558708600650514,640102
math_5unit_participation,RandomForest,0.119047619047619,0.02558708600650514,640102
math_5unit_participation,RandomForest,0.0,0.016083694474870527,640110
math_5unit_participation,RandomForest,0.0,0.016083694474870527,640110
math_5unit_participation,RandomForest,0.0,0.016083694474870527,640110
math_5unit_participation,RandomForest,0.0,0.016083694474870527,640110
math_5unit_participation,RandomForest,0.13,0.10650689487568556,640128
math_5unit_participation,RandomForest,0.2068965517241379,0.10650689487568556,640128
math_5unit_participation,RandomForest,0.225,0.10650689487568556,640128
math_5unit_participation,RandomForest,0.0683760683760683,0.10650689487568556,640128
math_5unit_participation,RandomForest,0.0,0.02619494217230305,640136
math_5unit_participation,RandomForest,0.0,0.02619494217230305,640136
math_5unit_participation,RandomForest,0.0,0.02619494217230305,640136
math_5unit_participation,RandomForest,0.0,0.02619494217230305,640136
math_5unit_participation,RandomForest,0.0,0.03828570536898949,640151
math_5unit_participation,RandomForest,0.0,0.03828570536898949,640151
math_5unit_participation,RandomForest,0.0,0.03828570536898949,640151
math_5unit_participation,RandomForest,0.2,0.03828570536898949,640151
math_5unit_participation,RandomForest,0.109375,0.059962839921652966,640177
math_5unit_participation,RandomForest,0.0,0.059962839921652966,640177
math_5unit_participation,RandomForest,0.1372549019607843,0.059962839921652966,640177
math_5unit_participation,RandomForest,0.1666666666666666,0.059962839921652966,640177
math_5unit_participation,RandomForest,0.125,0.04935237605987552,640185
math_5unit_participation,RandomForest,0.0,0.04935237605987552,640185
math_5unit_participation,RandomForest,0.0,0.04935237605987552,640185
math_5unit_participation,RandomForest,0.0,0.04935237605987552,640185
math_5unit_participation,RandomForest,0.0833333333333333,0.08035534044020572,640193
math_5unit_participation,RandomForest,0.1102362204724409,0.08035534044020572,640193
math_5unit_participation,RandomForest,0.1006711409395973,0.08035534044020572,640193
math_5unit_participation,RandomForest,0.1180124223602484,0.08035534044020572,640193
math_5unit_participation,RandomForest,0.2058823529411764,0.07056896282987106,640227
math_5unit_participation,RandomForest,0.1032258064516129,0.07056896282987106,640227
math_5unit_participation,RandomForest,0.1223021582733813,0.07056896282987106,640227
math_5unit_participation,RandomForest,0.1695906432748538,0.07056896282987106,640227
math_5unit_participation,RandomForest,0.1578947368421052,0.10336034851783171,640235
math_5unit_participation,RandomForest,0.1009174311926605,0.10336034851783171,640235
math_5unit_participation,RandomForest,0.1290322580645161,0.10336034851783171,640235
math_5unit_participation,RandomForest,0.1724137931034483,0.10336034851783171,640235
math_5unit_participation,RandomForest,0.0757575757575757,0.049860025233910726,640243
math_5unit_participation,RandomForest,0.0985915492957746,0.049860025233910726,640243
math_5unit_participation,RandomForest,0.217391304347826,0.049860025233910726,640243
math_5unit_participation,RandomForest,0.0,0.049860025233910726,640243
math_5unit_participation,RandomForest,0.0909090909090909,0.03699908928682047,640276
math_5unit_participation,RandomForest,0.0875,0.03699908928682047,640276
math_5unit_participation,RandomForest,0.1392405063291139,0.03699908928682047,640276
math_5unit_participation,RandomForest,0.1411764705882353,0.03699908928682047,640276
math_5unit_participation,RandomForest,0.0657894736842105,0.10107529048012706,640318
math_5unit_participation,RandomForest,0.0674157303370786,0.10107529048012706,640318
math_5unit_participation,RandomForest,0.0526315789473684,0.10107529048012706,640318
math_5unit_participation,RandomForest,0.160919540229885,0.10107529048012706,640318
math_5unit_participation,RandomForest,0.1886792452830188,0.1129938467749615,640359
math_5unit_participation,RandomForest,0.1298701298701298,0.1129938467749615,640359
math_5unit_participation,RandomForest,0.1176470588235294,0.1129938467749615,640359
math_5unit_participation,RandomForest,0.140625,0.1129938467749615,640359
math_5unit_participation,RandomForest,0.0,0.003446675309421302,640367
math_5unit_participation,RandomForest,0.0,0.003446675309421302,640367
math_5unit_participation,RandomForest,0.0,0.003446675309421302,640367
math_5unit_participation,RandomForest,0.0,0.003446675309421302,640367
math_5unit_participation,RandomForest,0.0,0.0256498953162405,640375
math_5unit_participation,RandomForest,0.0,0.0256498953162405,640375
math_5unit_participation,RandomForest,0.0,0.0256498953162405,640375
math_5unit_participation,RandomForest,0.0,0.0256498953162405,640375
math_5unit_participation,RandomForest,0.0,0.037188490282204445,640383
math_5unit_participation,RandomForest,0.0,0.037188490282204445,640383
math_5unit_participation,RandomForest,0.0,0.037188490282204445,640383
math_5unit_participation,RandomForest,0.0,0.037188490282204445,640383
math_5unit_participation,RandomForest,0.0,0.03531010496191218,640391
math_5unit_participation,RandomForest,0.0,0.03531010496191218,640391
math_5unit_participation,RandomForest,0.0,0.03531010496191218,640391
math_5unit_participation,RandomForest,0.0,0.0001071428571428571,640409
math_5unit_participation,RandomForest,0.0,0.0001071428571428571,640409
math_5unit_participation,RandomForest,0.0,0.0001071428571428571,640409
math_5unit_participation,RandomForest,0.0,0.0001071428571428571,640409
math_5unit_participation,RandomForest,0.1666666666666666,0.061833635348173634,640425
math_5unit_participation,RandomForest,0.0,0.061833635348173634,640425
math_5unit_participation,RandomForest,0.1851851851851851,0.061833635348173634,640425
math_5unit_participation,RandomForest,0.1104972375690607,0.11551329981960305,640482
math_5unit_participation,RandomForest,0.074074074074074,0.11551329981960305,640482
math_5unit_participation,RandomForest,0.0880829015544041,0.11551329981960305,640482
math_5unit_participation,RandomForest,0.1304347826086956,0.11551329981960305,640482
math_5unit_participation,RandomForest,0.0,0.05121148946680937,640490
math_5unit_participation,RandomForest,0.0,0.05121148946680937,640490
math_5unit_participation,RandomForest,0.0,0.05121148946680937,640490
math_5unit_participation,RandomForest,0.0,0.05121148946680937,640490
math_5unit_participation,RandomForest,0.0,0.03318006807862231,640508
math_5unit_participation,RandomForest,0.1388888888888889,0.03318006807862231,640508
math_5unit_participation,RandomForest,0.0961538461538461,0.03318006807862231,640508
math_5unit_participation,RandomForest,0.0,0.03318006807862231,640508
math_5unit_participation,RandomForest,0.0,0.10553787946605105,640532
math_5unit_participation,RandomForest,0.0,0.10553787946605105,640532
math_5unit_participation,RandomForest,0.0823529411764705,0.10553787946605105,640532
math_5unit_participation,RandomForest,0.1111111111111111,0.10553787946605105,640532
math_5unit_participation,RandomForest,0.1625,0.14824745507371642,640581
math_5unit_participation,RandomForest,0.1294117647058823,0.14824745507371642,640581
math_5unit_participation,RandomForest,0.1058823529411764,0.14824745507371642,640581
math_5unit_participation,RandomForest,0.1071428571428571,0.14824745507371642,640581
math_5unit_participation,RandomForest,0.0,0.07674574913135714,640623
math_5unit_participation,RandomForest,0.0,0.07570356970454746,640631
math_5unit_participation,RandomForest,0.0,0.07570356970454746,640631
math_5unit_participation,RandomForest,0.0,0.07570356970454746,640631
math_5unit_participation,RandomForest,0.0,0.07570356970454746,640631
math_5unit_participation,RandomForest,0.0,0.05406365264217674,640649
math_5unit_participation,RandomForest,0.0,0.05406365264217674,640649
math_5unit_participation,RandomForest,0.0,0.05406365264217674,640649
math_5unit_participation,RandomForest,0.0,0.05406365264217674,640649
math_5unit_participation,RandomForest,0.0833333333333333,0.08050315261273147,640656
math_5unit_participation,RandomForest,0.1326530612244898,0.08050315261273147,640656
math_5unit_participation,RandomForest,0.1666666666666666,0.08050315261273147,640656
math_5unit_participation,RandomForest,0.125,0.08050315261273147,640656
math_5unit_participation,RandomForest,0.0,0.046196540835530917,640664
math_5unit_participation,RandomForest,0.0,0.046196540835530917,640664
math_5unit_participation,RandomForest,0.0,0.046196540835530917,640664
math_5unit_participation,RandomForest,0.0,0.046196540835530917,640664
math_5unit_participation,RandomForest,0.1781609195402299,0.10947804091229625,640672
math_5unit_participation,RandomForest,0.1572327044025157,0.10947804091229625,640672
math_5unit_participation,RandomForest,0.1435897435897435,0.10947804091229625,640672
math_5unit_participation,RandomForest,0.1527093596059113,0.10947804091229625,640672
math_5unit_participation,RandomForest,0.0,0.000357142857142857,640771
math_5unit_participation,RandomForest,0.0,0.000357142857142857,640771
math_5unit_participation,RandomForest,0.0,0.000357142857142857,640771
math_5unit_participation,RandomForest,0.0,0.000357142857142857,640771
math_5unit_participation,RandomForest,0.0,0.015499743129913144,640807
math_5unit_participation,RandomForest,0.0,0.015499743129913144,640807
math_5unit_participation,RandomForest,0.0,0.015499743129913144,640807
math_5unit_participation,RandomForest,0.0,0.015499743129913144,640807
math_5unit_participation,RandomForest,0.0,0.03239353485141197,640821
math_5unit_participation,RandomForest,0.0,0.03239353485141197,640821
math_5unit_participation,RandomForest,0.0,0.03239353485141197,640821
math_5unit_participation,RandomForest,0.0,0.03239353485141197,640821
math_5unit_participation,RandomForest,0.0,0.0013426366198875817,640896
math_5unit_participation,RandomForest,0.0,0.0013426366198875817,640896
math_5unit_participation,RandomForest,0.0,0.0013426366198875817,640896
math_5unit_participation,RandomForest,0.0,0.0013426366198875817,640896
math_5unit_participation,RandomForest,0.0,0.004534986135562244,640904
math_5unit_participation,RandomForest,0.0,0.004534986135562244,640904
math_5unit_participation,RandomForest,0.0,0.004534986135562244,640904
math_5unit_participation,RandomForest,0.0,0.004534986135562244,640904
math_5unit_participation,RandomForest,0.0,0.018460982791276927,640946
math_5unit_participation,RandomForest,0.0,0.00436052638656056,641142
math_5unit_participation,RandomForest,0.0,0.00436052638656056,641142
math_5unit_participation,RandomForest,0.0,0.00436052638656056,641142
math_5unit_participation,RandomForest,0.2,0.10108020669094477,641183
math_5unit_participation,RandomForest,0.28125,0.10108020669094477,641183
math_5unit_participation,RandomForest,0.1785714285714285,0.10108020669094477,641183
math_5unit_participation,RandomForest,0.2051282051282051,0.10108020669094477,641183
math_5unit_participation,RandomForest,0.0,0.002481285327461225,641191
math_5unit_participation,RandomForest,0.0,0.002481285327461225,641191
math_5unit_participation,RandomForest,0.0,0.002481285327461225,641191
math_5unit_participation,RandomForest,0.0,0.002481285327461225,641191
math_5unit_participation,RandomForest,0.15625,0.14051822355459223,641233
math_5unit_participation,RandomForest,0.1470588235294117,0.14051822355459223,641233
math_5unit_participation,RandomForest,0.0,0.14051822355459223,641233
math_5unit_participation,RandomForest,0.1929824561403508,0.14051822355459223,641233
math_5unit_participation,RandomForest,0.0,0.009205864352442148,641241
math_5unit_participation,RandomForest,0.0,0.009205864352442148,641241
math_5unit_participation,RandomForest,0.0,0.00667543915875238,641258
math_5unit_participation,RandomForest,0.0,0.00667543915875238,641258
math_5unit_participation,RandomForest,0.0,0.00667543915875238,641258
math_5unit_participation,RandomForest,0.0,0.00667543915875238,641258
math_5unit_participation,RandomForest,0.0,0.024972605651440077,641324
math_5unit_participation,RandomForest,0.2941176470588235,0.024972605651440077,641324
math_5unit_participation,RandomForest,0.0,0.024972605651440077,641324
math_5unit_participation,RandomForest,0.28,0.024972605651440077,641324
math_5unit_participation,RandomForest,0.0,0.06863663772339848,641332
math_5unit_participation,RandomForest,0.0,0.06863663772339848,641332
math_5unit_participation,RandomForest,0.0,0.06863663772339848,641332
math_5unit_participation,RandomForest,0.0,0.06863663772339848,641332
math_5unit_participation,RandomForest,0.0,0.027393487472271504,641365
math_5unit_participation,RandomForest,0.0,0.027393487472271504,641365
math_5unit_participation,RandomForest,0.0,0.027393487472271504,641365
math_5unit_participation,RandomForest,0.0,0.027393487472271504,641365
math_5unit_participation,RandomForest,0.0,0.0061372305688604314,641381
math_5unit_participation,RandomForest,0.0,0.0061372305688604314,641381
math_5unit_participation,RandomForest,0.0,0.0061372305688604314,641381
math_5unit_participation,RandomForest,0.0,0.0061372305688604314,641381
math_5unit_participation,RandomForest,0.0454545454545454,0.11411768001681352,644062
math_5unit_participation,RandomForest,0.1153846153846153,0.11411768001681352,644062
math_5unit_participation,RandomForest,0.0975609756097561,0.11411768001681352,644062
math_5unit_participation,RandomForest,0.1583333333333333,0.11411768001681352,644062
math_5unit_participation,RandomForest,0.12,0.0542745277810828,644203
math_5unit_participation,RandomForest,0.1057692307692307,0.0542745277810828,644203
math_5unit_participation,RandomForest,0.0842105263157894,0.0542745277810828,644203
math_5unit_participation,RandomForest,0.1052631578947368,0.0542745277810828,644203
math_5unit_participation,RandomForest,0.1291666666666666,0.11192085546750184,644294
math_5unit_participation,RandomForest,0.1478260869565217,0.11192085546750184,644294
math_5unit_participation,RandomForest,0.1147540983606557,0.11192085546750184,644294
math_5unit_participation,RandomForest,0.1311475409836065,0.11192085546750184,644294
math_5unit_participation,RandomForest,0.1337209302325581,0.13467162468447624,644310
math_5unit_participation,RandomForest,0.1408450704225352,0.13467162468447624,644310
math_5unit_participation,RandomForest,0.1631578947368421,0.13467162468447624,644310
math_5unit_participation,RandomForest,0.217391304347826,0.13467162468447624,644310
math_5unit_participation,RandomForest,0.1,0.10448689919756261,644344
math_5unit_participation,RandomForest,0.0727272727272727,0.10448689919756261,644344
math_5unit_participation,RandomForest,0.1443298969072164,0.10448689919756261,644344
math_5unit_participation,RandomForest,0.1386138613861386,0.10448689919756261,644344
math_5unit_participation,RandomForest,0.146551724137931,0.1659862915096056,644377
math_5unit_participation,RandomForest,0.1589958158995816,0.1659862915096056,644377
math_5unit_participation,RandomForest,0.1953488372093023,0.1659862915096056,644377
math_5unit_participation,RandomForest,0.2465116279069767,0.1659862915096056,644377
math_5unit_participation,RandomForest,0.0,0.05984639435124784,644435
math_5unit_participation,RandomForest,0.0,0.05984639435124784,644435
math_5unit_participation,RandomForest,0.173076923076923,0.05984639435124784,644435
math_5unit_participation,RandomForest,0.2708333333333333,0.05984639435124784,644435
math_5unit_participation,RandomForest,0.1234567901234567,0.11475105274526497,644443
math_5unit_participation,RandomForest,0.1186440677966101,0.11475105274526497,644443
math_5unit_participation,RandomForest,0.0985915492957746,0.11475105274526497,644443
math_5unit_participation,RandomForest,0.141025641025641,0.11475105274526497,644443
math_5unit_participation,RandomForest,0.0701754385964912,0.10868272475017993,644450
math_5unit_participation,RandomForest,0.2222222222222222,0.152490842935932,644484
math_5unit_participation,RandomForest,0.2284482758620689,0.152490842935932,644484
math_5unit_participation,RandomForest,0.1784037558685446,0.152490842935932,644484
math_5unit_participation,RandomForest,0.2775330396475771,0.152490842935932,644484
math_5unit_participation,RandomForest,0.0545454545454545,0.09223343562512194,644492
math_5unit_participation,RandomForest,0.0482758620689655,0.09223343562512194,644492
math_5unit_participation,RandomForest,0.0578512396694214,0.09223343562512194,644492
math_5unit_participation,RandomForest,0.053030303030303,0.09223343562512194,644492
math_5unit_participation,RandomForest,0.0652173913043478,0.12652761335541451,644526
math_5unit_participation,RandomForest,0.046979865771812,0.12652761335541451,644526
math_5unit_participation,RandomForest,0.0833333333333333,0.12652761335541451,644526
math_5unit_participation,RandomForest,0.0982658959537572,0.12652761335541451,644526
math_5unit_participation,RandomForest,0.088235294117647,0.130440275955322,644534
math_5unit_participation,RandomForest,0.1176470588235294,0.130440275955322,644534
math_5unit_participation,RandomForest,0.1573604060913705,0.130440275955322,644534
math_5unit_participation,RandomForest,0.1564625850340136,0.130440275955322,644534
math_5unit_participation,RandomForest,0.0,0.0473965285449451,644542
math_5unit_participation,RandomForest,0.0,0.0473965285449451,644542
math_5unit_participation,RandomForest,0.1343283582089552,0.0473965285449451,644542
math_5unit_participation,RandomForest,0.1506849315068493,0.0473965285449451,644542
math_5unit_participation,RandomForest,0.0582010582010582,0.1391521332969069,644559
math_5unit_participation,RandomForest,0.1791044776119403,0.1391521332969069,644559
math_5unit_participation,RandomForest,0.1428571428571428,0.1391521332969069,644559
math_5unit_participation,RandomForest,0.1222222222222222,0.1391521332969069,644559
math_5unit_participation,RandomForest,0.2205128205128205,0.11615164331940141,644583
math_5unit_participation,RandomForest,0.215,0.11615164331940141,644583
math_5unit_participation,RandomForest,0.2163461538461538,0.11615164331940141,644583
math_5unit_participation,RandomForest,0.2589285714285714,0.11615164331940141,644583
math_5unit_participation,RandomForest,0.175531914893617,0.16814286304844273,644591
math_5unit_participation,RandomForest,0.1336633663366336,0.16814286304844273,644591
math_5unit_participation,RandomForest,0.1772727272727272,0.16814286304844273,644591
math_5unit_participation,RandomForest,0.160377358490566,0.16814286304844273,644591
math_5unit_participation,RandomForest,0.0,0.03342733810035101,644666
math_5unit_participation,RandomForest,0.0,0.03342733810035101,644666
math_5unit_participation,RandomForest,0.0,0.03342733810035101,644666
math_5unit_participation,RandomForest,0.0,0.03342733810035101,644666
math_5unit_participation,RandomForest,0.0942028985507246,0.10024259596912038,644690
math_5unit_participation,RandomForest,0.1068702290076335,0.10024259596912038,644690
math_5unit_participation,RandomForest,0.1233766233766233,0.10024259596912038,644690
math_5unit_participation,RandomForest,0.1125827814569536,0.10024259596912038,644690
math_5unit_participation,RandomForest,0.0,0.05421876152973546,644708
math_5unit_participation,RandomForest,0.0,0.05421876152973546,644708
math_5unit_participation,RandomForest,0.0,0.05421876152973546,644708
math_5unit_participation,RandomForest,0.0757575757575757,0.05421876152973546,644708
math_5unit_participation,RandomForest,0.0847457627118644,0.09805339687704467,644732
math_5unit_participation,RandomForest,0.1739130434782608,0.09805339687704467,644732
math_5unit_participation,RandomForest,0.1310344827586207,0.09805339687704467,644732
math_5unit_participation,RandomForest,0.1566265060240964,0.09805339687704467,644732
math_5unit_participation,RandomForest,0.0,0.02474288361680034,644757
math_5unit_participation,RandomForest,0.0,0.02474288361680034,644757
math_5unit_participation,RandomForest,0.0806451612903225,0.017242139620660086,644781
math_5unit_participation,RandomForest,0.0,0.017242139620660086,644781
math_5unit_participation,RandomForest,0.0,0.017242139620660086,644781
math_5unit_participation,RandomForest,0.0,0.017242139620660086,644781
math_5unit_participation,RandomForest,0.0,0.0643405026598946,644807
math_5unit_participation,RandomForest,0.0,0.0643405026598946,644807
math_5unit_participation,RandomForest,0.0,0.0643405026598946,644807
math_5unit_participation,RandomForest,0.0,0.0643405026598946,644807
math_5unit_participation,RandomForest,0.0862068965517241,0.12872728814613732,644823
math_5unit_participation,RandomForest,0.125,0.12872728814613732,644823
math_5unit_participation,RandomForest,0.0454545454545454,0.12872728814613732,644823
math_5unit_participation,RandomForest,0.1612903225806451,0.12872728814613732,644823
math_5unit_participation,RandomForest,0.4722222222222222,0.20806432407807274,644831
math_5unit_participation,RandomForest,0.4333333333333333,0.20806432407807274,644831
math_5unit_participation,RandomForest,0.5,0.20806432407807274,644831
math_5unit_participation,RandomForest,0.2941176470588235,0.20806432407807274,644831
math_5unit_participation,RandomForest,0.2222222222222222,0.06702212255718654,644849
math_5unit_participation,RandomForest,0.0,0.06702212255718654,644849
math_5unit_participation,RandomForest,0.1403508771929824,0.06702212255718654,644849
math_5unit_participation,RandomForest,0.2745098039215686,0.06702212255718654,644849
math_5unit_participation,RandomForest,0.0,0.04691682069427957,648030
math_5unit_participation,RandomForest,0.0,0.04691682069427957,648030
math_5unit_participation,RandomForest,0.0,0.04691682069427957,648030
math_5unit_participation,RandomForest,0.0,0.04691682069427957,648030
math_5unit_participation,RandomForest,0.0675675675675675,0.014280346468017442,648048
math_5unit_participation,RandomForest,0.0928571428571428,0.014280346468017442,648048
math_5unit_participation,RandomForest,0.0,0.014280346468017442,648048
math_5unit_participation,RandomForest,0.1020408163265306,0.014280346468017442,648048
math_5unit_participation,RandomForest,0.0560747663551401,0.04807538264373808,648063
math_5unit_participation,RandomForest,0.0,0.04807538264373808,648063
math_5unit_participation,RandomForest,0.0,0.04807538264373808,648063
math_5unit_participation,RandomForest,0.1164383561643835,0.04807538264373808,648063
math_5unit_participation,RandomForest,0.0,0.034701206382744765,648071
math_5unit_participation,RandomForest,0.0,0.034701206382744765,648071
math_5unit_participation,RandomForest,0.0434782608695652,0.034701206382744765,648071
math_5unit_participation,RandomForest,0.0,0.034701206382744765,648071
math_5unit_participation,RandomForest,0.0,0.04460818385409881,648089
math_5unit_participation,RandomForest,0.0,0.04460818385409881,648089
math_5unit_participation,RandomForest,0.0,0.04460818385409881,648089
math_5unit_participation,RandomForest,0.0,0.04460818385409881,648089
math_5unit_participation,RandomForest,0.0721649484536082,0.055107899848657535,648097
math_5unit_participation,RandomForest,0.0583333333333333,0.055107899848657535,648097
math_5unit_participation,RandomForest,0.064516129032258,0.055107899848657535,648097
math_5unit_participation,RandomForest,0.0718562874251497,0.055107899848657535,648097
math_5unit_participation,RandomForest,0.0,0.01756763021259339,648113
math_5unit_participation,RandomForest,0.0,0.01756763021259339,648113
math_5unit_participation,RandomForest,0.0,0.01756763021259339,648113
math_5unit_participation,RandomForest,0.0,0.01756763021259339,648113
math_5unit_participation,RandomForest,0.0,0.043414315201667726,648121
math_5unit_participation,RandomForest,0.1505376344086021,0.043414315201667726,648121
math_5unit_participation,RandomForest,0.1063829787234042,0.043414315201667726,648121
math_5unit_participation,RandomForest,0.1397849462365591,0.043414315201667726,648121
math_5unit_participation,RandomForest,0.075268817204301,0.05115876485405496,648139
math_5unit_participation,RandomForest,0.0505617977528089,0.05115876485405496,648139
math_5unit_participation,RandomForest,0.0709677419354838,0.05115876485405496,648139
math_5unit_participation,RandomForest,0.1111111111111111,0.05115876485405496,648139
math_5unit_participation,RandomForest,0.1304347826086956,0.049361882206644295,648147
math_5unit_participation,RandomForest,0.0612244897959183,0.049361882206644295,648147
math_5unit_participation,RandomForest,0.1,0.049361882206644295,648147
math_5unit_participation,RandomForest,0.0704225352112676,0.049361882206644295,648147
math_5unit_participation,RandomForest,0.0,0.02628827929801373,648154
math_5unit_participation,RandomForest,0.0,0.02628827929801373,648154
math_5unit_participation,RandomForest,0.0,0.02628827929801373,648154
math_5unit_participation,RandomForest,0.0,0.02628827929801373,648154
math_5unit_participation,RandomForest,0.0,0.06466684273037979,648204
math_5unit_participation,RandomForest,0.0,0.06466684273037979,648204
math_5unit_participation,RandomForest,0.0,0.06466684273037979,648204
math_5unit_participation,RandomForest,0.040650406504065,0.06466684273037979,648204
math_5unit_participation,RandomForest,0.0,0.01964284461457381,648220
math_5unit_participation,RandomForest,0.0,0.01964284461457381,648220
math_5unit_participation,RandomForest,0.0,0.01964284461457381,648220
math_5unit_participation,RandomForest,0.0,0.01964284461457381,648220
math_5unit_participation,RandomForest,0.0,0.03846679180045787,648238
math_5unit_participation,RandomForest,0.0,0.03846679180045787,648238
math_5unit_participation,RandomForest,0.0,0.03846679180045787,648238
math_5unit_participation,RandomForest,0.0,0.03846679180045787,648238
math_5unit_participation,RandomForest,0.0,0.04746031466293184,648261
math_5unit_participation,RandomForest,0.0,0.04746031466293184,648261
math_5unit_participation,RandomForest,0.1076923076923077,0.04746031466293184,648261
math_5unit_participation,RandomForest,0.0,0.025063862027455492,648279
math_5unit_participation,RandomForest,0.0,0.025063862027455492,648279
math_5unit_participation,RandomForest,0.0,0.025063862027455492,648279
math_5unit_participation,RandomForest,0.0,0.025063862027455492,648279
math_5unit_participation,RandomForest,0.0,0.0366241033715213,648287
math_5unit_participation,RandomForest,0.0,0.0366241033715213,648287
math_5unit_participation,RandomForest,0.0,0.0366241033715213,648287
math_5unit_participation,RandomForest,0.0,0.0366241033715213,648287
math_5unit_participation,RandomForest,0.0,0.04061854798631086,648303
math_5unit_participation,RandomForest,0.0,0.04061854798631086,648303
math_5unit_participation,RandomForest,0.0,0.04061854798631086,648303
math_5unit_participation,RandomForest,0.0,0.04061854798631086,648303
math_5unit_participation,RandomForest,0.0,0.02238100131742895,648311
math_5unit_participation,RandomForest,0.0,0.02238100131742895,648311
math_5unit_participation,RandomForest,0.0,0.02238100131742895,648311
math_5unit_participation,RandomForest,0.0,0.02238100131742895,648311
math_5unit_participation,RandomForest,0.0,0.03682634722808953,648329
math_5unit_participation,RandomForest,0.0,0.05979326620624268,648337
math_5unit_participation,RandomForest,0.0,0.05979326620624268,648337
math_5unit_participation,RandomForest,0.0,0.05979326620624268,648337
math_5unit_participation,RandomForest,0.0,0.05979326620624268,648337
math_5unit_participation,RandomForest,0.0,0.03578462689518392,648345
math_5unit_participation,RandomForest,0.0,0.03578462689518392,648345
math_5unit_participation,RandomForest,0.0,0.03578462689518392,648345
math_5unit_participation,RandomForest,0.1351351351351351,0.1528984951691448,660076
math_5unit_participation,RandomForest,0.1428571428571428,0.1528984951691448,660076
math_5unit_participation,RandomForest,0.1965811965811965,0.1528984951691448,660076
math_5unit_participation,RandomForest,0.2432432432432432,0.1528984951691448,660076
math_5unit_participation,RandomForest,0.0,0.12292906070863063,660084
math_5unit_participation,RandomForest,0.0862068965517241,0.12292906070863063,660084
math_5unit_participation,RandomForest,0.0,0.12292906070863063,660084
math_5unit_participation,RandomForest,0.123076923076923,0.12292906070863063,660084
math_5unit_participation,RandomForest,0.1487603305785124,0.12439464259765556,660126
math_5unit_participation,RandomForest,0.1088435374149659,0.12439464259765556,660126
math_5unit_participation,RandomForest,0.1686046511627907,0.12439464259765556,660126
math_5unit_participation,RandomForest,0.1764705882352941,0.12439464259765556,660126
math_5unit_participation,RandomForest,0.0941704035874439,0.1398854936739891,660134
math_5unit_participation,RandomForest,0.1448598130841121,0.1398854936739891,660134
math_5unit_participation,RandomForest,0.1167315175097276,0.1398854936739891,660134
math_5unit_participation,RandomForest,0.1715328467153284,0.1398854936739891,660134
math_5unit_participation,RandomForest,0.0,0.006238827185176671,660209
math_5unit_participation,RandomForest,0.0,0.006238827185176671,660209
math_5unit_participation,RandomForest,0.0,0.02926002647341229,660225
math_5unit_participation,RandomForest,0.0,0.02926002647341229,660225
math_5unit_participation,RandomForest,0.1634615384615384,0.11375939610447927,660274
math_5unit_participation,RandomForest,0.0714285714285714,0.11375939610447927,660274
math_5unit_participation,RandomForest,0.1322314049586777,0.11375939610447927,660274
math_5unit_participation,RandomForest,0.1627906976744186,0.11375939610447927,660274
math_5unit_participation,RandomForest,0.1308411214953271,0.1269666689328602,660324
math_5unit_participation,RandomForest,0.13,0.1269666689328602,660324
math_5unit_participation,RandomForest,0.1395348837209302,0.1269666689328602,660324
math_5unit_participation,RandomForest,0.1865671641791045,0.1269666689328602,660324
math_5unit_participation,RandomForest,0.3181818181818182,0.028028019298010066,660498
math_5unit_participation,RandomForest,0.1162790697674418,0.028028019298010066,660498
math_5unit_participation,RandomForest,0.0,0.028028019298010066,660498
math_5unit_participation,RandomForest,0.1724137931034483,0.028028019298010066,660498
math_5unit_participation,RandomForest,0.0535714285714285,0.14505101742831672,670042
math_5unit_participation,RandomForest,0.1063829787234042,0.14505101742831672,670042
math_5unit_participation,RandomForest,0.1139240506329113,0.14505101742831672,670042
math_5unit_participation,RandomForest,0.1255813953488372,0.14505101742831672,670042
math_5unit_participation,RandomForest,0.0864197530864197,0.11191127550737637,670067
math_5unit_participation,RandomForest,0.0571428571428571,0.11191127550737637,670067
math_5unit_participation,RandomForest,0.093167701863354,0.11191127550737637,670067
math_5unit_participation,RandomForest,0.1042944785276073,0.11191127550737637,670067
math_5unit_participation,RandomForest,0.0,0.016725841534756012,670208
math_5unit_participation,RandomForest,0.0,0.016725841534756012,670208
math_5unit_participation,RandomForest,0.0,0.016725841534756012,670208
math_5unit_participation,RandomForest,0.0,0.016725841534756012,670208
math_5unit_participation,RandomForest,0.0,0.07169987656843889,670232
math_5unit_participation,RandomForest,0.0,0.07169987656843889,670232
math_5unit_participation,RandomForest,0.0,0.07169987656843889,670232
math_5unit_participation,RandomForest,0.135593220338983,0.07169987656843889,670232
math_5unit_participation,RandomForest,0.0,0.06335943921438435,670331
math_5unit_participation,RandomForest,0.0,0.06335943921438435,670331
math_5unit_participation,RandomForest,0.0,0.06335943921438435,670331
math_5unit_participation,RandomForest,0.0,0.06335943921438435,670331
math_5unit_participation,RandomForest,0.0,0.040556252095262535,670414
math_5unit_participation,RandomForest,0.0,0.040556252095262535,670414
math_5unit_participation,RandomForest,0.0,0.040556252095262535,670414
math_5unit_participation,RandomForest,0.0,0.040556252095262535,670414
math_5unit_participation,RandomForest,0.0,0.08640030580710314,670422
math_5unit_participation,RandomForest,0.0,0.08640030580710314,670422
math_5unit_participation,RandomForest,0.0588235294117647,0.08640030580710314,670422
math_5unit_participation,RandomForest,0.1046511627906976,0.08640030580710314,670422
math_5unit_participation,RandomForest,0.073469387755102,0.06840622594781985,670810
math_5unit_participation,RandomForest,0.099236641221374,0.06840622594781985,670810
math_5unit_participation,RandomForest,0.0575539568345323,0.06840622594781985,670810
math_5unit_participation,RandomForest,0.0950570342205323,0.06840622594781985,670810
math_5unit_participation,RandomForest,0.0,0.03327736988867743,678011
math_5unit_participation,RandomForest,0.0,0.03327736988867743,678011
math_5unit_participation,RandomForest,0.0,0.03327736988867743,678011
math_5unit_participation,RandomForest,0.0,0.03327736988867743,678011
math_5unit_participation,RandomForest,0.217391304347826,0.1455427135303658,680025
math_5unit_participation,RandomForest,0.1737089201877934,0.1455427135303658,680025
math_5unit_participation,RandomForest,0.1614583333333333,0.1455427135303658,680025
math_5unit_participation,RandomForest,0.1683168316831683,0.1455427135303658,680025
math_5unit_participation,RandomForest,0.1739130434782608,0.07324418707670471,680033
math_5unit_participation,RandomForest,0.2075471698113207,0.07324418707670471,680033
math_5unit_participation,RandomForest,0.1780821917808219,0.07324418707670471,680033
math_5unit_participation,RandomForest,0.1578947368421052,0.07324418707670471,680033
math_5unit_participation,RandomForest,0.0,0.02676006985751123,680066
math_5unit_participation,RandomForest,0.0,0.02676006985751123,680066
math_5unit_participation,RandomForest,0.0,0.02676006985751123,680066
math_5unit_participation,RandomForest,0.0,0.02676006985751123,680066
math_5unit_participation,RandomForest,0.0,0.025280658164579542,680108
math_5unit_participation,RandomForest,0.0,0.025280658164579542,680108
math_5unit_participation,RandomForest,0.0,0.025280658164579542,680108
math_5unit_participation,RandomForest,0.0,0.025280658164579542,680108
math_5unit_participation,RandomForest,0.0821917808219178,0.06297023754440308,770057
math_5unit_participation,RandomForest,0.072289156626506,0.06297023754440308,770057
math_5unit_participation,RandomForest,0.072463768115942,0.06297023754440308,770057
math_5unit_participation,RandomForest,0.0857142857142857,0.06297023754440308,770057
math_5unit_participation,RandomForest,0.1393034825870646,0.1498853140607249,770065
math_5unit_participation,RandomForest,0.1674008810572687,0.1498853140607249,770065
math_5unit_participation,RandomForest,0.1884615384615384,0.1498853140607249,770065
math_5unit_participation,RandomForest,0.1583011583011583,0.1498853140607249,770065
math_5unit_participation,RandomForest,0.1767676767676767,0.14828412415972264,770073
math_5unit_participation,RandomForest,0.2019230769230769,0.14828412415972264,770073
math_5unit_participation,RandomForest,0.205607476635514,0.14828412415972264,770073
math_5unit_participation,RandomForest,0.2052631578947368,0.14828412415972264,770073
math_5unit_participation,RandomForest,0.0,0.02523121978764201,770222
math_5unit_participation,RandomForest,0.0,0.02523121978764201,770222
math_5unit_participation,RandomForest,0.0,0.02523121978764201,770222
math_5unit_participation,RandomForest,0.0,0.02523121978764201,770222
math_5unit_participation,RandomForest,0.196078431372549,0.20388244235230363,770297
math_5unit_participation,RandomForest,0.1987951807228915,0.20388244235230363,770297
math_5unit_participation,RandomForest,0.1677419354838709,0.20388244235230363,770297
math_5unit_participation,RandomForest,0.2091836734693877,0.20388244235230363,770297
math_5unit_participation,RandomForest,0.2,0.16408981575342751,770305
math_5unit_participation,RandomForest,0.1494252873563218,0.16408981575342751,770305
math_5unit_participation,RandomForest,0.1415094339622641,0.16408981575342751,770305
math_5unit_participation,RandomForest,0.203883495145631,0.16408981575342751,770305
math_5unit_participation,RandomForest,0.0833333333333333,0.08189949027207587,770396
math_5unit_participation,RandomForest,0.047945205479452,0.08189949027207587,770396
math_5unit_participation,RandomForest,0.0681818181818181,0.08189949027207587,770396
math_5unit_participation,RandomForest,0.0546875,0.08189949027207587,770396
math_5unit_participation,RandomForest,0.0,0.045457534755930576,770412
math_5unit_participation,RandomForest,0.0,0.045457534755930576,770412
math_5unit_participation,RandomForest,0.0,0.045457534755930576,770412
math_5unit_participation,RandomForest,0.0,0.045457534755930576,770412
math_5unit_participation,RandomForest,0.2310344827586206,0.17167194268175884,770453
math_5unit_participation,RandomForest,0.164516129032258,0.17167194268175884,770453
math_5unit_participation,RandomForest,0.2724252491694352,0.17167194268175884,770453
math_5unit_participation,RandomForest,0.2418032786885245,0.17167194268175884,770453
math_5unit_participation,RandomForest,0.2205882352941176,0.12920138819888077,770461
math_5unit_participation,RandomForest,0.2732919254658385,0.12920138819888077,770461
math_5unit_participation,RandomForest,0.3137254901960784,0.12920138819888077,770461
math_5unit_participation,RandomForest,0.2611111111111111,0.12920138819888077,770461
math_5unit_participation,RandomForest,0.0,0.0427587272792516,770495
math_5unit_participation,RandomForest,0.0,0.0427587272792516,770495
math_5unit_participation,RandomForest,0.0,0.0427587272792516,770495
math_5unit_participation,RandomForest,0.1333333333333333,0.0427587272792516,770495
math_5unit_participation,RandomForest,0.0,0.03416468485332364,770503
math_5unit_participation,RandomForest,0.0,0.03416468485332364,770503
math_5unit_participation,RandomForest,0.0,0.03416468485332364,770503
math_5unit_participation,RandomForest,0.0,0.03416468485332364,770503
math_5unit_participation,RandomForest,0.1923076923076923,0.11293503433822728,770552
math_5unit_participation,RandomForest,0.1476510067114094,0.11293503433822728,770552
math_5unit_participation,RandomForest,0.1666666666666666,0.11293503433822728,770552
math_5unit_participation,RandomForest,0.2267441860465116,0.11293503433822728,770552
math_5unit_participation,RandomForest,0.0684931506849315,0.11376445923973583,770586
math_5unit_participation,RandomForest,0.0955882352941176,0.11376445923973583,770586
math_5unit_participation,RandomForest,0.1420118343195266,0.11376445923973583,770586
math_5unit_participation,RandomForest,0.14375,0.11376445923973583,770586
math_5unit_participation,RandomForest,0.0886075949367088,0.038970636822548255,770602
math_5unit_participation,RandomForest,0.0,0.038970636822548255,770602
math_5unit_participation,RandomForest,0.0746268656716417,0.038970636822548255,770602
math_5unit_participation,RandomForest,0.0813953488372093,0.038970636822548255,770602
math_5unit_participation,RandomForest,0.0,0.03089019784770164,770727
math_5unit_participation,RandomForest,0.0,0.03089019784770164,770727
math_5unit_participation,RandomForest,0.0,0.03089019784770164,770727
math_5unit_participation,RandomForest,0.0,0.03089019784770164,770727
math_5unit_participation,RandomForest,0.0,0.03324997193916891,770768
math_5unit_participation,RandomForest,0.0,0.03324997193916891,770768
math_5unit_participation,RandomForest,0.0,0.03324997193916891,770768
math_5unit_participation,RandomForest,0.0,0.03324997193916891,770768
math_5unit_participation,RandomForest,0.072463768115942,0.07891403441284547,770776
math_5unit_participation,RandomForest,0.0,0.07891403441284547,770776
math_5unit_participation,RandomForest,0.0,0.07891403441284547,770776
math_5unit_participation,RandomForest,0.1129032258064516,0.07891403441284547,770776
math_5unit_participation,RandomForest,0.2307692307692307,0.05972388568869735,770784
math_5unit_participation,RandomForest,0.1515151515151515,0.05972388568869735,770784
math_5unit_participation,RandomForest,0.0,0.05972388568869735,770784
math_5unit_participation,RandomForest,0.1590909090909091,0.05972388568869735,770784
math_5unit_participation,RandomForest,0.0619469026548672,0.11888681173612041,770826
math_5unit_participation,RandomForest,0.1016042780748663,0.11888681173612041,770826
math_5unit_participation,RandomForest,0.0954545454545454,0.11888681173612041,770826
math_5unit_participation,RandomForest,0.073170731707317,0.11888681173612041,770826
math_5unit_participation,RandomForest,0.0,0.029858761164430446,770834
math_5unit_participation,RandomForest,0.0,0.029858761164430446,770834
math_5unit_participation,RandomForest,0.0,0.029858761164430446,770834
math_5unit_participation,RandomForest,0.0,0.029858761164430446,770834
math_5unit_participation,RandomForest,0.25,0.22730209800130133,770842
math_5unit_participation,RandomForest,0.2636655948553054,0.22730209800130133,770842
math_5unit_participation,RandomForest,0.2748344370860927,0.22730209800130133,770842
math_5unit_participation,RandomForest,0.2733118971061093,0.22730209800130133,770842
math_5unit_participation,RandomForest,0.0764331210191082,0.12223951615522667,770859
math_5unit_participation,RandomForest,0.0679012345679012,0.12223951615522667,770859
math_5unit_participation,RandomForest,0.0878048780487804,0.12223951615522667,770859
math_5unit_participation,RandomForest,0.123076923076923,0.12223951615522667,770859
math_5unit_participation,RandomForest,0.1840796019900497,0.18012260014715423,770875
math_5unit_participation,RandomForest,0.2751322751322751,0.18012260014715423,770875
math_5unit_participation,RandomForest,0.2326732673267326,0.18012260014715423,770875
math_5unit_participation,RandomForest,0.227027027027027,0.18012260014715423,770875
math_5unit_participation,RandomForest,0.0,0.0996016573793053,770941
math_5unit_participation,RandomForest,0.1041666666666666,0.0996016573793053,770941
math_5unit_participation,RandomForest,0.1688311688311688,0.0996016573793053,770941
math_5unit_participation,RandomForest,0.146067415730337,0.0996016573793053,770941
math_5unit_participation,RandomForest,0.0,0.01039170235034123,771030
math_5unit_participation,RandomForest,0.0,0.01039170235034123,771030
math_5unit_participation,RandomForest,0.0,0.01039170235034123,771030
math_5unit_participation,RandomForest,0.0,0.01039170235034123,771030
math_5unit_participation,RandomForest,0.2123287671232876,0.19578310152373132,771071
math_5unit_participation,RandomForest,0.1818181818181818,0.19578310152373132,771071
math_5unit_participation,RandomForest,0.1822222222222222,0.19578310152373132,771071
math_5unit_participation,RandomForest,0.2314410480349345,0.19578310152373132,771071
math_5unit_participation,RandomForest,0.0,0.12035742925633337,771089
math_5unit_participation,RandomForest,0.0,0.12035742925633337,771089
math_5unit_participation,RandomForest,0.0961538461538461,0.12035742925633337,771089
math_5unit_participation,RandomForest,0.108695652173913,0.12035742925633337,771089
math_5unit_participation,RandomForest,0.0,0.026222661240649304,771105
math_5unit_participation,RandomForest,0.0,0.026222661240649304,771105
math_5unit_participation,RandomForest,0.0,0.026222661240649304,771105
math_5unit_participation,RandomForest,0.0,0.026222661240649304,771105
math_5unit_participation,RandomForest,0.1928571428571428,0.09761893371857201,800003
math_5unit_participation,RandomForest,0.1564625850340136,0.09761893371857201,800003
math_5unit_participation,RandomForest,0.2016806722689075,0.09761893371857201,800003
math_5unit_participation,RandomForest,0.237037037037037,0.09761893371857201,800003
math_5unit_participation,RandomForest,0.0472440944881889,0.06591995119658577,800037
math_5unit_participation,RandomForest,0.0559006211180124,0.06591995119658577,800037
math_5unit_participation,RandomForest,0.0,0.06591995119658577,800037
math_5unit_participation,RandomForest,0.0956521739130434,0.06591995119658577,800037
math_5unit_participation,RandomForest,0.0804597701149425,0.09520439273304108,800052
math_5unit_participation,RandomForest,0.0378151260504201,0.09520439273304108,800052
math_5unit_participation,RandomForest,0.1,0.09520439273304108,800052
math_5unit_participation,RandomForest,0.0992647058823529,0.09520439273304108,800052
math_5unit_participation,RandomForest,0.0472972972972973,0.09875639573226305,800060
math_5unit_participation,RandomForest,0.0432098765432098,0.09875639573226305,800060
math_5unit_participation,RandomForest,0.0666666666666666,0.09875639573226305,800060
math_5unit_participation,RandomForest,0.1,0.09875639573226305,800060
math_5unit_participation,RandomForest,0.0614035087719298,0.110448099630231,800078
math_5unit_participation,RandomForest,0.0,0.110448099630231,800078
math_5unit_participation,RandomForest,0.0792079207920792,0.110448099630231,800078
math_5unit_participation,RandomForest,0.0909090909090909,0.110448099630231,800078
math_5unit_participation,RandomForest,0.0619047619047619,0.10401166256434607,800086
math_5unit_participation,RandomForest,0.1258741258741259,0.10401166256434607,800086
math_5unit_participation,RandomForest,0.1259259259259259,0.10401166256434607,800086
math_5unit_participation,RandomForest,0.1403508771929824,0.10401166256434607,800086
math_5unit_participation,RandomForest,0.0529100529100529,0.0724977903813342,800094
math_5unit_participation,RandomForest,0.0924855491329479,0.0724977903813342,800094
math_5unit_participation,RandomForest,0.0686274509803921,0.0724977903813342,800094
math_5unit_participation,RandomForest,0.094059405940594,0.0724977903813342,800094
math_5unit_participation,RandomForest,0.0717703349282296,0.06491187267341372,800102
math_5unit_participation,RandomForest,0.0,0.06491187267341372,800102
math_5unit_participation,RandomForest,0.0717703349282296,0.06491187267341372,800102
math_5unit_participation,RandomForest,0.0535714285714285,0.06491187267341372,800102
math_5unit_participation,RandomForest,0.0,0.07520849354843874,800110
math_5unit_participation,RandomForest,0.0,0.07520849354843874,800110
math_5unit_participation,RandomForest,0.1166666666666666,0.11334849499862125,800128
math_5unit_participation,RandomForest,0.0955882352941176,0.11334849499862125,800128
math_5unit_participation,RandomForest,0.1533333333333333,0.11334849499862125,800128
math_5unit_participation,RandomForest,0.1533333333333333,0.11334849499862125,800128
math_5unit_participation,RandomForest,0.0773480662983425,0.10767247938870969,800136
math_5unit_participation,RandomForest,0.1123595505617977,0.10767247938870969,800136
math_5unit_participation,RandomForest,0.0919540229885057,0.10767247938870969,800136
math_5unit_participation,RandomForest,0.1071428571428571,0.10767247938870969,800136
math_5unit_participation,RandomForest,0.0,0.04012357538054771,800144
math_5unit_participation,RandomForest,0.0,0.04012357538054771,800144
math_5unit_participation,RandomForest,0.0,0.04012357538054771,800144
math_5unit_participation,RandomForest,0.0,0.04012357538054771,800144
math_5unit_participation,RandomForest,0.2222222222222222,0.0780709216463629,841213
math_5unit_participation,RandomForest,0.0,0.0780709216463629,841213
math_5unit_participation,RandomForest,0.1428571428571428,0.0780709216463629,841213
math_5unit_participation,RandomForest,0.1851851851851851,0.0780709216463629,841213
math_5unit_participation,RandomForest,0.0,0.012582600127128916,841247
math_5unit_participation,RandomForest,0.0,0.012582600127128916,841247
math_5unit_participation,RandomForest,0.0,0.012582600127128916,841247
math_5unit_participation,RandomForest,0.0,0.012582600127128916,841247
math_5unit_participation,RandomForest,0.1271186440677966,0.19455279582620585,841254
math_5unit_participation,RandomForest,0.1512605042016806,0.19455279582620585,841254
math_5unit_participation,RandomForest,0.1515151515151515,0.19455279582620585,841254
math_5unit_participation,RandomForest,0.2155172413793103,0.19455279582620585,841254
math_5unit_participation,RandomForest,0.1443298969072164,0.14054775675345207,841262
math_5unit_participation,RandomForest,0.116504854368932,0.14054775675345207,841262
math_5unit_participation,RandomForest,0.125,0.14054775675345207,841262
math_5unit_participation,RandomForest,0.1180555555555555,0.14054775675345207,841262
math_5unit_participation,RandomForest,0.226775956284153,0.15328460400183103,844076
math_5unit_participation,RandomForest,0.1783783783783784,0.15328460400183103,844076
math_5unit_participation,RandomForest,0.2126436781609195,0.15328460400183103,844076
math_5unit_participation,RandomForest,0.2239583333333333,0.15328460400183103,844076
math_5unit_participation,RandomForest,0.0,0.1211957306228641,860361
math_5unit_participation,RandomForest,0.0,0.1211957306228641,860361
math_5unit_participation,RandomForest,0.0,0.1211957306228641,860361
math_5unit_participation,RandomForest,0.0,0.1211957306228641,860361
math_5unit_participation,RandomForest,0.0,0.052529883525450016,900076
math_5unit_participation,RandomForest,0.0,0.052529883525450016,900076
math_5unit_participation,RandomForest,0.0,0.052529883525450016,900076
math_5unit_participation,RandomForest,0.0,0.052529883525450016,900076
english_5unit_participation,RandomForest,0.0,0.1877670010523874,120238
english_5unit_participation,RandomForest,0.0,0.1877670010523874,120238
english_5unit_participation,RandomForest,0.0,0.1877670010523874,120238
english_5unit_participation,RandomForest,0.0,0.1877670010523874,120238
english_5unit_participation,RandomForest,0.8559322033898306,0.6128429334753676,140012
english_5unit_participation,RandomForest,0.8129496402877698,0.6128429334753676,140012
english_5unit_participation,RandomForest,0.9230769230769232,0.6128429334753676,140012
english_5unit_participation,RandomForest,0.8699186991869918,0.6128429334753676,140012
english_5unit_participation,RandomForest,0.7037037037037037,0.4220134146604534,140038
english_5unit_participation,RandomForest,0.7777777777777778,0.4220134146604534,140038
english_5unit_participation,RandomForest,0.4444444444444444,0.4220134146604534,140038
english_5unit_participation,RandomForest,1.0,0.4220134146604534,140038
english_5unit_participation,RandomForest,0.5460992907801419,0.5719323412413133,140046
english_5unit_participation,RandomForest,0.4928571428571429,0.5719323412413133,140046
english_5unit_participation,RandomForest,0.6357142857142857,0.5719323412413133,140046
english_5unit_participation,RandomForest,0.6266666666666667,0.5719323412413133,140046
english_5unit_participation,RandomForest,0.9032258064516128,0.7450053783487026,140053
english_5unit_participation,RandomForest,0.9166666666666666,0.7450053783487026,140053
english_5unit_participation,RandomForest,1.0,0.7450053783487026,140053
english_5unit_participation,RandomForest,1.0,0.7450053783487026,140053
english_5unit_participation,RandomForest,0.9621621621621622,0.7846424057562926,140061
english_5unit_participation,RandomForest,0.9709302325581396,0.7846424057562926,140061
english_5unit_participation,RandomForest,1.0,0.7846424057562926,140061
english_5unit_participation,RandomForest,1.0,0.7846424057562926,140061
english_5unit_participation,RandomForest,0.6068376068376068,0.5467109054577052,140079
english_5unit_participation,RandomForest,0.6016260162601627,0.5467109054577052,140079
english_5unit_participation,RandomForest,0.4824561403508772,0.5467109054577052,140079
english_5unit_participation,RandomForest,0.6285714285714286,0.5467109054577052,140079
english_5unit_participation,RandomForest,0.4385964912280701,0.5798913292386478,140087
english_5unit_participation,RandomForest,0.48,0.5798913292386478,140087
english_5unit_participation,RandomForest,0.4459459459459459,0.5798913292386478,140087
english_5unit_participation,RandomForest,0.4594594594594595,0.5798913292386478,140087
english_5unit_participation,RandomForest,0.425287356321839,0.27997778930237716,140095
english_5unit_participation,RandomForest,0.5802469135802469,0.27997778930237716,140095
english_5unit_participation,RandomForest,0.5,0.27997778930237716,140095
english_5unit_participation,RandomForest,0.6349206349206349,0.27997778930237716,140095
english_5unit_participation,RandomForest,0.9461883408071748,0.7176358995189906,140103
english_5unit_participation,RandomForest,0.8982300884955752,0.7176358995189906,140103
english_5unit_participation,RandomForest,0.9478260869565216,0.7176358995189906,140103
english_5unit_participation,RandomForest,0.9392523364485982,0.7176358995189906,140103
english_5unit_participation,RandomForest,0.2736842105263158,0.36129226243756757,140129
english_5unit_participation,RandomForest,0.3,0.36129226243756757,140129
english_5unit_participation,RandomForest,0.2191780821917808,0.36129226243756757,140129
english_5unit_participation,RandomForest,0.2638888888888889,0.36129226243756757,140129
english_5unit_participation,RandomForest,0.711864406779661,0.43638600794972243,140137
english_5unit_participation,RandomForest,0.6075949367088608,0.43638600794972243,140137
english_5unit_participation,RandomForest,0.7222222222222222,0.43638600794972243,140137
english_5unit_participation,RandomForest,0.7272727272727273,0.43638600794972243,140137
english_5unit_participation,RandomForest,0.7272727272727273,0.7848206064171916,140145
english_5unit_participation,RandomForest,0.8899082568807339,0.7848206064171916,140145
english_5unit_participation,RandomForest,0.7657657657657657,0.7848206064171916,140145
english_5unit_participation,RandomForest,0.9150943396226416,0.7848206064171916,140145
english_5unit_participation,RandomForest,0.4805194805194805,0.73726348530963,140160
english_5unit_participation,RandomForest,0.4666666666666667,0.73726348530963,140160
english_5unit_participation,RandomForest,0.4558823529411764,0.73726348530963,140160
english_5unit_participation,RandomForest,0.4307692307692308,0.73726348530963,140160
english_5unit_participation,RandomForest,0.7407407407407407,0.703267928417121,140186
english_5unit_participation,RandomForest,0.6829268292682927,0.703267928417121,140186
english_5unit_participation,RandomForest,0.717948717948718,0.703267928417121,140186
english_5unit_participation,RandomForest,0.7669902912621359,0.703267928417121,140186
english_5unit_participation,RandomForest,0.1739130434782608,0.23068392791423764,140202
english_5unit_participation,RandomForest,0.3023255813953488,0.23068392791423764,140202
english_5unit_participation,RandomForest,0.2622950819672131,0.23068392791423764,140202
english_5unit_participation,RandomForest,0.2321428571428571,0.23068392791423764,140202
english_5unit_participation,RandomForest,0.8805970149253731,0.7072180012439058,140236
english_5unit_participation,RandomForest,1.0,0.7072180012439058,140236
english_5unit_participation,RandomForest,0.918032786885246,0.7072180012439058,140236
english_5unit_participation,RandomForest,1.0,0.7072180012439058,140236
english_5unit_participation,RandomForest,0.0,0.31421669698439814,140251
english_5unit_participation,RandomForest,0.0,0.31421669698439814,140251
english_5unit_participation,RandomForest,0.0,0.31421669698439814,140251
english_5unit_participation,RandomForest,0.5,0.31421669698439814,140251
english_5unit_participation,RandomForest,0.0,0.24301224953695455,140269
english_5unit_participation,RandomForest,0.0,0.24301224953695455,140269
english_5unit_participation,RandomForest,0.1159420289855072,0.24301224953695455,140269
english_5unit_participation,RandomForest,0.0,0.24301224953695455,140269
english_5unit_participation,RandomForest,0.3125,0.30903033344805814,140277
english_5unit_participation,RandomForest,0.3859649122807017,0.30903033344805814,140277
english_5unit_participation,RandomForest,0.4915254237288136,0.30903033344805814,140277
english_5unit_participation,RandomForest,0.5571428571428572,0.30903033344805814,140277
english_5unit_participation,RandomForest,0.0,0.061079886998993894,140434
english_5unit_participation,RandomForest,0.0,0.061079886998993894,140434
english_5unit_participation,RandomForest,0.3035714285714285,0.5094726547884634,140491
english_5unit_participation,RandomForest,0.2686567164179104,0.5094726547884634,140491
english_5unit_participation,RandomForest,0.3939393939393939,0.5094726547884634,140491
english_5unit_participation,RandomForest,0.42,0.5094726547884634,140491
english_5unit_participation,RandomForest,0.4285714285714285,0.14856116000443084,140525
english_5unit_participation,RandomForest,0.5652173913043478,0.14856116000443084,140525
english_5unit_participation,RandomForest,1.0,0.14856116000443084,140525
english_5unit_participation,RandomForest,0.5882352941176471,0.14856116000443084,140525
english_5unit_participation,RandomForest,0.5760869565217391,0.374307620797682,140665
english_5unit_participation,RandomForest,0.3707865168539326,0.374307620797682,140665
english_5unit_participation,RandomForest,0.51,0.374307620797682,140665
english_5unit_participation,RandomForest,0.5051546391752577,0.374307620797682,140665
english_5unit_participation,RandomForest,0.6319444444444444,0.7163786203531469,140723
english_5unit_participation,RandomForest,0.6715328467153284,0.7163786203531469,140723
english_5unit_participation,RandomForest,0.7241379310344828,0.7163786203531469,140723
english_5unit_participation,RandomForest,0.7162162162162162,0.7163786203531469,140723
english_5unit_participation,RandomForest,0.2307692307692307,0.4128572191490887,140731
english_5unit_participation,RandomForest,0.2549019607843137,0.4128572191490887,140731
english_5unit_participation,RandomForest,0.3161764705882353,0.4128572191490887,140731
english_5unit_participation,RandomForest,0.5272727272727272,0.4128572191490887,140731
english_5unit_participation,RandomForest,0.6052631578947368,0.7028798395158737,140764
english_5unit_participation,RandomForest,0.55,0.7028798395158737,140764
english_5unit_participation,RandomForest,0.7536231884057971,0.7028798395158737,140764
english_5unit_participation,RandomForest,0.7971014492753623,0.7028798395158737,140764
english_5unit_participation,RandomForest,0.9186046511627908,0.8022200793094871,140806
english_5unit_participation,RandomForest,0.7956989247311828,0.8022200793094871,140806
english_5unit_participation,RandomForest,0.8625,0.8022200793094871,140806
english_5unit_participation,RandomForest,0.8315789473684211,0.8022200793094871,140806
english_5unit_participation,RandomForest,0.0,0.2475032154756958,140848
english_5unit_participation,RandomForest,0.0,0.2475032154756958,140848
english_5unit_participation,RandomForest,0.0,0.2475032154756958,140848
english_5unit_participation,RandomForest,0.0,0.2475032154756958,140848
english_5unit_participation,RandomForest,0.391812865497076,0.44445531600182464,140863
english_5unit_participation,RandomForest,0.4886363636363636,0.44445531600182464,140863
english_5unit_participation,RandomForest,0.5813953488372093,0.44445531600182464,140863
english_5unit_participation,RandomForest,0.5739644970414202,0.44445531600182464,140863
english_5unit_participation,RandomForest,0.0,0.2403755786930612,140871
english_5unit_participation,RandomForest,0.2068965517241379,0.2403755786930612,140871
english_5unit_participation,RandomForest,0.35,0.2403755786930612,140871
english_5unit_participation,RandomForest,0.2619047619047619,0.2403755786930612,140871
english_5unit_participation,RandomForest,0.725925925925926,0.6338953498463985,140913
english_5unit_participation,RandomForest,1.0,0.6338953498463985,140913
english_5unit_participation,RandomForest,0.9264705882352942,0.6338953498463985,140913
english_5unit_participation,RandomForest,0.8888888888888888,0.6338953498463985,140913
english_5unit_participation,RandomForest,0.3478260869565217,0.5967823393932642,140939
english_5unit_participation,RandomForest,0.3,0.5967823393932642,140939
english_5unit_participation,RandomForest,0.375,0.5967823393932642,140939
english_5unit_participation,RandomForest,0.3720930232558139,0.5967823393932642,140939
english_5unit_participation,RandomForest,0.5555555555555556,0.5095905114296161,140954
english_5unit_participation,RandomForest,0.5666666666666667,0.5095905114296161,140954
english_5unit_participation,RandomForest,0.40625,0.5095905114296161,140954
english_5unit_participation,RandomForest,0.4411764705882353,0.5095905114296161,140954
english_5unit_participation,RandomForest,0.5952380952380952,0.7043453258101319,140962
english_5unit_participation,RandomForest,0.5921052631578947,0.7043453258101319,140962
english_5unit_participation,RandomForest,0.7105263157894737,0.7043453258101319,140962
english_5unit_participation,RandomForest,0.6853932584269663,0.7043453258101319,140962
english_5unit_participation,RandomForest,0.5214285714285715,0.5112772414050444,140970
english_5unit_participation,RandomForest,0.553030303030303,0.5112772414050444,140970
english_5unit_participation,RandomForest,0.546875,0.5112772414050444,140970
english_5unit_participation,RandomForest,0.41875,0.5112772414050444,140970
english_5unit_participation,RandomForest,0.6086956521739131,0.4313528218686974,141010
english_5unit_participation,RandomForest,0.25,0.4313528218686974,141010
english_5unit_participation,RandomForest,0.25,0.4313528218686974,141010
english_5unit_participation,RandomForest,0.6153846153846154,0.4313528218686974,141010
english_5unit_participation,RandomForest,0.65,0.6969000830445777,141028
english_5unit_participation,RandomForest,0.7413793103448276,0.6969000830445777,141028
english_5unit_participation,RandomForest,0.6623376623376623,0.6969000830445777,141028
english_5unit_participation,RandomForest,0.711864406779661,0.6969000830445777,141028
english_5unit_participation,RandomForest,0.4,0.6210342011167264,141101
english_5unit_participation,RandomForest,0.44,0.6210342011167264,141101
english_5unit_participation,RandomForest,0.515625,0.6210342011167264,141101
english_5unit_participation,RandomForest,0.4107142857142857,0.6210342011167264,141101
english_5unit_participation,RandomForest,0.0,0.08526898912126953,141119
english_5unit_participation,RandomForest,0.5454545454545454,0.3319594839365124,141168
english_5unit_participation,RandomForest,0.4864864864864865,0.3319594839365124,141168
english_5unit_participation,RandomForest,0.4634146341463415,0.3319594839365124,141168
english_5unit_participation,RandomForest,0.6111111111111112,0.3319594839365124,141168
english_5unit_participation,RandomForest,0.5238095238095238,0.4824561966292128,141176
english_5unit_participation,RandomForest,0.6179775280898876,0.4824561966292128,141176
english_5unit_participation,RandomForest,0.5377358490566038,0.4824561966292128,141176
english_5unit_participation,RandomForest,0.5909090909090909,0.4824561966292128,141176
english_5unit_participation,RandomForest,0.3333333333333333,0.24644506297486046,141291
english_5unit_participation,RandomForest,0.1851851851851851,0.24644506297486046,141291
english_5unit_participation,RandomForest,0.1904761904761904,0.24644506297486046,141291
english_5unit_participation,RandomForest,0.2040816326530612,0.24644506297486046,141291
english_5unit_participation,RandomForest,0.2474226804123711,0.398217357459413,141309
english_5unit_participation,RandomForest,0.3071428571428571,0.398217357459413,141309
english_5unit_participation,RandomForest,0.4045801526717557,0.398217357459413,141309
english_5unit_participation,RandomForest,0.358974358974359,0.398217357459413,141309
english_5unit_participation,RandomForest,0.0,0.11739835073151189,141358
english_5unit_participation,RandomForest,0.3898305084745763,0.44508547720834485,141390
english_5unit_participation,RandomForest,0.2777777777777778,0.44508547720834485,141390
english_5unit_participation,RandomForest,0.3283582089552239,0.44508547720834485,141390
english_5unit_participation,RandomForest,0.3026315789473684,0.44508547720834485,141390
english_5unit_participation,RandomForest,0.360655737704918,0.5708139674795407,141499
english_5unit_participation,RandomForest,0.5,0.5708139674795407,141499
english_5unit_participation,RandomForest,0.3,0.5708139674795407,141499
english_5unit_participation,RandomForest,0.3255813953488372,0.5708139674795407,141499
english_5unit_participation,RandomForest,0.2857142857142857,0.6925076184083042,141549
english_5unit_participation,RandomForest,0.484375,0.6925076184083042,141549
english_5unit_participation,RandomForest,0.6829268292682927,0.6925076184083042,141549
english_5unit_participation,RandomForest,0.6447368421052632,0.6925076184083042,141549
english_5unit_participation,RandomForest,0.0,0.32408417311083726,141739
english_5unit_participation,RandomForest,0.0,0.32408417311083726,141739
english_5unit_participation,RandomForest,0.1951219512195122,0.32408417311083726,141739
english_5unit_participation,RandomForest,0.25,0.32408417311083726,141739
english_5unit_participation,RandomForest,1.0,0.7082740250205791,141754
english_5unit_participation,RandomForest,1.0,0.7082740250205791,141754
english_5unit_participation,RandomForest,0.8507462686567164,0.7082740250205791,141754
english_5unit_participation,RandomForest,1.0,0.7082740250205791,141754
english_5unit_participation,RandomForest,0.0,0.21220046020911318,141853
english_5unit_participation,RandomForest,0.0,0.16068543179937797,141861
english_5unit_participation,RandomForest,0.0,0.16068543179937797,141861
english_5unit_participation,RandomForest,0.0,0.16068543179937797,141861
english_5unit_participation,RandomForest,0.4864864864864865,0.21873527394183878,141978
english_5unit_participation,RandomForest,0.72,0.21873527394183878,141978
english_5unit_participation,RandomForest,0.7027027027027027,0.21873527394183878,141978
english_5unit_participation,RandomForest,0.4871794871794871,0.21873527394183878,141978
english_5unit_participation,RandomForest,0.0,0.17883068486853537,141994
english_5unit_participation,RandomForest,0.4166666666666667,0.17883068486853537,141994
english_5unit_participation,RandomForest,0.0,0.07949039482947856,142034
english_5unit_participation,RandomForest,0.0,0.07949039482947856,142034
english_5unit_participation,RandomForest,0.0,0.07949039482947856,142034
english_5unit_participation,RandomForest,0.0,0.07949039482947856,142034
english_5unit_participation,RandomForest,0.225,0.38377423906286184,142166
english_5unit_participation,RandomForest,0.48,0.38377423906286184,142166
english_5unit_participation,RandomForest,0.2,0.38377423906286184,142166
english_5unit_participation,RandomForest,0.2142857142857142,0.38377423906286184,142166
english_5unit_participation,RandomForest,0.8461538461538461,0.4721836960747265,142174
english_5unit_participation,RandomForest,1.0,0.4721836960747265,142174
english_5unit_participation,RandomForest,1.0,0.4721836960747265,142174
english_5unit_participation,RandomForest,0.8837209302325582,0.4721836960747265,142174
english_5unit_participation,RandomForest,0.4838709677419355,0.32809931101373246,142265
english_5unit_participation,RandomForest,0.2857142857142857,0.32809931101373246,142265
english_5unit_participation,RandomForest,0.4117647058823529,0.32809931101373246,142265
english_5unit_participation,RandomForest,0.4210526315789473,0.32809931101373246,142265
english_5unit_participation,RandomForest,0.4782608695652174,0.6900251889915372,142281
english_5unit_participation,RandomForest,0.7666666666666667,0.6900251889915372,142281
english_5unit_participation,RandomForest,0.75,0.6900251889915372,142281
english_5unit_participation,RandomForest,0.6111111111111112,0.6900251889915372,142281
english_5unit_participation,RandomForest,0.0,0.04583028400002733,142323
english_5unit_participation,RandomForest,0.0,0.04583028400002733,142323
english_5unit_participation,RandomForest,0.0,0.04583028400002733,142323
english_5unit_participation,RandomForest,1.0,0.13204601618432774,142372
english_5unit_participation,RandomForest,0.4545454545454545,0.13204601618432774,142372
english_5unit_participation,RandomForest,0.625,0.13204601618432774,142372
english_5unit_participation,RandomForest,1.0,0.13204601618432774,142372
english_5unit_participation,RandomForest,1.0,0.7388706660000268,144097
english_5unit_participation,RandomForest,1.0,0.7388706660000268,144097
english_5unit_participation,RandomForest,1.0,0.7388706660000268,144097
english_5unit_participation,RandomForest,1.0,0.7388706660000268,144097
english_5unit_participation,RandomForest,0.2777777777777778,0.08856364149738978,144196
english_5unit_participation,RandomForest,0.4722222222222222,0.2332449690087581,144212
english_5unit_participation,RandomForest,0.3829787234042553,0.2332449690087581,144212
english_5unit_participation,RandomForest,0.3191489361702128,0.2332449690087581,144212
english_5unit_participation,RandomForest,0.2333333333333333,0.2332449690087581,144212
english_5unit_participation,RandomForest,0.8775510204081632,0.6619683110935779,144220
english_5unit_participation,RandomForest,0.7959183673469388,0.6619683110935779,144220
english_5unit_participation,RandomForest,1.0,0.6619683110935779,144220
english_5unit_participation,RandomForest,1.0,0.6619683110935779,144220
english_5unit_participation,RandomForest,0.7301038062283737,0.7664776542077578,144329
english_5unit_participation,RandomForest,0.8231046931407943,0.7664776542077578,144329
english_5unit_participation,RandomForest,0.8847457627118644,0.7664776542077578,144329
english_5unit_participation,RandomForest,0.8741935483870967,0.7664776542077578,144329
english_5unit_participation,RandomForest,0.2790697674418604,0.46747111172514544,144337
english_5unit_participation,RandomForest,0.1976744186046511,0.46747111172514544,144337
english_5unit_participation,RandomForest,0.3010752688172043,0.46747111172514544,144337
english_5unit_participation,RandomForest,0.3604651162790697,0.46747111172514544,144337
english_5unit_participation,RandomForest,0.5,0.5261835899392078,144428
english_5unit_participation,RandomForest,0.4754098360655737,0.5261835899392078,144428
english_5unit_participation,RandomForest,0.6410256410256411,0.5261835899392078,144428
english_5unit_participation,RandomForest,0.3684210526315789,0.5261835899392078,144428
english_5unit_participation,RandomForest,0.6036585365853658,0.6518494578464873,144501
english_5unit_participation,RandomForest,0.581039755351682,0.6518494578464873,144501
english_5unit_participation,RandomForest,0.6242038216560509,0.6518494578464873,144501
english_5unit_participation,RandomForest,0.6277777777777778,0.6518494578464873,144501
english_5unit_participation,RandomForest,0.0,0.3806589980394364,144592
english_5unit_participation,RandomForest,0.0,0.3806589980394364,144592
english_5unit_participation,RandomForest,0.0,0.3806589980394364,144592
english_5unit_participation,RandomForest,0.0,0.3806589980394364,144592
english_5unit_participation,RandomForest,0.6904761904761905,0.5354173062764697,144600
english_5unit_participation,RandomForest,0.68,0.5354173062764697,144600
english_5unit_participation,RandomForest,0.725,0.5354173062764697,144600
english_5unit_participation,RandomForest,0.7272727272727273,0.5354173062764697,144600
english_5unit_participation,RandomForest,0.5619469026548672,0.6817739024357137,144675
english_5unit_participation,RandomForest,0.6394052044609665,0.6817739024357137,144675
english_5unit_participation,RandomForest,0.5078534031413613,0.6817739024357137,144675
english_5unit_participation,RandomForest,0.6492890995260664,0.6817739024357137,144675
english_5unit_participation,RandomForest,0.6622222222222223,0.6414604819307438,144683
english_5unit_participation,RandomForest,0.7296137339055794,0.6414604819307438,144683
english_5unit_participation,RandomForest,0.7633333333333333,0.6414604819307438,144683
english_5unit_participation,RandomForest,0.7400881057268722,0.6414604819307438,144683
english_5unit_participation,RandomForest,0.5714285714285714,0.5543715496096896,144691
english_5unit_participation,RandomForest,0.4523809523809524,0.5543715496096896,144691
english_5unit_participation,RandomForest,0.4,0.5543715496096896,144691
english_5unit_participation,RandomForest,0.4333333333333333,0.5543715496096896,144691
english_5unit_participation,RandomForest,0.7397260273972602,0.6071134584568055,144717
english_5unit_participation,RandomForest,0.7352941176470589,0.6071134584568055,144717
english_5unit_participation,RandomForest,0.6484375,0.6071134584568055,144717
english_5unit_participation,RandomForest,0.743801652892562,0.6071134584568055,144717
english_5unit_participation,RandomForest,0.4579439252336448,0.6709295259106488,144741
english_5unit_participation,RandomForest,0.5048543689320388,0.6709295259106488,144741
english_5unit_participation,RandomForest,0.5877192982456141,0.6709295259106488,144741
english_5unit_participation,RandomForest,0.654639175257732,0.6709295259106488,144741
english_5unit_participation,RandomForest,0.0,0.27129010016660254,144758
english_5unit_participation,RandomForest,0.0,0.27129010016660254,144758
english_5unit_participation,RandomForest,0.0,0.27129010016660254,144758
english_5unit_participation,RandomForest,0.2413793103448276,0.27129010016660254,144758
english_5unit_participation,RandomForest,0.8333333333333334,0.5306717411669302,144766
english_5unit_participation,RandomForest,0.8085106382978723,0.5306717411669302,144766
english_5unit_participation,RandomForest,0.6444444444444445,0.5306717411669302,144766
english_5unit_participation,RandomForest,0.7,0.5306717411669302,144766
english_5unit_participation,RandomForest,0.1282051282051282,0.18993906263002028,148056
english_5unit_participation,RandomForest,0.2222222222222222,0.18993906263002028,148056
english_5unit_participation,RandomForest,0.3333333333333333,0.18993906263002028,148056
english_5unit_participation,RandomForest,0.2527472527472527,0.18993906263002028,148056
english_5unit_participation,RandomForest,0.15,0.1936597800706009,148080
english_5unit_participation,RandomForest,0.1971830985915492,0.1936597800706009,148080
english_5unit_participation,RandomForest,0.2142857142857142,0.1936597800706009,148080
english_5unit_participation,RandomForest,0.2941176470588235,0.1936597800706009,148080
english_5unit_participation,RandomForest,0.6551724137931034,0.8009479982954406,160242
english_5unit_participation,RandomForest,0.6666666666666666,0.8009479982954406,160242
english_5unit_participation,RandomForest,0.7142857142857143,0.8009479982954406,160242
english_5unit_participation,RandomForest,0.640625,0.8009479982954406,160242
english_5unit_participation,RandomForest,0.4,0.40636980565426933,160259
english_5unit_participation,RandomForest,0.5087719298245614,0.40636980565426933,160259
english_5unit_participation,RandomForest,0.3333333333333333,0.40636980565426933,160259
english_5unit_participation,RandomForest,0.3043478260869565,0.40636980565426933,160259
english_5unit_participation,RandomForest,1.0,0.5557806557128083,160416
english_5unit_participation,RandomForest,0.7142857142857143,0.5557806557128083,160416
english_5unit_participation,RandomForest,0.6666666666666666,0.5557806557128083,160416
english_5unit_participation,RandomForest,0.7692307692307693,0.5557806557128083,160416
english_5unit_participation,RandomForest,0.366120218579235,0.3549726944805491,160432
english_5unit_participation,RandomForest,0.4055555555555555,0.3549726944805491,160432
english_5unit_participation,RandomForest,0.3672316384180791,0.3549726944805491,160432
english_5unit_participation,RandomForest,0.3068181818181818,0.3549726944805491,160432
english_5unit_participation,RandomForest,0.0,0.3203881052244984,160549
english_5unit_participation,RandomForest,0.3448275862068966,0.3203881052244984,160549
english_5unit_participation,RandomForest,0.0,0.3203881052244984,160549
english_5unit_participation,RandomForest,0.2727272727272727,0.3203881052244984,160549
english_5unit_participation,RandomForest,1.0,0.574031278262295,160580
english_5unit_participation,RandomForest,1.0,0.574031278262295,160580
english_5unit_participation,RandomForest,1.0,0.574031278262295,160580
english_5unit_participation,RandomForest,0.7241379310344828,0.574031278262295,160580
english_5unit_participation,RandomForest,0.0,0.3550594804681857,160598
english_5unit_participation,RandomForest,0.0,0.3550594804681857,160598
english_5unit_participation,RandomForest,0.3061224489795918,0.3550594804681857,160598
english_5unit_participation,RandomForest,0.0,0.3550594804681857,160598
english_5unit_participation,RandomForest,0.0,0.14629897953489338,160648
english_5unit_participation,RandomForest,0.0,0.14629897953489338,160648
english_5unit_participation,RandomForest,0.2264150943396226,0.14629897953489338,160648
english_5unit_participation,RandomForest,0.0,0.14629897953489338,160648
english_5unit_participation,RandomForest,0.5578947368421052,0.6058611446383557,165852
english_5unit_participation,RandomForest,0.6448598130841121,0.6058611446383557,165852
english_5unit_participation,RandomForest,0.7258064516129032,0.6058611446383557,165852
english_5unit_participation,RandomForest,0.7446808510638298,0.6058611446383557,165852
english_5unit_participation,RandomForest,0.6984126984126984,0.18443144286321395,166769
english_5unit_participation,RandomForest,0.5,0.18443144286321395,166769
english_5unit_participation,RandomForest,0.671875,0.18443144286321395,166769
english_5unit_participation,RandomForest,0.4615384615384615,0.3939934852775537,168419
english_5unit_participation,RandomForest,0.4166666666666667,0.3939934852775537,168419
english_5unit_participation,RandomForest,0.4117647058823529,0.3939934852775537,168419
english_5unit_participation,RandomForest,0.5211267605633803,0.3939934852775537,168419
english_5unit_participation,RandomForest,0.0,0.03885685009734299,170035
english_5unit_participation,RandomForest,0.0,0.03885685009734299,170035
english_5unit_participation,RandomForest,0.0,0.03885685009734299,170035
english_5unit_participation,RandomForest,0.0,0.03885685009734299,170035
english_5unit_participation,RandomForest,0.625,0.48877201369717727,170043
english_5unit_participation,RandomForest,0.5428571428571428,0.48877201369717727,170043
english_5unit_participation,RandomForest,0.4473684210526316,0.48877201369717727,170043
english_5unit_participation,RandomForest,0.4137931034482758,0.48877201369717727,170043
english_5unit_participation,RandomForest,0.2911392405063291,0.36113431900505405,170092
english_5unit_participation,RandomForest,0.3934426229508196,0.36113431900505405,170092
english_5unit_participation,RandomForest,0.3625,0.36113431900505405,170092
english_5unit_participation,RandomForest,0.3253012048192771,0.36113431900505405,170092
english_5unit_participation,RandomForest,0.0,0.056780603944386276,170282
english_5unit_participation,RandomForest,0.0,0.056780603944386276,170282
english_5unit_participation,RandomForest,0.0,0.056780603944386276,170282
english_5unit_participation,RandomForest,0.0,0.056780603944386276,170282
english_5unit_participation,RandomForest,0.1764705882352941,0.17687738746222578,170514
english_5unit_participation,RandomForest,0.0,0.17687738746222578,170514
english_5unit_participation,RandomForest,0.175438596491228,0.17687738746222578,170514
english_5unit_participation,RandomForest,0.0,0.17687738746222578,170514
english_5unit_participation,RandomForest,0.3575129533678756,0.48629605276219456,170803
english_5unit_participation,RandomForest,0.3291925465838509,0.48629605276219456,170803
english_5unit_participation,RandomForest,0.2865168539325842,0.48629605276219456,170803
english_5unit_participation,RandomForest,0.4042553191489361,0.48629605276219456,170803
english_5unit_participation,RandomForest,0.0,0.12114352251368368,174391
english_5unit_participation,RandomForest,0.0,0.12114352251368368,174391
english_5unit_participation,RandomForest,0.0,0.12114352251368368,174391
english_5unit_participation,RandomForest,0.0,0.12114352251368368,174391
english_5unit_participation,RandomForest,0.0,0.22645883998846372,176149
english_5unit_participation,RandomForest,0.0,0.22645883998846372,176149
english_5unit_participation,RandomForest,0.0,0.06350953977508172,176487
english_5unit_participation,RandomForest,0.0,0.06350953977508172,176487
english_5unit_participation,RandomForest,0.0,0.06350953977508172,176487
english_5unit_participation,RandomForest,0.0,0.06350953977508172,176487
english_5unit_participation,RandomForest,0.0,0.08285011807888618,177295
english_5unit_participation,RandomForest,0.0,0.08285011807888618,177295
english_5unit_participation,RandomForest,0.0,0.08285011807888618,177295
english_5unit_participation,RandomForest,0.3980582524271844,0.44228713655542345,180018
english_5unit_participation,RandomForest,0.3448275862068966,0.44228713655542345,180018
english_5unit_participation,RandomForest,0.4890510948905109,0.44228713655542345,180018
english_5unit_participation,RandomForest,0.2456140350877192,0.44228713655542345,180018
english_5unit_participation,RandomForest,0.7037037037037037,0.4944221558652851,180034
english_5unit_participation,RandomForest,0.8536585365853658,0.4944221558652851,180034
english_5unit_participation,RandomForest,1.0,0.4944221558652851,180034
english_5unit_participation,RandomForest,0.625,0.4944221558652851,180034
english_5unit_participation,RandomForest,1.0,0.08736055329544828,184085
english_5unit_participation,RandomForest,0.0,0.17317834516490888,185157
english_5unit_participation,RandomForest,0.0,0.17317834516490888,185157
english_5unit_participation,RandomForest,0.0,0.17317834516490888,185157
english_5unit_participation,RandomForest,0.0,0.17317834516490888,185157
english_5unit_participation,RandomForest,0.3846153846153846,0.5244091078690601,186908
english_5unit_participation,RandomForest,0.574468085106383,0.5244091078690601,186908
english_5unit_participation,RandomForest,0.4,0.5244091078690601,186908
english_5unit_participation,RandomForest,0.4883720930232558,0.5244091078690601,186908
english_5unit_participation,RandomForest,0.2888888888888888,0.5007030318281127,189001
english_5unit_participation,RandomForest,0.1891891891891892,0.5007030318281127,189001
english_5unit_participation,RandomForest,0.4042553191489361,0.5007030318281127,189001
english_5unit_participation,RandomForest,0.3220338983050847,0.09927036637673624,189076
english_5unit_participation,RandomForest,0.2741935483870967,0.09927036637673624,189076
english_5unit_participation,RandomForest,0.3333333333333333,0.09927036637673624,189076
english_5unit_participation,RandomForest,0.3870967741935484,0.09927036637673624,189076
english_5unit_participation,RandomForest,0.0,0.14221933617489763,189084
english_5unit_participation,RandomForest,0.0,0.14221933617489763,189084
english_5unit_participation,RandomForest,0.0,0.14221933617489763,189084
english_5unit_participation,RandomForest,0.0,0.031081577769064457,189092
english_5unit_participation,RandomForest,0.0,0.031081577769064457,189092
english_5unit_participation,RandomForest,0.6964285714285714,0.4831156623224082,193185
english_5unit_participation,RandomForest,0.6086956521739131,0.4831156623224082,193185
english_5unit_participation,RandomForest,0.6634615384615384,0.4831156623224082,193185
english_5unit_participation,RandomForest,0.7571428571428571,0.4831156623224082,193185
english_5unit_participation,RandomForest,0.0,0.2588632207835598,199109
english_5unit_participation,RandomForest,0.24,0.2588632207835598,199109
english_5unit_participation,RandomForest,0.2571428571428571,0.2588632207835598,199109
english_5unit_participation,RandomForest,0.3953488372093023,0.2588632207835598,199109
english_5unit_participation,RandomForest,0.1964285714285714,0.36469836063574773,214007
english_5unit_participation,RandomForest,0.1794871794871795,0.36469836063574773,214007
english_5unit_participation,RandomForest,0.3333333333333333,0.36469836063574773,214007
english_5unit_participation,RandomForest,0.2549019607843137,0.36469836063574773,214007
english_5unit_participation,RandomForest,0.7058823529411765,0.20652386337849638,214098
english_5unit_participation,RandomForest,0.5454545454545454,0.20652386337849638,214098
english_5unit_participation,RandomForest,0.3928571428571428,0.20652386337849638,214098
english_5unit_participation,RandomForest,0.2181818181818181,0.20652386337849638,214098
english_5unit_participation,RandomForest,0.2236842105263158,0.1866474454589486,214262
english_5unit_participation,RandomForest,0.1777777777777777,0.36843417564136804,227694
english_5unit_participation,RandomForest,0.35,0.36843417564136804,227694
english_5unit_participation,RandomForest,0.2571428571428571,0.36843417564136804,227694
english_5unit_participation,RandomForest,0.303030303030303,0.36843417564136804,227694
english_5unit_participation,RandomForest,0.5161290322580645,0.3085698523634207,234021
english_5unit_participation,RandomForest,0.3870967741935484,0.3085698523634207,234021
english_5unit_participation,RandomForest,0.3720930232558139,0.3085698523634207,234021
english_5unit_participation,RandomForest,0.6774193548387096,0.3085698523634207,234021
english_5unit_participation,RandomForest,0.6470588235294118,0.7078417519062193,237354
english_5unit_participation,RandomForest,0.8117647058823529,0.7078417519062193,237354
english_5unit_participation,RandomForest,0.797979797979798,0.7078417519062193,237354
english_5unit_participation,RandomForest,0.851063829787234,0.7078417519062193,237354
english_5unit_participation,RandomForest,0.6938775510204082,0.49106684850800664,238121
english_5unit_participation,RandomForest,0.6323529411764706,0.49106684850800664,238121
english_5unit_participation,RandomForest,0.7413793103448276,0.49106684850800664,238121
english_5unit_participation,RandomForest,0.6595744680851063,0.49106684850800664,238121
english_5unit_participation,RandomForest,1.0,0.13575414426943394,238527
english_5unit_participation,RandomForest,1.0,0.13575414426943394,238527
english_5unit_participation,RandomForest,0.2894736842105263,0.3642190201813371,240010
english_5unit_participation,RandomForest,0.3506493506493506,0.3642190201813371,240010
english_5unit_participation,RandomForest,0.4181818181818181,0.3642190201813371,240010
english_5unit_participation,RandomForest,0.329608938547486,0.3642190201813371,240010
english_5unit_participation,RandomForest,0.0,0.28603257697993434,240036
english_5unit_participation,RandomForest,0.2459016393442623,0.28603257697993434,240036
english_5unit_participation,RandomForest,0.4285714285714285,0.28603257697993434,240036
english_5unit_participation,RandomForest,0.3333333333333333,0.28603257697993434,240036
english_5unit_participation,RandomForest,0.1785714285714285,0.2763792291038942,240051
english_5unit_participation,RandomForest,0.1463414634146341,0.2763792291038942,240051
english_5unit_participation,RandomForest,0.1914893617021276,0.2763792291038942,240051
english_5unit_participation,RandomForest,0.2241379310344827,0.2763792291038942,240051
english_5unit_participation,RandomForest,0.2264150943396226,0.2756967539951335,240077
english_5unit_participation,RandomForest,0.2959183673469387,0.2756967539951335,240077
english_5unit_participation,RandomForest,0.2072072072072072,0.2756967539951335,240077
english_5unit_participation,RandomForest,0.3333333333333333,0.2756967539951335,240077
english_5unit_participation,RandomForest,0.6,0.39266086950559886,240085
english_5unit_participation,RandomForest,0.391304347826087,0.39266086950559886,240085
english_5unit_participation,RandomForest,0.32,0.39266086950559886,240085
english_5unit_participation,RandomForest,0.375,0.39266086950559886,240085
english_5unit_participation,RandomForest,0.3560209424083769,0.33758469815731623,240093
english_5unit_participation,RandomForest,0.3117647058823529,0.33758469815731623,240093
english_5unit_participation,RandomForest,0.4390243902439024,0.33758469815731623,240093
english_5unit_participation,RandomForest,0.4052863436123348,0.33758469815731623,240093
english_5unit_participation,RandomForest,0.3272727272727272,0.3283337857981488,240127
english_5unit_participation,RandomForest,0.375,0.3283337857981488,240127
english_5unit_participation,RandomForest,0.1785714285714285,0.3283337857981488,240127
english_5unit_participation,RandomForest,0.2,0.3283337857981488,240127
english_5unit_participation,RandomForest,0.490566037735849,0.5944823905139256,240176
english_5unit_participation,RandomForest,0.6428571428571429,0.5944823905139256,240176
english_5unit_participation,RandomForest,0.4883720930232558,0.5944823905139256,240176
english_5unit_participation,RandomForest,0.5454545454545454,0.5944823905139256,240176
english_5unit_participation,RandomForest,0.231638418079096,0.3161934594569442,240192
english_5unit_participation,RandomForest,0.4210526315789473,0.3161934594569442,240192
english_5unit_participation,RandomForest,0.2620320855614973,0.3161934594569442,240192
english_5unit_participation,RandomForest,0.2555555555555555,0.3161934594569442,240192
english_5unit_participation,RandomForest,0.5263157894736842,0.36455737227973684,240218
english_5unit_participation,RandomForest,0.5,0.36455737227973684,240218
english_5unit_participation,RandomForest,0.4444444444444444,0.36455737227973684,240218
english_5unit_participation,RandomForest,0.391304347826087,0.36455737227973684,240218
english_5unit_participation,RandomForest,0.0,0.2922084147687545,240234
english_5unit_participation,RandomForest,0.0,0.2922084147687545,240234
english_5unit_participation,RandomForest,0.1923076923076923,0.2922084147687545,240234
english_5unit_participation,RandomForest,0.7058823529411765,0.2922084147687545,240234
english_5unit_participation,RandomForest,0.3181818181818182,0.3072893197856859,240267
english_5unit_participation,RandomForest,0.3676470588235294,0.3072893197856859,240267
english_5unit_participation,RandomForest,0.417391304347826,0.3072893197856859,240267
english_5unit_participation,RandomForest,0.3372093023255814,0.3072893197856859,240267
english_5unit_participation,RandomForest,0.4137931034482758,0.35187287072882517,240440
english_5unit_participation,RandomForest,0.4838709677419355,0.35187287072882517,240440
english_5unit_participation,RandomForest,0.4489795918367347,0.35187287072882517,240440
english_5unit_participation,RandomForest,0.4878048780487805,0.35187287072882517,240440
english_5unit_participation,RandomForest,0.3227848101265823,0.2899508075037701,240465
english_5unit_participation,RandomForest,0.32,0.2899508075037701,240465
english_5unit_participation,RandomForest,0.3410852713178294,0.2899508075037701,240465
english_5unit_participation,RandomForest,0.3333333333333333,0.2899508075037701,240465
english_5unit_participation,RandomForest,0.6388888888888888,0.569468516252096,240481
english_5unit_participation,RandomForest,0.4475806451612903,0.569468516252096,240481
english_5unit_participation,RandomForest,0.6188925081433225,0.569468516252096,240481
english_5unit_participation,RandomForest,0.6589403973509934,0.569468516252096,240481
english_5unit_participation,RandomForest,0.4318181818181818,0.19838239427724513,240499
english_5unit_participation,RandomForest,0.419047619047619,0.19838239427724513,240499
english_5unit_participation,RandomForest,0.425531914893617,0.19838239427724513,240499
english_5unit_participation,RandomForest,0.3627450980392157,0.19838239427724513,240499
english_5unit_participation,RandomForest,0.813953488372093,0.5812279153999904,240572
english_5unit_participation,RandomForest,0.5660377358490566,0.5812279153999904,240572
english_5unit_participation,RandomForest,0.6153846153846154,0.5812279153999904,240572
english_5unit_participation,RandomForest,0.6666666666666666,0.5812279153999904,240572
english_5unit_participation,RandomForest,0.0,0.0549375759504085,240580
english_5unit_participation,RandomForest,0.5384615384615384,0.0549375759504085,240580
english_5unit_participation,RandomForest,0.0,0.0549375759504085,240580
english_5unit_participation,RandomForest,0.0,0.0549375759504085,240580
english_5unit_participation,RandomForest,0.3888888888888889,0.08279221524311263,240598
english_5unit_participation,RandomForest,0.0,0.08279221524311263,240598
english_5unit_participation,RandomForest,0.0,0.08279221524311263,240598
english_5unit_participation,RandomForest,0.0,0.08279221524311263,240598
english_5unit_participation,RandomForest,0.0,0.23163222866258684,240622
english_5unit_participation,RandomForest,0.0,0.23163222866258684,240622
english_5unit_participation,RandomForest,0.5,0.23163222866258684,240622
english_5unit_participation,RandomForest,0.0,0.0917754795956118,240630
english_5unit_participation,RandomForest,0.0,0.0917754795956118,240630
english_5unit_participation,RandomForest,0.0,0.0917754795956118,240630
english_5unit_participation,RandomForest,0.0,0.0917754795956118,240630
english_5unit_participation,RandomForest,0.5454545454545454,0.19464827607609184,240655
english_5unit_participation,RandomForest,0.0,0.19464827607609184,240655
english_5unit_participation,RandomForest,0.3461538461538461,0.19464827607609184,240655
english_5unit_participation,RandomForest,0.238095238095238,0.19464827607609184,240655
english_5unit_participation,RandomForest,0.0,0.052035357297268575,240721
english_5unit_participation,RandomForest,0.0,0.1175161240821282,240739
english_5unit_participation,RandomForest,0.0,0.1175161240821282,240739
english_5unit_participation,RandomForest,0.0,0.1175161240821282,240739
english_5unit_participation,RandomForest,0.0,0.1175161240821282,240739
english_5unit_participation,RandomForest,0.4074074074074074,0.5159637908573687,240812
english_5unit_participation,RandomForest,0.4848484848484848,0.5159637908573687,240812
english_5unit_participation,RandomForest,0.5142857142857142,0.5159637908573687,240812
english_5unit_participation,RandomForest,0.3666666666666666,0.5159637908573687,240812
english_5unit_participation,RandomForest,0.0,0.3002157868511821,240838
english_5unit_participation,RandomForest,0.0,0.3002157868511821,240838
english_5unit_participation,RandomForest,0.0,0.3002157868511821,240838
english_5unit_participation,RandomForest,0.0,0.3002157868511821,240838
english_5unit_participation,RandomForest,0.0,0.036052725836633666,241026
english_5unit_participation,RandomForest,0.0,0.036052725836633666,241026
english_5unit_participation,RandomForest,0.0,0.036052725836633666,241026
english_5unit_participation,RandomForest,0.0,0.036052725836633666,241026
english_5unit_participation,RandomForest,1.0,0.862386148482322,241067
english_5unit_participation,RandomForest,0.5238095238095238,0.862386148482322,241067
english_5unit_participation,RandomForest,0.6842105263157895,0.862386148482322,241067
english_5unit_participation,RandomForest,0.8076923076923077,0.862386148482322,241067
english_5unit_participation,RandomForest,0.3259668508287293,0.31172240239840243,242073
english_5unit_participation,RandomForest,0.348993288590604,0.31172240239840243,242073
english_5unit_participation,RandomForest,0.3478260869565217,0.31172240239840243,242073
english_5unit_participation,RandomForest,0.4217687074829932,0.31172240239840243,242073
english_5unit_participation,RandomForest,0.2545454545454545,0.2953939168545878,244103
english_5unit_participation,RandomForest,0.4666666666666667,0.2953939168545878,244103
english_5unit_participation,RandomForest,0.4186046511627907,0.2953939168545878,244103
english_5unit_participation,RandomForest,0.3684210526315789,0.2953939168545878,244103
english_5unit_participation,RandomForest,0.5,0.379547490180068,244111
english_5unit_participation,RandomForest,0.4666666666666667,0.379547490180068,244111
english_5unit_participation,RandomForest,0.425,0.379547490180068,244111
english_5unit_participation,RandomForest,0.3777777777777777,0.379547490180068,244111
english_5unit_participation,RandomForest,0.3555555555555555,0.38493731451645696,244152
english_5unit_participation,RandomForest,0.3098591549295774,0.38493731451645696,244152
english_5unit_participation,RandomForest,0.4,0.38493731451645696,244152
english_5unit_participation,RandomForest,0.4685990338164251,0.38493731451645696,244152
english_5unit_participation,RandomForest,0.2978723404255319,0.30592563256577354,244210
english_5unit_participation,RandomForest,0.2156862745098039,0.30592563256577354,244210
english_5unit_participation,RandomForest,0.1923076923076923,0.30592563256577354,244210
english_5unit_participation,RandomForest,0.1702127659574468,0.30592563256577354,244210
english_5unit_participation,RandomForest,0.4455958549222797,0.35148300872764154,244285
english_5unit_participation,RandomForest,0.5583756345177665,0.35148300872764154,244285
english_5unit_participation,RandomForest,0.5951219512195122,0.35148300872764154,244285
english_5unit_participation,RandomForest,0.6602870813397129,0.35148300872764154,244285
english_5unit_participation,RandomForest,0.1,0.13921765647743833,244343
english_5unit_participation,RandomForest,0.144927536231884,0.13921765647743833,244343
english_5unit_participation,RandomForest,0.1428571428571428,0.13921765647743833,244343
english_5unit_participation,RandomForest,0.2755102040816326,0.13921765647743833,244343
english_5unit_participation,RandomForest,0.3046875,0.35167986580722305,244368
english_5unit_participation,RandomForest,0.3014705882352941,0.35167986580722305,244368
english_5unit_participation,RandomForest,0.2847222222222222,0.35167986580722305,244368
english_5unit_participation,RandomForest,0.2732558139534883,0.35167986580722305,244368
english_5unit_participation,RandomForest,0.1428571428571428,0.35014893141333486,244384
english_5unit_participation,RandomForest,0.3559322033898305,0.35014893141333486,244384
english_5unit_participation,RandomForest,0.3384615384615385,0.35014893141333486,244384
english_5unit_participation,RandomForest,0.3571428571428571,0.35014893141333486,244384
english_5unit_participation,RandomForest,0.0,0.03809525277828006,244400
english_5unit_participation,RandomForest,0.0,0.03809525277828006,244400
english_5unit_participation,RandomForest,0.0,0.03809525277828006,244400
english_5unit_participation,RandomForest,0.0,0.03809525277828006,244400
english_5unit_participation,RandomForest,0.5581395348837209,0.6418210981172084,244483
english_5unit_participation,RandomForest,0.0,0.16310069595452306,244608
english_5unit_participation,RandomForest,0.0,0.16310069595452306,244608
english_5unit_participation,RandomForest,0.0,0.16310069595452306,244608
english_5unit_participation,RandomForest,0.0,0.16310069595452306,244608
english_5unit_participation,RandomForest,0.325,0.3446038502937203,244624
english_5unit_participation,RandomForest,0.2777777777777778,0.3446038502937203,244624
english_5unit_participation,RandomForest,0.3076923076923077,0.3446038502937203,244624
english_5unit_participation,RandomForest,0.4545454545454545,0.3446038502937203,244624
english_5unit_participation,RandomForest,0.0,0.11305583297936682,246983
english_5unit_participation,RandomForest,0.0,0.11305583297936682,246983
english_5unit_participation,RandomForest,0.0,0.11305583297936682,246983
english_5unit_participation,RandomForest,0.0,0.11305583297936682,246983
english_5unit_participation,RandomForest,0.4516129032258064,0.25136295641323464,247015
english_5unit_participation,RandomForest,0.7857142857142857,0.25136295641323464,247015
english_5unit_participation,RandomForest,0.7586206896551724,0.25136295641323464,247015
english_5unit_participation,RandomForest,0.6363636363636364,0.25136295641323464,247015
english_5unit_participation,RandomForest,0.5309734513274337,0.5246024365103015,247023
english_5unit_participation,RandomForest,0.5714285714285714,0.5246024365103015,247023
english_5unit_participation,RandomForest,0.5493827160493827,0.5246024365103015,247023
english_5unit_participation,RandomForest,0.5546875,0.5246024365103015,247023
english_5unit_participation,RandomForest,0.2434782608695652,0.27087763746584187,247031
english_5unit_participation,RandomForest,0.2786885245901639,0.27087763746584187,247031
english_5unit_participation,RandomForest,0.2589285714285714,0.27087763746584187,247031
english_5unit_participation,RandomForest,0.2521008403361344,0.27087763746584187,247031
english_5unit_participation,RandomForest,0.5789473684210527,0.5287189570744992,247049
english_5unit_participation,RandomForest,0.5897435897435898,0.5287189570744992,247049
english_5unit_participation,RandomForest,0.5670103092783505,0.5287189570744992,247049
english_5unit_participation,RandomForest,0.5625,0.5287189570744992,247049
english_5unit_participation,RandomForest,0.5726495726495726,0.516424976266109,247056
english_5unit_participation,RandomForest,0.5135135135135135,0.516424976266109,247056
english_5unit_participation,RandomForest,0.5206611570247934,0.516424976266109,247056
english_5unit_participation,RandomForest,0.5412844036697247,0.516424976266109,247056
english_5unit_participation,RandomForest,0.203125,0.16932812452265278,247064
english_5unit_participation,RandomForest,0.3108108108108108,0.16932812452265278,247064
english_5unit_participation,RandomForest,0.2586206896551724,0.16932812452265278,247064
english_5unit_participation,RandomForest,0.2467532467532467,0.16932812452265278,247064
english_5unit_participation,RandomForest,0.1914893617021276,0.21665864717426533,247072
english_5unit_participation,RandomForest,0.323943661971831,0.21665864717426533,247072
english_5unit_participation,RandomForest,0.25,0.21665864717426533,247072
english_5unit_participation,RandomForest,0.1325301204819277,0.21665864717426533,247072
english_5unit_participation,RandomForest,0.2268041237113402,0.3039026610734925,247080
english_5unit_participation,RandomForest,0.2941176470588235,0.3039026610734925,247080
english_5unit_participation,RandomForest,0.2916666666666667,0.3039026610734925,247080
english_5unit_participation,RandomForest,0.2891566265060241,0.3039026610734925,247080
english_5unit_participation,RandomForest,0.2682926829268293,0.21696123637649456,247098
english_5unit_participation,RandomForest,0.375,0.21696123637649456,247098
english_5unit_participation,RandomForest,0.3611111111111111,0.21696123637649456,247098
english_5unit_participation,RandomForest,0.46875,0.21696123637649456,247098
english_5unit_participation,RandomForest,0.3100775193798449,0.20987081583478834,247106
english_5unit_participation,RandomForest,0.2894736842105263,0.20987081583478834,247106
english_5unit_participation,RandomForest,0.3503937007874015,0.20987081583478834,247106
english_5unit_participation,RandomForest,0.3539823008849557,0.20987081583478834,247106
english_5unit_participation,RandomForest,0.0,0.1379734740554916,247122
english_5unit_participation,RandomForest,0.0833333333333333,0.1379734740554916,247122
english_5unit_participation,RandomForest,0.0612244897959183,0.1379734740554916,247122
english_5unit_participation,RandomForest,0.0902255639097744,0.1379734740554916,247122
english_5unit_participation,RandomForest,0.2521739130434782,0.15452532395077986,247130
english_5unit_participation,RandomForest,0.1162790697674418,0.15452532395077986,247130
english_5unit_participation,RandomForest,0.2446043165467626,0.15452532395077986,247130
english_5unit_participation,RandomForest,0.1732283464566929,0.15452532395077986,247130
english_5unit_participation,RandomForest,0.0444444444444444,0.11990147754435691,247163
english_5unit_participation,RandomForest,0.1848739495798319,0.11990147754435691,247163
english_5unit_participation,RandomForest,0.1626016260162601,0.11990147754435691,247163
english_5unit_participation,RandomForest,0.3407407407407407,0.11990147754435691,247163
english_5unit_participation,RandomForest,0.2898550724637681,0.275704862988474,247205
english_5unit_participation,RandomForest,0.3285714285714285,0.275704862988474,247205
english_5unit_participation,RandomForest,0.359375,0.275704862988474,247205
english_5unit_participation,RandomForest,0.5,0.275704862988474,247205
english_5unit_participation,RandomForest,0.0,0.18547403767493362,247213
english_5unit_participation,RandomForest,0.1489361702127659,0.18547403767493362,247213
english_5unit_participation,RandomForest,0.2941176470588235,0.18547403767493362,247213
english_5unit_participation,RandomForest,0.2222222222222222,0.18547403767493362,247213
english_5unit_participation,RandomForest,0.2,0.17780761695425912,247221
english_5unit_participation,RandomForest,0.1604938271604938,0.17780761695425912,247221
english_5unit_participation,RandomForest,0.21875,0.17780761695425912,247221
english_5unit_participation,RandomForest,0.2258064516129032,0.17780761695425912,247221
english_5unit_participation,RandomForest,0.0,0.11726537067119257,247239
english_5unit_participation,RandomForest,0.0930232558139534,0.10688899692894314,247247
english_5unit_participation,RandomForest,0.1,0.10688899692894314,247247
english_5unit_participation,RandomForest,0.3577981651376147,0.10688899692894314,247247
english_5unit_participation,RandomForest,0.3111111111111111,0.10688899692894314,247247
english_5unit_participation,RandomForest,0.0,0.1460824929797239,247288
english_5unit_participation,RandomForest,0.08,0.1460824929797239,247288
english_5unit_participation,RandomForest,0.0,0.1460824929797239,247288
english_5unit_participation,RandomForest,0.0945945945945946,0.1460824929797239,247288
english_5unit_participation,RandomForest,0.1176470588235294,0.20381874174230552,247296
english_5unit_participation,RandomForest,0.1797752808988764,0.20381874174230552,247296
english_5unit_participation,RandomForest,0.15,0.20381874174230552,247296
english_5unit_participation,RandomForest,0.1578947368421052,0.20381874174230552,247296
english_5unit_participation,RandomForest,0.1744186046511628,0.11477442048647492,247312
english_5unit_participation,RandomForest,0.1226415094339622,0.11477442048647492,247312
english_5unit_participation,RandomForest,0.1551724137931034,0.11477442048647492,247312
english_5unit_participation,RandomForest,0.1818181818181818,0.11477442048647492,247312
english_5unit_participation,RandomForest,0.1267605633802817,0.10993108104088808,247346
english_5unit_participation,RandomForest,0.0675675675675675,0.10993108104088808,247346
english_5unit_participation,RandomForest,0.074074074074074,0.10993108104088808,247346
english_5unit_participation,RandomForest,0.1704545454545454,0.10993108104088808,247346
english_5unit_participation,RandomForest,1.0,0.35596895150920765,247387
english_5unit_participation,RandomForest,1.0,0.35596895150920765,247387
english_5unit_participation,RandomForest,1.0,0.35596895150920765,247387
english_5unit_participation,RandomForest,1.0,0.35596895150920765,247387
english_5unit_participation,RandomForest,0.1276595744680851,0.10935641928586935,247817
english_5unit_participation,RandomForest,0.15527950310559,0.10935641928586935,247817
english_5unit_participation,RandomForest,0.1162790697674418,0.10935641928586935,247817
english_5unit_participation,RandomForest,0.1702127659574468,0.10935641928586935,247817
english_5unit_participation,RandomForest,0.1904761904761904,0.28330750978979746,247833
english_5unit_participation,RandomForest,0.2839506172839506,0.28330750978979746,247833
english_5unit_participation,RandomForest,0.392156862745098,0.28330750978979746,247833
english_5unit_participation,RandomForest,0.4137931034482758,0.28330750978979746,247833
english_5unit_participation,RandomForest,0.3285714285714285,0.12019031683993052,247858
english_5unit_participation,RandomForest,0.2828947368421052,0.12019031683993052,247858
english_5unit_participation,RandomForest,0.3900709219858156,0.12019031683993052,247858
english_5unit_participation,RandomForest,0.3984375,0.12019031683993052,247858
english_5unit_participation,RandomForest,0.13215859030837,0.2033673805524536,247866
english_5unit_participation,RandomForest,0.184931506849315,0.2033673805524536,247866
english_5unit_participation,RandomForest,0.2073170731707317,0.2033673805524536,247866
english_5unit_participation,RandomForest,0.1987577639751552,0.2033673805524536,247866
english_5unit_participation,RandomForest,0.108433734939759,0.19306134502013989,247882
english_5unit_participation,RandomForest,0.2352941176470588,0.19306134502013989,247882
english_5unit_participation,RandomForest,0.2068965517241379,0.19306134502013989,247882
english_5unit_participation,RandomForest,0.216867469879518,0.19306134502013989,247882
english_5unit_participation,RandomForest,0.144927536231884,0.21086776036802837,248013
english_5unit_participation,RandomForest,0.1965811965811965,0.21086776036802837,248013
english_5unit_participation,RandomForest,0.2686567164179104,0.21086776036802837,248013
english_5unit_participation,RandomForest,0.2,0.21086776036802837,248013
english_5unit_participation,RandomForest,0.1256410256410256,0.10643744890261976,248021
english_5unit_participation,RandomForest,0.1555555555555555,0.10643744890261976,248021
english_5unit_participation,RandomForest,0.104089219330855,0.10643744890261976,248021
english_5unit_participation,RandomForest,0.1068249258160237,0.10643744890261976,248021
english_5unit_participation,RandomForest,0.2244897959183673,0.19903597165648537,248047
english_5unit_participation,RandomForest,0.2745098039215686,0.19903597165648537,248047
english_5unit_participation,RandomForest,0.2612612612612612,0.19903597165648537,248047
english_5unit_participation,RandomForest,0.2621359223300971,0.19903597165648537,248047
english_5unit_participation,RandomForest,0.2385321100917431,0.23148237594869514,248062
english_5unit_participation,RandomForest,0.216867469879518,0.23148237594869514,248062
english_5unit_participation,RandomForest,0.2022471910112359,0.23148237594869514,248062
english_5unit_participation,RandomForest,0.3300970873786408,0.23148237594869514,248062
english_5unit_participation,RandomForest,0.0827067669172932,0.15038398726313643,248070
english_5unit_participation,RandomForest,0.1588785046728972,0.15038398726313643,248070
english_5unit_participation,RandomForest,0.128440366972477,0.15038398726313643,248070
english_5unit_participation,RandomForest,0.125,0.15038398726313643,248070
english_5unit_participation,RandomForest,0.1067961165048543,0.11881574627192189,248088
english_5unit_participation,RandomForest,0.1455696202531645,0.11881574627192189,248088
english_5unit_participation,RandomForest,0.1265060240963855,0.11881574627192189,248088
english_5unit_participation,RandomForest,0.2352941176470588,0.11881574627192189,248088
english_5unit_participation,RandomForest,0.0719424460431654,0.14192345077787483,248104
english_5unit_participation,RandomForest,0.12,0.14192345077787483,248104
english_5unit_participation,RandomForest,0.1357142857142857,0.14192345077787483,248104
english_5unit_participation,RandomForest,0.2929936305732484,0.14192345077787483,248104
english_5unit_participation,RandomForest,0.0569620253164556,0.11249004284201007,248112
english_5unit_participation,RandomForest,0.063953488372093,0.11249004284201007,248112
english_5unit_participation,RandomForest,0.0900473933649289,0.11249004284201007,248112
english_5unit_participation,RandomForest,0.0932642487046632,0.11249004284201007,248112
english_5unit_participation,RandomForest,0.081081081081081,0.15314172139879542,248138
english_5unit_participation,RandomForest,0.1007751937984496,0.15314172139879542,248138
english_5unit_participation,RandomForest,0.1304347826086956,0.15314172139879542,248138
english_5unit_participation,RandomForest,0.1530054644808743,0.15314172139879542,248138
english_5unit_participation,RandomForest,0.1925133689839572,0.21975250344815667,248179
english_5unit_participation,RandomForest,0.2568306010928962,0.21975250344815667,248179
english_5unit_participation,RandomForest,0.3009708737864077,0.21975250344815667,248179
english_5unit_participation,RandomForest,0.3232323232323232,0.21975250344815667,248179
english_5unit_participation,RandomForest,0.0988372093023255,0.16070118312138604,248195
english_5unit_participation,RandomForest,0.1221374045801526,0.16070118312138604,248195
english_5unit_participation,RandomForest,0.1146496815286624,0.16070118312138604,248195
english_5unit_participation,RandomForest,0.1283422459893048,0.16070118312138604,248195
english_5unit_participation,RandomForest,0.1584158415841584,0.15549134033461356,248203
english_5unit_participation,RandomForest,0.2195121951219512,0.15549134033461356,248203
english_5unit_participation,RandomForest,0.2323943661971831,0.15549134033461356,248203
english_5unit_participation,RandomForest,0.2428571428571428,0.15549134033461356,248203
english_5unit_participation,RandomForest,0.1851851851851851,0.13416285106607187,248229
english_5unit_participation,RandomForest,0.2211538461538461,0.13416285106607187,248229
english_5unit_participation,RandomForest,0.1774193548387097,0.13416285106607187,248229
english_5unit_participation,RandomForest,0.4558823529411764,0.11471475205128061,248260
english_5unit_participation,RandomForest,0.2567567567567567,0.11471475205128061,248260
english_5unit_participation,RandomForest,0.2828282828282828,0.11471475205128061,248260
english_5unit_participation,RandomForest,0.3296703296703296,0.11471475205128061,248260
english_5unit_participation,RandomForest,0.2307692307692307,0.37831580846743196,248278
english_5unit_participation,RandomForest,0.4827586206896552,0.37831580846743196,248278
english_5unit_participation,RandomForest,0.4742268041237113,0.37831580846743196,248278
english_5unit_participation,RandomForest,0.5760869565217391,0.37831580846743196,248278
english_5unit_participation,RandomForest,0.1755725190839694,0.12055097577947838,248302
english_5unit_participation,RandomForest,0.21875,0.12055097577947838,248302
english_5unit_participation,RandomForest,0.0839160839160839,0.12055097577947838,248302
english_5unit_participation,RandomForest,0.1377245508982036,0.12055097577947838,248302
english_5unit_participation,RandomForest,0.0825688073394495,0.17034962307726104,248328
english_5unit_participation,RandomForest,0.1290322580645161,0.17034962307726104,248328
english_5unit_participation,RandomForest,0.0704225352112676,0.17034962307726104,248328
english_5unit_participation,RandomForest,0.1102362204724409,0.17034962307726104,248328
english_5unit_participation,RandomForest,0.1824324324324324,0.20673604176723326,248336
english_5unit_participation,RandomForest,0.2037037037037037,0.20673604176723326,248336
english_5unit_participation,RandomForest,0.1904761904761904,0.20673604176723326,248336
english_5unit_participation,RandomForest,0.2137404580152671,0.20673604176723326,248336
english_5unit_participation,RandomForest,0.0779220779220779,0.11245055842648632,248344
english_5unit_participation,RandomForest,0.089430894308943,0.11245055842648632,248344
english_5unit_participation,RandomForest,0.0847457627118644,0.11245055842648632,248344
english_5unit_participation,RandomForest,0.1495327102803738,0.11245055842648632,248344
english_5unit_participation,RandomForest,0.2073170731707317,0.20479513378069755,248419
english_5unit_participation,RandomForest,0.3396226415094339,0.20479513378069755,248419
english_5unit_participation,RandomForest,0.3150684931506849,0.20479513378069755,248419
english_5unit_participation,RandomForest,0.2307692307692307,0.20479513378069755,248419
english_5unit_participation,RandomForest,0.074074074074074,0.07596026258756298,248427
english_5unit_participation,RandomForest,0.0955882352941176,0.07596026258756298,248427
english_5unit_participation,RandomForest,0.1292134831460674,0.07596026258756298,248427
english_5unit_participation,RandomForest,0.096590909090909,0.07596026258756298,248427
english_5unit_participation,RandomForest,0.040983606557377,0.08924778081790097,248435
english_5unit_participation,RandomForest,0.0930232558139534,0.08924778081790097,248435
english_5unit_participation,RandomForest,0.0545454545454545,0.08924778081790097,248435
english_5unit_participation,RandomForest,0.1851851851851851,0.08924778081790097,248435
english_5unit_participation,RandomForest,0.175,0.16214419324088108,248443
english_5unit_participation,RandomForest,0.2205882352941176,0.16214419324088108,248443
english_5unit_participation,RandomForest,0.2435897435897435,0.16214419324088108,248443
english_5unit_participation,RandomForest,0.2921348314606741,0.16214419324088108,248443
english_5unit_participation,RandomForest,0.1666666666666666,0.12451640923577367,248534
english_5unit_participation,RandomForest,0.189873417721519,0.12451640923577367,248534
english_5unit_participation,RandomForest,0.1318681318681318,0.12451640923577367,248534
english_5unit_participation,RandomForest,0.1547619047619047,0.12451640923577367,248534
english_5unit_participation,RandomForest,0.1774193548387097,0.13308108729982854,248559
english_5unit_participation,RandomForest,0.1703703703703703,0.13308108729982854,248559
english_5unit_participation,RandomForest,0.2164179104477611,0.13308108729982854,248559
english_5unit_participation,RandomForest,0.2361111111111111,0.13308108729982854,248559
english_5unit_participation,RandomForest,0.1172839506172839,0.1806185856127357,248575
english_5unit_participation,RandomForest,0.2169811320754717,0.1806185856127357,248575
english_5unit_participation,RandomForest,0.1696428571428571,0.1806185856127357,248575
english_5unit_participation,RandomForest,0.1428571428571428,0.1806185856127357,248575
english_5unit_participation,RandomForest,0.0316455696202531,0.11675924445806114,248583
english_5unit_participation,RandomForest,0.0514285714285714,0.11675924445806114,248583
english_5unit_participation,RandomForest,0.0682926829268292,0.11675924445806114,248583
english_5unit_participation,RandomForest,0.1090047393364928,0.11675924445806114,248583
english_5unit_participation,RandomForest,0.0707964601769911,0.11925564721350303,248625
english_5unit_participation,RandomForest,0.1666666666666666,0.11925564721350303,248625
english_5unit_participation,RandomForest,0.1446280991735537,0.11925564721350303,248625
english_5unit_participation,RandomForest,0.2140077821011673,0.11925564721350303,248625
english_5unit_participation,RandomForest,0.1411764705882353,0.11577212329158698,248641
english_5unit_participation,RandomForest,0.2782608695652174,0.11577212329158698,248641
english_5unit_participation,RandomForest,0.3495145631067961,0.11577212329158698,248641
english_5unit_participation,RandomForest,0.2357723577235772,0.11577212329158698,248641
english_5unit_participation,RandomForest,0.1052631578947368,0.1347217501863516,248666
english_5unit_participation,RandomForest,0.0989010989010989,0.1347217501863516,248666
english_5unit_participation,RandomForest,0.0824742268041237,0.1347217501863516,248666
english_5unit_participation,RandomForest,0.1309523809523809,0.1347217501863516,248666
english_5unit_participation,RandomForest,0.1029411764705882,0.12818858165482439,248674
english_5unit_participation,RandomForest,0.1311475409836065,0.12818858165482439,248674
english_5unit_participation,RandomForest,0.1304347826086956,0.12818858165482439,248674
english_5unit_participation,RandomForest,0.1846153846153846,0.12818858165482439,248674
english_5unit_participation,RandomForest,0.2357723577235772,0.254469444741951,248690
english_5unit_participation,RandomForest,0.3416666666666667,0.254469444741951,248690
english_5unit_participation,RandomForest,0.2619047619047619,0.254469444741951,248690
english_5unit_participation,RandomForest,0.3361344537815126,0.254469444741951,248690
english_5unit_participation,RandomForest,0.1975308641975308,0.20059161029812508,248724
english_5unit_participation,RandomForest,0.3125,0.20059161029812508,248724
english_5unit_participation,RandomForest,0.3076923076923077,0.20059161029812508,248724
english_5unit_participation,RandomForest,0.2714285714285714,0.20059161029812508,248724
english_5unit_participation,RandomForest,0.1128205128205128,0.13733668684819814,248740
english_5unit_participation,RandomForest,0.1141304347826086,0.13733668684819814,248740
english_5unit_participation,RandomForest,0.1217948717948717,0.13733668684819814,248740
english_5unit_participation,RandomForest,0.1649484536082474,0.13733668684819814,248740
english_5unit_participation,RandomForest,0.5185185185185185,0.10056558472751402,248757
english_5unit_participation,RandomForest,0.3846153846153846,0.10056558472751402,248757
english_5unit_participation,RandomForest,0.0,0.137513105090957,248781
english_5unit_participation,RandomForest,0.0,0.137513105090957,248781
english_5unit_participation,RandomForest,0.0,0.137513105090957,248781
english_5unit_participation,RandomForest,0.0,0.137513105090957,248781
english_5unit_participation,RandomForest,0.144927536231884,0.34985757102593235,248823
english_5unit_participation,RandomForest,0.2093023255813953,0.34985757102593235,248823
english_5unit_participation,RandomForest,0.3025210084033613,0.34985757102593235,248823
english_5unit_participation,RandomForest,0.3557692307692308,0.34985757102593235,248823
english_5unit_participation,RandomForest,0.0854271356783919,0.10107366392738024,249037
english_5unit_participation,RandomForest,0.1220657276995305,0.10107366392738024,249037
english_5unit_participation,RandomForest,0.1022222222222222,0.10107366392738024,249037
english_5unit_participation,RandomForest,0.1333333333333333,0.10107366392738024,249037
english_5unit_participation,RandomForest,0.15,0.13269306470088102,249094
english_5unit_participation,RandomForest,0.3066666666666666,0.13269306470088102,249094
english_5unit_participation,RandomForest,0.238095238095238,0.13269306470088102,249094
english_5unit_participation,RandomForest,0.3333333333333333,0.13269306470088102,249094
english_5unit_participation,RandomForest,0.2,0.11699396928921486,249110
english_5unit_participation,RandomForest,0.2432432432432432,0.11699396928921486,249110
english_5unit_participation,RandomForest,0.1949152542372881,0.11699396928921486,249110
english_5unit_participation,RandomForest,0.1904761904761904,0.11699396928921486,249110
english_5unit_participation,RandomForest,0.1894736842105263,0.24742074198883832,249193
english_5unit_participation,RandomForest,0.2,0.24742074198883832,249193
english_5unit_participation,RandomForest,0.1818181818181818,0.24742074198883832,249193
english_5unit_participation,RandomForest,0.2755102040816326,0.24742074198883832,249193
english_5unit_participation,RandomForest,0.0634920634920634,0.11312365728387447,249235
english_5unit_participation,RandomForest,0.0719424460431654,0.11312365728387447,249235
english_5unit_participation,RandomForest,0.0821917808219178,0.11312365728387447,249235
english_5unit_participation,RandomForest,0.0988372093023255,0.11312365728387447,249235
english_5unit_participation,RandomForest,0.0,0.16173493383303264,249250
english_5unit_participation,RandomForest,0.0,0.16173493383303264,249250
english_5unit_participation,RandomForest,0.0,0.16173493383303264,249250
english_5unit_participation,RandomForest,0.1016949152542373,0.16173493383303264,249250
english_5unit_participation,RandomForest,0.2184873949579832,0.15370598447320988,249284
english_5unit_participation,RandomForest,0.1401273885350318,0.15370598447320988,249284
english_5unit_participation,RandomForest,0.3027027027027027,0.15370598447320988,249284
english_5unit_participation,RandomForest,0.0610687022900763,0.09939034191928958,249300
english_5unit_participation,RandomForest,0.1111111111111111,0.09939034191928958,249300
english_5unit_participation,RandomForest,0.11,0.09939034191928958,249300
english_5unit_participation,RandomForest,0.0842105263157894,0.09939034191928958,249300
english_5unit_participation,RandomForest,0.2093023255813953,0.18755781141577924,249318
english_5unit_participation,RandomForest,0.2727272727272727,0.18755781141577924,249318
english_5unit_participation,RandomForest,0.2121212121212121,0.18755781141577924,249318
english_5unit_participation,RandomForest,0.2692307692307692,0.18755781141577924,249318
english_5unit_participation,RandomForest,0.3623188405797101,0.3386417426014827,260059
english_5unit_participation,RandomForest,0.396551724137931,0.3386417426014827,260059
english_5unit_participation,RandomForest,0.3835616438356164,0.3386417426014827,260059
english_5unit_participation,RandomForest,0.3384615384615385,0.3386417426014827,260059
english_5unit_participation,RandomForest,0.6956521739130435,0.45860978979805844,260067
english_5unit_participation,RandomForest,0.6964285714285714,0.45860978979805844,260067
english_5unit_participation,RandomForest,0.6811594202898551,0.45860978979805844,260067
english_5unit_participation,RandomForest,0.5774647887323944,0.45860978979805844,260067
english_5unit_participation,RandomForest,0.3969465648854962,0.4336709108556266,260091
english_5unit_participation,RandomForest,0.4689655172413793,0.4336709108556266,260091
english_5unit_participation,RandomForest,0.5493827160493827,0.4336709108556266,260091
english_5unit_participation,RandomForest,0.7103825136612022,0.4336709108556266,260091
english_5unit_participation,RandomForest,0.5,0.4330225677662218,260109
english_5unit_participation,RandomForest,0.4830508474576271,0.4330225677662218,260109
english_5unit_participation,RandomForest,0.6160714285714286,0.4330225677662218,260109
english_5unit_participation,RandomForest,0.5423728813559322,0.4330225677662218,260109
english_5unit_participation,RandomForest,0.3855421686746988,0.4455884509186319,260125
english_5unit_participation,RandomForest,0.3037974683544304,0.4455884509186319,260125
english_5unit_participation,RandomForest,0.4651162790697674,0.4455884509186319,260125
english_5unit_participation,RandomForest,0.4090909090909091,0.4455884509186319,260125
english_5unit_participation,RandomForest,0.4404761904761904,0.3667836385715764,260133
english_5unit_participation,RandomForest,0.3888888888888889,0.3667836385715764,260133
english_5unit_participation,RandomForest,0.4081632653061224,0.3667836385715764,260133
english_5unit_participation,RandomForest,0.4130434782608695,0.3667836385715764,260133
english_5unit_participation,RandomForest,0.3058823529411765,0.5252690889576941,260182
english_5unit_participation,RandomForest,0.3779527559055118,0.5252690889576941,260182
english_5unit_participation,RandomForest,0.3576642335766423,0.5252690889576941,260182
english_5unit_participation,RandomForest,0.3722627737226277,0.5252690889576941,260182
english_5unit_participation,RandomForest,0.424,0.4121288968872628,260232
english_5unit_participation,RandomForest,0.4684684684684684,0.4121288968872628,260232
english_5unit_participation,RandomForest,0.5419847328244275,0.4121288968872628,260232
english_5unit_participation,RandomForest,0.5723684210526315,0.4121288968872628,260232
english_5unit_participation,RandomForest,0.603448275862069,0.4845964286373997,260240
english_5unit_participation,RandomForest,0.6509433962264151,0.4845964286373997,260240
english_5unit_participation,RandomForest,0.6864406779661016,0.4845964286373997,260240
english_5unit_participation,RandomForest,0.5897435897435898,0.4845964286373997,260240
english_5unit_participation,RandomForest,0.5971223021582733,0.5025945585714212,260257
english_5unit_participation,RandomForest,0.5,0.5025945585714212,260257
english_5unit_participation,RandomForest,0.4965986394557823,0.5025945585714212,260257
english_5unit_participation,RandomForest,0.5496688741721855,0.5025945585714212,260257
english_5unit_participation,RandomForest,0.5409836065573771,0.49024909667153405,260307
english_5unit_participation,RandomForest,0.5514705882352942,0.49024909667153405,260307
english_5unit_participation,RandomForest,0.5172413793103449,0.49024909667153405,260307
english_5unit_participation,RandomForest,0.4586466165413533,0.49024909667153405,260307
english_5unit_participation,RandomForest,0.4716981132075472,0.4705422245269926,260331
english_5unit_participation,RandomForest,0.5354330708661418,0.4705422245269926,260331
english_5unit_participation,RandomForest,0.5666666666666667,0.4705422245269926,260331
english_5unit_participation,RandomForest,0.6141732283464567,0.4705422245269926,260331
english_5unit_participation,RandomForest,0.2841530054644808,0.44085710605012834,260489
english_5unit_participation,RandomForest,0.3988439306358382,0.44085710605012834,260489
english_5unit_participation,RandomForest,0.4437086092715231,0.44085710605012834,260489
english_5unit_participation,RandomForest,0.4886363636363636,0.44085710605012834,260489
english_5unit_participation,RandomForest,0.0,0.24696682703964523,260497
english_5unit_participation,RandomForest,0.0,0.24696682703964523,260497
english_5unit_participation,RandomForest,0.0,0.24696682703964523,260497
english_5unit_participation,RandomForest,0.0,0.24696682703964523,260497
english_5unit_participation,RandomForest,0.7214285714285714,0.38365751636957235,261065
english_5unit_participation,RandomForest,0.5923076923076923,0.38365751636957235,261065
english_5unit_participation,RandomForest,0.7054263565891473,0.38365751636957235,261065
english_5unit_participation,RandomForest,0.6206896551724138,0.38365751636957235,261065
english_5unit_participation,RandomForest,0.0,0.15989030985824002,267724
english_5unit_participation,RandomForest,0.0,0.15989030985824002,267724
english_5unit_participation,RandomForest,0.219047619047619,0.28570662160908744,270025
english_5unit_participation,RandomForest,0.2313432835820895,0.28570662160908744,270025
english_5unit_participation,RandomForest,0.188034188034188,0.28570662160908744,270025
english_5unit_participation,RandomForest,0.2814814814814815,0.28570662160908744,270025
english_5unit_participation,RandomForest,0.1623931623931624,0.2655541973827613,270033
english_5unit_participation,RandomForest,0.2674418604651162,0.2655541973827613,270033
english_5unit_participation,RandomForest,0.240506329113924,0.2655541973827613,270033
english_5unit_participation,RandomForest,0.2638888888888889,0.2655541973827613,270033
english_5unit_participation,RandomForest,0.293859649122807,0.33342360918707614,270041
english_5unit_participation,RandomForest,0.244360902255639,0.33342360918707614,270041
english_5unit_participation,RandomForest,0.3295019157088122,0.33342360918707614,270041
english_5unit_participation,RandomForest,0.3423423423423423,0.33342360918707614,270041
english_5unit_participation,RandomForest,0.4064516129032258,0.394760896709528,270140
english_5unit_participation,RandomForest,0.425287356321839,0.394760896709528,270140
english_5unit_participation,RandomForest,0.3409090909090909,0.394760896709528,270140
english_5unit_participation,RandomForest,0.3793103448275862,0.394760896709528,270140
english_5unit_participation,RandomForest,0.2065217391304347,0.291085335256455,270157
english_5unit_participation,RandomForest,0.2159090909090909,0.291085335256455,270157
english_5unit_participation,RandomForest,0.2098765432098765,0.291085335256455,270157
english_5unit_participation,RandomForest,0.2244897959183673,0.291085335256455,270157
english_5unit_participation,RandomForest,0.0,0.1292238718499976,270223
english_5unit_participation,RandomForest,0.0,0.1292238718499976,270223
english_5unit_participation,RandomForest,0.0,0.1292238718499976,270223
english_5unit_participation,RandomForest,0.0,0.1292238718499976,270223
english_5unit_participation,RandomForest,0.1774193548387097,0.25064111663256755,270280
english_5unit_participation,RandomForest,0.2933333333333333,0.25064111663256755,270280
english_5unit_participation,RandomForest,0.3846153846153846,0.25064111663256755,270280
english_5unit_participation,RandomForest,0.3571428571428571,0.25064111663256755,270280
english_5unit_participation,RandomForest,0.464,0.35145314162858327,270298
english_5unit_participation,RandomForest,0.4011627906976744,0.35145314162858327,270298
english_5unit_participation,RandomForest,0.2950819672131147,0.35145314162858327,270298
english_5unit_participation,RandomForest,0.4214285714285714,0.35145314162858327,270298
english_5unit_participation,RandomForest,0.0,0.35086177764429644,270801
english_5unit_participation,RandomForest,0.0,0.35086177764429644,270801
english_5unit_participation,RandomForest,0.0,0.35086177764429644,270801
english_5unit_participation,RandomForest,0.0,0.35086177764429644,270801
english_5unit_participation,RandomForest,0.2,0.09063617306136955,277012
english_5unit_participation,RandomForest,0.0943396226415094,0.09063617306136955,277012
english_5unit_participation,RandomForest,0.0,0.09063617306136955,277012
english_5unit_participation,RandomForest,0.1304347826086956,0.09063617306136955,277012
english_5unit_participation,RandomForest,0.0,0.11852043219823666,278010
english_5unit_participation,RandomForest,0.0,0.11852043219823666,278010
english_5unit_participation,RandomForest,0.0,0.11852043219823666,278010
english_5unit_participation,RandomForest,0.0,0.11852043219823666,278010
english_5unit_participation,RandomForest,0.0948905109489051,0.1827395363958973,278028
english_5unit_participation,RandomForest,0.136,0.1827395363958973,278028
english_5unit_participation,RandomForest,0.0719424460431654,0.1827395363958973,278028
english_5unit_participation,RandomForest,0.144927536231884,0.1827395363958973,278028
english_5unit_participation,RandomForest,0.0818181818181818,0.14546299492244583,278283
english_5unit_participation,RandomForest,0.2016129032258064,0.14546299492244583,278283
english_5unit_participation,RandomForest,0.1644736842105263,0.14546299492244583,278283
english_5unit_participation,RandomForest,0.1854304635761589,0.14546299492244583,278283
english_5unit_participation,RandomForest,0.3904109589041096,0.36234233153854317,280032
english_5unit_participation,RandomForest,0.2810457516339869,0.36234233153854317,280032
english_5unit_participation,RandomForest,0.36,0.36234233153854317,280032
english_5unit_participation,RandomForest,0.3783783783783784,0.36234233153854317,280032
english_5unit_participation,RandomForest,0.5545454545454546,0.59273078413358,280057
english_5unit_participation,RandomForest,0.518348623853211,0.59273078413358,280057
english_5unit_participation,RandomForest,0.6144578313253012,0.59273078413358,280057
english_5unit_participation,RandomForest,0.6007604562737643,0.59273078413358,280057
english_5unit_participation,RandomForest,0.3191489361702128,0.4951857146003466,280115
english_5unit_participation,RandomForest,0.4324324324324324,0.4951857146003466,280115
english_5unit_participation,RandomForest,0.4583333333333333,0.4951857146003466,280115
english_5unit_participation,RandomForest,0.4,0.4951857146003466,280115
english_5unit_participation,RandomForest,0.0714285714285714,0.16927131873759257,288019
english_5unit_participation,RandomForest,0.0,0.16927131873759257,288019
english_5unit_participation,RandomForest,0.1704545454545454,0.16927131873759257,288019
english_5unit_participation,RandomForest,0.1208791208791208,0.16927131873759257,288019
english_5unit_participation,RandomForest,1.0,0.4836785213260124,288134
english_5unit_participation,RandomForest,1.0,0.4836785213260124,288134
english_5unit_participation,RandomForest,0.6875,0.4836785213260124,288134
english_5unit_participation,RandomForest,1.0,0.4836785213260124,288134
english_5unit_participation,RandomForest,0.3333333333333333,0.21083940502372067,338095
english_5unit_participation,RandomForest,0.4444444444444444,0.21083940502372067,338095
english_5unit_participation,RandomForest,0.2758620689655172,0.21083940502372067,338095
english_5unit_participation,RandomForest,0.4358974358974359,0.21083940502372067,338095
english_5unit_participation,RandomForest,0.0,0.16627598979358166,338129
english_5unit_participation,RandomForest,0.0,0.16627598979358166,338129
english_5unit_participation,RandomForest,0.0,0.16627598979358166,338129
english_5unit_participation,RandomForest,0.0,0.16627598979358166,338129
english_5unit_participation,RandomForest,0.0,0.16439020319352582,338418
english_5unit_participation,RandomForest,0.3666666666666666,0.16439020319352582,338418
english_5unit_participation,RandomForest,0.3,0.16439020319352582,338418
english_5unit_participation,RandomForest,0.3396226415094339,0.16439020319352582,338418
english_5unit_participation,RandomForest,1.0,0.44928726326094903,338426
english_5unit_participation,RandomForest,1.0,0.44928726326094903,338426
english_5unit_participation,RandomForest,1.0,0.44928726326094903,338426
english_5unit_participation,RandomForest,0.0,0.15200483774292892,338541
english_5unit_participation,RandomForest,1.0,0.15200483774292892,338541
english_5unit_participation,RandomForest,0.2857142857142857,0.3814297090574003,338616
english_5unit_participation,RandomForest,0.2083333333333333,0.3814297090574003,338616
english_5unit_participation,RandomForest,0.358974358974359,0.3814297090574003,338616
english_5unit_participation,RandomForest,0.2571428571428571,0.3814297090574003,338616
english_5unit_participation,RandomForest,0.0,0.09862355363719738,338657
english_5unit_participation,RandomForest,0.08,0.09862355363719738,338657
english_5unit_participation,RandomForest,0.0927152317880794,0.09862355363719738,338657
english_5unit_participation,RandomForest,1.0,0.3784279518611883,338715
english_5unit_participation,RandomForest,0.3571428571428571,0.3784279518611883,338715
english_5unit_participation,RandomForest,0.3333333333333333,0.3784279518611883,338715
english_5unit_participation,RandomForest,0.55,0.3784279518611883,338715
english_5unit_participation,RandomForest,0.0,0.11921771041557454,338772
english_5unit_participation,RandomForest,0.0,0.11921771041557454,338772
english_5unit_participation,RandomForest,0.0,0.11921771041557454,338772
english_5unit_participation,RandomForest,0.0,0.11921771041557454,338772
english_5unit_participation,RandomForest,0.8058252427184466,0.6179824772618133,340018
english_5unit_participation,RandomForest,0.77491961414791,0.6179824772618133,340018
english_5unit_participation,RandomForest,0.7584269662921348,0.6179824772618133,340018
english_5unit_participation,RandomForest,0.8339100346020761,0.6179824772618133,340018
english_5unit_participation,RandomForest,0.3843648208469055,0.3014902775836473,340034
english_5unit_participation,RandomForest,0.4011461318051575,0.3014902775836473,340034
english_5unit_participation,RandomForest,0.3753501400560224,0.3014902775836473,340034
english_5unit_participation,RandomForest,0.3742331288343558,0.3014902775836473,340034
english_5unit_participation,RandomForest,0.2333333333333333,0.3376569394324195,340042
english_5unit_participation,RandomForest,0.1666666666666666,0.3376569394324195,340042
english_5unit_participation,RandomForest,0.2727272727272727,0.3376569394324195,340042
english_5unit_participation,RandomForest,0.1714285714285714,0.3376569394324195,340042
english_5unit_participation,RandomForest,0.5230769230769231,0.6398611278573355,340059
english_5unit_participation,RandomForest,0.65,0.6398611278573355,340059
english_5unit_participation,RandomForest,0.6706586826347305,0.6398611278573355,340059
english_5unit_participation,RandomForest,0.6686746987951807,0.6398611278573355,340059
english_5unit_participation,RandomForest,0.3470588235294117,0.26430097576506434,340091
english_5unit_participation,RandomForest,0.4293478260869565,0.26430097576506434,340091
english_5unit_participation,RandomForest,0.3894736842105263,0.26430097576506434,340091
english_5unit_participation,RandomForest,0.4914285714285714,0.26430097576506434,340091
english_5unit_participation,RandomForest,0.3402061855670103,0.48903172723135263,340109
english_5unit_participation,RandomForest,0.45,0.48903172723135263,340109
english_5unit_participation,RandomForest,0.5,0.48903172723135263,340109
english_5unit_participation,RandomForest,0.4285714285714285,0.48903172723135263,340109
english_5unit_participation,RandomForest,0.2486486486486486,0.2602509608201254,340117
english_5unit_participation,RandomForest,0.2752043596730245,0.2602509608201254,340117
english_5unit_participation,RandomForest,0.2485714285714285,0.2602509608201254,340117
english_5unit_participation,RandomForest,0.2383561643835616,0.2602509608201254,340117
english_5unit_participation,RandomForest,0.4888888888888889,0.32926288348960325,340125
english_5unit_participation,RandomForest,0.4782608695652174,0.32926288348960325,340125
english_5unit_participation,RandomForest,0.3809523809523809,0.32926288348960325,340125
english_5unit_participation,RandomForest,0.5714285714285714,0.32926288348960325,340125
english_5unit_participation,RandomForest,0.372972972972973,0.3884831518636873,340133
english_5unit_participation,RandomForest,0.3015075376884422,0.3884831518636873,340133
english_5unit_participation,RandomForest,0.3197969543147208,0.3884831518636873,340133
english_5unit_participation,RandomForest,0.4506437768240343,0.3884831518636873,340133
english_5unit_participation,RandomForest,0.6713286713286714,0.43884564978148805,340158
english_5unit_participation,RandomForest,0.6347826086956522,0.43884564978148805,340158
english_5unit_participation,RandomForest,0.6,0.43884564978148805,340158
english_5unit_participation,RandomForest,0.5798319327731093,0.43884564978148805,340158
english_5unit_participation,RandomForest,0.5333333333333333,0.4494609840953917,340166
english_5unit_participation,RandomForest,0.3888888888888889,0.4494609840953917,340166
english_5unit_participation,RandomForest,0.5531914893617021,0.4494609840953917,340166
english_5unit_participation,RandomForest,0.4166666666666667,0.4494609840953917,340166
english_5unit_participation,RandomForest,0.2357723577235772,0.3172698753635666,340174
english_5unit_participation,RandomForest,0.2307692307692307,0.3172698753635666,340174
english_5unit_participation,RandomForest,0.2578125,0.3172698753635666,340174
english_5unit_participation,RandomForest,0.256,0.3172698753635666,340174
english_5unit_participation,RandomForest,0.7212121212121212,0.5031691645190751,340190
english_5unit_participation,RandomForest,0.7153284671532847,0.5031691645190751,340190
english_5unit_participation,RandomForest,0.6737588652482269,0.5031691645190751,340190
english_5unit_participation,RandomForest,0.7552447552447552,0.5031691645190751,340190
english_5unit_participation,RandomForest,0.5352112676056338,0.40700216653552995,340208
english_5unit_participation,RandomForest,0.5669291338582677,0.40700216653552995,340208
english_5unit_participation,RandomForest,0.5307262569832403,0.40700216653552995,340208
english_5unit_participation,RandomForest,0.6148148148148148,0.40700216653552995,340208
english_5unit_participation,RandomForest,0.891156462585034,0.7580424954059051,340216
english_5unit_participation,RandomForest,0.8114558472553699,0.7580424954059051,340216
english_5unit_participation,RandomForest,0.8574766355140186,0.7580424954059051,340216
english_5unit_participation,RandomForest,0.8604651162790697,0.7580424954059051,340216
english_5unit_participation,RandomForest,0.6222222222222222,0.5101662206720042,340232
english_5unit_participation,RandomForest,0.6071428571428571,0.5101662206720042,340232
english_5unit_participation,RandomForest,0.7368421052631579,0.5101662206720042,340232
english_5unit_participation,RandomForest,0.6923076923076923,0.5101662206720042,340232
english_5unit_participation,RandomForest,0.4444444444444444,0.3466795316201884,340240
english_5unit_participation,RandomForest,0.75,0.3466795316201884,340240
english_5unit_participation,RandomForest,0.6,0.3466795316201884,340240
english_5unit_participation,RandomForest,0.5555555555555556,0.3466795316201884,340240
english_5unit_participation,RandomForest,0.5110410094637224,0.4238869872404184,340281
english_5unit_participation,RandomForest,0.5166163141993958,0.4238869872404184,340281
english_5unit_participation,RandomForest,0.4777448071216617,0.4238869872404184,340281
english_5unit_participation,RandomForest,0.4460431654676259,0.4238869872404184,340281
english_5unit_participation,RandomForest,0.5510204081632653,0.5184843633512422,340315
english_5unit_participation,RandomForest,0.6055045871559633,0.5184843633512422,340315
english_5unit_participation,RandomForest,0.6355140186915887,0.5184843633512422,340315
english_5unit_participation,RandomForest,0.6283524904214559,0.5184843633512422,340315
english_5unit_participation,RandomForest,0.0,0.211469763277241,340331
english_5unit_participation,RandomForest,0.0,0.211469763277241,340331
english_5unit_participation,RandomForest,0.0,0.211469763277241,340331
english_5unit_participation,RandomForest,0.0,0.211469763277241,340331
english_5unit_participation,RandomForest,0.2551020408163265,0.29338990534549786,340349
english_5unit_participation,RandomForest,0.2929292929292929,0.29338990534549786,340349
english_5unit_participation,RandomForest,0.3118279569892473,0.29338990534549786,340349
english_5unit_participation,RandomForest,0.3783783783783784,0.19433837819890964,340356
english_5unit_participation,RandomForest,0.32,0.19433837819890964,340356
english_5unit_participation,RandomForest,0.0,0.19433837819890964,340356
english_5unit_participation,RandomForest,0.4285714285714285,0.19433837819890964,340356
english_5unit_participation,RandomForest,0.3152173913043478,0.36076337053316093,340380
english_5unit_participation,RandomForest,0.4461538461538462,0.36076337053316093,340380
english_5unit_participation,RandomForest,0.287037037037037,0.36076337053316093,340380
english_5unit_participation,RandomForest,0.3333333333333333,0.36076337053316093,340380
english_5unit_participation,RandomForest,0.6470588235294118,0.6891427870347111,340596
english_5unit_participation,RandomForest,1.0,0.6891427870347111,340596
english_5unit_participation,RandomForest,1.0,0.6891427870347111,340596
english_5unit_participation,RandomForest,1.0,0.6891427870347111,340596
english_5unit_participation,RandomForest,0.0,0.17121766165115543,340612
english_5unit_participation,RandomForest,0.0,0.17121766165115543,340612
english_5unit_participation,RandomForest,0.0,0.17121766165115543,340612
english_5unit_participation,RandomForest,0.0,0.17121766165115543,340612
english_5unit_participation,RandomForest,0.0,0.20740326261702136,340646
english_5unit_participation,RandomForest,0.2631578947368421,0.20740326261702136,340646
english_5unit_participation,RandomForest,0.0,0.20740326261702136,340646
english_5unit_participation,RandomForest,0.0,0.2522126353722799,340653
english_5unit_participation,RandomForest,0.0,0.2522126353722799,340653
english_5unit_participation,RandomForest,0.0,0.2522126353722799,340653
english_5unit_participation,RandomForest,0.0,0.2522126353722799,340653
english_5unit_participation,RandomForest,0.6,0.5003591993073929,340737
english_5unit_participation,RandomForest,0.5185185185185185,0.5003591993073929,340737
english_5unit_participation,RandomForest,0.7142857142857143,0.5003591993073929,340737
english_5unit_participation,RandomForest,0.65625,0.5003591993073929,340737
english_5unit_participation,RandomForest,0.2941176470588235,0.26135996052254257,340778
english_5unit_participation,RandomForest,0.25,0.26135996052254257,340778
english_5unit_participation,RandomForest,0.7058823529411765,0.26135996052254257,340778
english_5unit_participation,RandomForest,0.5,0.26135996052254257,340778
english_5unit_participation,RandomForest,0.0,0.3140692193339055,342170
english_5unit_participation,RandomForest,0.3684210526315789,0.3140692193339055,342170
english_5unit_participation,RandomForest,0.5882352941176471,0.3140692193339055,342170
english_5unit_participation,RandomForest,0.5833333333333334,0.3140692193339055,342170
english_5unit_participation,RandomForest,0.079646017699115,0.07271513870283827,342352
english_5unit_participation,RandomForest,0.0964912280701754,0.07271513870283827,342352
english_5unit_participation,RandomForest,0.0547945205479452,0.07271513870283827,342352
english_5unit_participation,RandomForest,0.0678733031674208,0.07271513870283827,342352
english_5unit_participation,RandomForest,0.4375,0.28980302608083486,344101
english_5unit_participation,RandomForest,0.5106382978723404,0.28980302608083486,344101
english_5unit_participation,RandomForest,0.4736842105263157,0.28980302608083486,344101
english_5unit_participation,RandomForest,0.2926829268292683,0.28980302608083486,344101
english_5unit_participation,RandomForest,0.0,0.2539696652495644,344150
english_5unit_participation,RandomForest,0.1818181818181818,0.2539696652495644,344150
english_5unit_participation,RandomForest,0.1282051282051282,0.2539696652495644,344150
english_5unit_participation,RandomForest,0.2352941176470588,0.2539696652495644,344150
english_5unit_participation,RandomForest,0.3469387755102041,0.38132551109011076,344200
english_5unit_participation,RandomForest,0.3818181818181818,0.38132551109011076,344200
english_5unit_participation,RandomForest,0.3265306122448979,0.38132551109011076,344200
english_5unit_participation,RandomForest,0.410958904109589,0.38132551109011076,344200
english_5unit_participation,RandomForest,0.1875,0.17931326093340877,344234
english_5unit_participation,RandomForest,0.2782608695652174,0.17931326093340877,344234
english_5unit_participation,RandomForest,0.2362204724409448,0.17931326093340877,344234
english_5unit_participation,RandomForest,0.24,0.17931326093340877,344234
english_5unit_participation,RandomForest,0.0,0.3371033422568989,344382
english_5unit_participation,RandomForest,0.0,0.3371033422568989,344382
english_5unit_participation,RandomForest,0.0746268656716417,0.3371033422568989,344382
english_5unit_participation,RandomForest,0.1566265060240964,0.3371033422568989,344382
english_5unit_participation,RandomForest,0.1891891891891892,0.34818669793263296,344416
english_5unit_participation,RandomForest,0.3085106382978723,0.34818669793263296,344416
english_5unit_participation,RandomForest,0.1690140845070422,0.34818669793263296,344416
english_5unit_participation,RandomForest,0.2524752475247525,0.34818669793263296,344416
english_5unit_participation,RandomForest,0.2158273381294964,0.30402900440405467,344440
english_5unit_participation,RandomForest,0.2781954887218045,0.30402900440405467,344440
english_5unit_participation,RandomForest,0.282051282051282,0.30402900440405467,344440
english_5unit_participation,RandomForest,0.3488372093023256,0.30402900440405467,344440
english_5unit_participation,RandomForest,0.2758620689655172,0.2650698590753537,344473
english_5unit_participation,RandomForest,0.625,0.2650698590753537,344473
english_5unit_participation,RandomForest,0.5806451612903226,0.2650698590753537,344473
english_5unit_participation,RandomForest,0.25,0.2650698590753537,344473
english_5unit_participation,RandomForest,0.1666666666666666,0.14815308175191813,344572
english_5unit_participation,RandomForest,0.0,0.14815308175191813,344572
english_5unit_participation,RandomForest,0.0,0.14815308175191813,344572
english_5unit_participation,RandomForest,0.1875,0.14815308175191813,344572
english_5unit_participation,RandomForest,0.0,0.05163145448676743,344580
english_5unit_participation,RandomForest,0.0,0.05163145448676743,344580
english_5unit_participation,RandomForest,0.0,0.05163145448676743,344580
english_5unit_participation,RandomForest,0.0,0.05163145448676743,344580
english_5unit_participation,RandomForest,0.4090909090909091,0.34851089126693646,344598
english_5unit_participation,RandomForest,0.4583333333333333,0.34851089126693646,344598
english_5unit_participation,RandomForest,0.2307692307692307,0.34851089126693646,344598
english_5unit_participation,RandomForest,0.6068965517241379,0.6382437064300143,344911
english_5unit_participation,RandomForest,0.6190476190476191,0.5472105632739742,346494
english_5unit_participation,RandomForest,0.6818181818181818,0.5472105632739742,346494
english_5unit_participation,RandomForest,0.7083333333333334,0.5472105632739742,346494
english_5unit_participation,RandomForest,0.6875,0.5472105632739742,346494
english_5unit_participation,RandomForest,0.0,0.330151843291185,346932
english_5unit_participation,RandomForest,0.5714285714285714,0.330151843291185,346932
english_5unit_participation,RandomForest,0.3529411764705882,0.330151843291185,346932
english_5unit_participation,RandomForest,0.3333333333333333,0.330151843291185,346932
english_5unit_participation,RandomForest,0.4316546762589928,0.5633905276100933,347013
english_5unit_participation,RandomForest,0.6174496644295302,0.5633905276100933,347013
english_5unit_participation,RandomForest,0.4864864864864865,0.5633905276100933,347013
english_5unit_participation,RandomForest,0.6265822784810127,0.5633905276100933,347013
english_5unit_participation,RandomForest,0.4477611940298507,0.3830700891091882,347021
english_5unit_participation,RandomForest,0.4239130434782608,0.3830700891091882,347021
english_5unit_participation,RandomForest,0.3478260869565217,0.3830700891091882,347021
english_5unit_participation,RandomForest,0.4044943820224719,0.3830700891091882,347021
english_5unit_participation,RandomForest,0.4285714285714285,0.3925569418557861,347039
english_5unit_participation,RandomForest,0.5384615384615384,0.3925569418557861,347039
english_5unit_participation,RandomForest,0.373134328358209,0.3925569418557861,347039
english_5unit_participation,RandomForest,0.5217391304347826,0.3925569418557861,347039
english_5unit_participation,RandomForest,0.1794871794871795,0.2025501199747283,347054
english_5unit_participation,RandomForest,0.2260869565217391,0.2025501199747283,347054
english_5unit_participation,RandomForest,0.2319587628865979,0.2025501199747283,347054
english_5unit_participation,RandomForest,0.3157894736842105,0.2025501199747283,347054
english_5unit_participation,RandomForest,0.0,0.06872408958656168,347062
english_5unit_participation,RandomForest,0.0,0.06872408958656168,347062
english_5unit_participation,RandomForest,0.4640883977900552,0.44362688798028566,347070
english_5unit_participation,RandomForest,0.4427083333333333,0.44362688798028566,347070
english_5unit_participation,RandomForest,0.5851063829787234,0.44362688798028566,347070
english_5unit_participation,RandomForest,0.551219512195122,0.44362688798028566,347070
english_5unit_participation,RandomForest,0.0,0.16440735308403756,347088
english_5unit_participation,RandomForest,0.0,0.16440735308403756,347088
english_5unit_participation,RandomForest,0.0,0.16440735308403756,347088
english_5unit_participation,RandomForest,0.0,0.18212061274103,347096
english_5unit_participation,RandomForest,0.0,0.18212061274103,347096
english_5unit_participation,RandomForest,0.1489361702127659,0.18212061274103,347096
english_5unit_participation,RandomForest,0.0918367346938775,0.18212061274103,347096
english_5unit_participation,RandomForest,0.0,0.17891132643474542,347112
english_5unit_participation,RandomForest,0.08130081300813,0.17891132643474542,347112
english_5unit_participation,RandomForest,1.0,0.37856198677653696,347757
english_5unit_participation,RandomForest,0.0,0.09338757426467358,348037
english_5unit_participation,RandomForest,0.0912863070539419,0.09338757426467358,348037
english_5unit_participation,RandomForest,0.09375,0.09338757426467358,348037
english_5unit_participation,RandomForest,0.0576923076923076,0.09338757426467358,348037
english_5unit_participation,RandomForest,0.2117647058823529,0.2674795050999478,348185
english_5unit_participation,RandomForest,0.155688622754491,0.2674795050999478,348185
english_5unit_participation,RandomForest,0.1832460732984293,0.2674795050999478,348185
english_5unit_participation,RandomForest,0.1542857142857142,0.2674795050999478,348185
english_5unit_participation,RandomForest,0.2195121951219512,0.21150858755381471,348193
english_5unit_participation,RandomForest,0.275,0.21150858755381471,348193
english_5unit_participation,RandomForest,0.2352941176470588,0.21150858755381471,348193
english_5unit_participation,RandomForest,0.2115384615384615,0.21150858755381471,348193
english_5unit_participation,RandomForest,0.0,0.11878354721065032,348201
english_5unit_participation,RandomForest,0.0,0.11878354721065032,348201
english_5unit_participation,RandomForest,0.0,0.11878354721065032,348201
english_5unit_participation,RandomForest,0.1927710843373494,0.11878354721065032,348201
english_5unit_participation,RandomForest,0.0597014925373134,0.15680531079604174,348227
english_5unit_participation,RandomForest,0.1241379310344827,0.15680531079604174,348227
english_5unit_participation,RandomForest,0.1048951048951049,0.15680531079604174,348227
english_5unit_participation,RandomForest,0.1104294478527607,0.15680531079604174,348227
english_5unit_participation,RandomForest,0.0446927374301676,0.1305273972450355,348250
english_5unit_participation,RandomForest,0.0,0.1305273972450355,348250
english_5unit_participation,RandomForest,0.0,0.1305273972450355,348250
english_5unit_participation,RandomForest,0.05,0.1305273972450355,348250
english_5unit_participation,RandomForest,0.0,0.11582833502098623,348318
english_5unit_participation,RandomForest,0.0510948905109489,0.11582833502098623,348318
english_5unit_participation,RandomForest,0.0783132530120482,0.11582833502098623,348318
english_5unit_participation,RandomForest,0.0,0.11582833502098623,348318
english_5unit_participation,RandomForest,0.3655913978494624,0.4330434478383041,348342
english_5unit_participation,RandomForest,0.5773195876288659,0.4330434478383041,348342
english_5unit_participation,RandomForest,0.6633663366336634,0.4330434478383041,348342
english_5unit_participation,RandomForest,0.8089887640449438,0.4330434478383041,348342
english_5unit_participation,RandomForest,0.6136363636363636,0.526279286883829,349928
english_5unit_participation,RandomForest,0.6444444444444445,0.526279286883829,349928
english_5unit_participation,RandomForest,0.6,0.526279286883829,349928
english_5unit_participation,RandomForest,0.9074074074074074,0.526279286883829,349928
english_5unit_participation,RandomForest,0.3018867924528302,0.30562432347794677,353581
english_5unit_participation,RandomForest,0.32,0.30562432347794677,353581
english_5unit_participation,RandomForest,0.3333333333333333,0.30562432347794677,353581
english_5unit_participation,RandomForest,0.2816901408450704,0.30562432347794677,353581
english_5unit_participation,RandomForest,1.0,0.488872807383308,353599
english_5unit_participation,RandomForest,1.0,0.488872807383308,353599
english_5unit_participation,RandomForest,1.0,0.488872807383308,353599
english_5unit_participation,RandomForest,1.0,0.488872807383308,353599
english_5unit_participation,RandomForest,0.5167785234899329,0.6712081678217356,356212
english_5unit_participation,RandomForest,0.6704545454545454,0.6712081678217356,356212
english_5unit_participation,RandomForest,0.6936936936936937,0.6712081678217356,356212
english_5unit_participation,RandomForest,0.6651162790697674,0.6712081678217356,356212
english_5unit_participation,RandomForest,0.0,0.05059172896292603,359059
english_5unit_participation,RandomForest,0.0,0.05059172896292603,359059
english_5unit_participation,RandomForest,0.0,0.05059172896292603,359059
english_5unit_participation,RandomForest,0.0,0.05059172896292603,359059
english_5unit_participation,RandomForest,0.1538461538461538,0.21851327565371886,359323
english_5unit_participation,RandomForest,0.078125,0.21851327565371886,359323
english_5unit_participation,RandomForest,0.1428571428571428,0.21851327565371886,359323
english_5unit_participation,RandomForest,0.1714285714285714,0.21851327565371886,359323
english_5unit_participation,RandomForest,0.5945945945945946,0.5454854583851874,360040
english_5unit_participation,RandomForest,0.5526315789473685,0.5454854583851874,360040
english_5unit_participation,RandomForest,0.5977653631284916,0.5454854583851874,360040
english_5unit_participation,RandomForest,0.5079365079365079,0.5454854583851874,360040
english_5unit_participation,RandomForest,0.3118279569892473,0.4805417437355044,360123
english_5unit_participation,RandomForest,0.475,0.4805417437355044,360123
english_5unit_participation,RandomForest,0.4803921568627451,0.4805417437355044,360123
english_5unit_participation,RandomForest,0.5441176470588235,0.4805417437355044,360123
english_5unit_participation,RandomForest,0.4651162790697674,0.20809238453327594,360149
english_5unit_participation,RandomForest,0.3552631578947368,0.20809238453327594,360149
english_5unit_participation,RandomForest,0.575,0.20809238453327594,360149
english_5unit_participation,RandomForest,0.5760869565217391,0.20809238453327594,360149
english_5unit_participation,RandomForest,0.7485029940119761,0.5224006802286847,360222
english_5unit_participation,RandomForest,0.7289156626506024,0.5224006802286847,360222
english_5unit_participation,RandomForest,0.6666666666666666,0.5224006802286847,360222
english_5unit_participation,RandomForest,0.8082191780821918,0.5224006802286847,360222
english_5unit_participation,RandomForest,0.0,0.11143659755217646,360503
english_5unit_participation,RandomForest,0.0,0.11143659755217646,360503
english_5unit_participation,RandomForest,0.0,0.11143659755217646,360503
english_5unit_participation,RandomForest,0.0,0.11143659755217646,360503
english_5unit_participation,RandomForest,0.0,0.020985847871027953,360768
english_5unit_participation,RandomForest,0.0,0.020985847871027953,360768
english_5unit_participation,RandomForest,0.0,0.020985847871027953,360768
english_5unit_participation,RandomForest,0.0,0.04003658634892125,366856
english_5unit_participation,RandomForest,0.0,0.11276769999417777,370023
english_5unit_participation,RandomForest,0.0,0.11276769999417777,370023
english_5unit_participation,RandomForest,0.0,0.11276769999417777,370023
english_5unit_participation,RandomForest,0.0,0.11276769999417777,370023
english_5unit_participation,RandomForest,0.5057471264367817,0.6866079746680055,370049
english_5unit_participation,RandomForest,0.5463917525773195,0.6866079746680055,370049
english_5unit_participation,RandomForest,0.8043478260869565,0.6866079746680055,370049
english_5unit_participation,RandomForest,0.62,0.6866079746680055,370049
english_5unit_participation,RandomForest,0.3162055335968379,0.4208451673962397,370072
english_5unit_participation,RandomForest,0.3361344537815126,0.4208451673962397,370072
english_5unit_participation,RandomForest,0.4306049822064057,0.4208451673962397,370072
english_5unit_participation,RandomForest,0.4225352112676056,0.4208451673962397,370072
english_5unit_participation,RandomForest,0.3298969072164948,0.3371231291712006,370122
english_5unit_participation,RandomForest,0.375,0.3371231291712006,370122
english_5unit_participation,RandomForest,0.2204724409448819,0.3371231291712006,370122
english_5unit_participation,RandomForest,0.284313725490196,0.3371231291712006,370122
english_5unit_participation,RandomForest,0.2028985507246377,0.21108643103465213,370155
english_5unit_participation,RandomForest,0.0,0.21108643103465213,370155
english_5unit_participation,RandomForest,0.1964285714285714,0.21108643103465213,370155
english_5unit_participation,RandomForest,0.2424242424242424,0.21108643103465213,370155
english_5unit_participation,RandomForest,0.3023255813953488,0.17381898876936147,370254
english_5unit_participation,RandomForest,0.375,0.17381898876936147,370254
english_5unit_participation,RandomForest,0.3902439024390244,0.17381898876936147,370254
english_5unit_participation,RandomForest,0.4722222222222222,0.17381898876936147,370254
english_5unit_participation,RandomForest,0.2948717948717949,0.318826569558036,370304
english_5unit_participation,RandomForest,0.282051282051282,0.318826569558036,370304
english_5unit_participation,RandomForest,0.5111111111111111,0.318826569558036,370304
english_5unit_participation,RandomForest,0.3076923076923077,0.318826569558036,370304
english_5unit_participation,RandomForest,0.2837837837837837,0.33675810297367287,370312
english_5unit_participation,RandomForest,0.3758169934640523,0.33675810297367287,370312
english_5unit_participation,RandomForest,0.4212218649517685,0.33675810297367287,370312
english_5unit_participation,RandomForest,0.4664179104477612,0.33675810297367287,370312
english_5unit_participation,RandomForest,0.727810650887574,0.6282857780300676,370395
english_5unit_participation,RandomForest,0.7457627118644068,0.6282857780300676,370395
english_5unit_participation,RandomForest,0.7685589519650655,0.6282857780300676,370395
english_5unit_participation,RandomForest,0.7601626016260162,0.6282857780300676,370395
english_5unit_participation,RandomForest,0.0,0.18598080436033118,370494
english_5unit_participation,RandomForest,0.0,0.18598080436033118,370494
english_5unit_participation,RandomForest,0.073394495412844,0.18598080436033118,370494
english_5unit_participation,RandomForest,0.0,0.18598080436033118,370494
english_5unit_participation,RandomForest,0.3076923076923077,0.3308038041273491,370551
english_5unit_participation,RandomForest,0.3714285714285714,0.3308038041273491,370551
english_5unit_participation,RandomForest,0.6486486486486487,0.3308038041273491,370551
english_5unit_participation,RandomForest,0.3863636363636363,0.3308038041273491,370551
english_5unit_participation,RandomForest,0.1864406779661017,0.23043099739617168,372243
english_5unit_participation,RandomForest,0.3389830508474576,0.23043099739617168,372243
english_5unit_participation,RandomForest,0.0,0.16428613089927543,372946
english_5unit_participation,RandomForest,0.0,0.16428613089927543,372946
english_5unit_participation,RandomForest,0.3571428571428571,0.16428613089927543,372946
english_5unit_participation,RandomForest,0.0,0.06021306187627152,372953
english_5unit_participation,RandomForest,0.0,0.06021306187627152,372953
english_5unit_participation,RandomForest,0.0,0.06021306187627152,372953
english_5unit_participation,RandomForest,0.0,0.06021306187627152,372953
english_5unit_participation,RandomForest,0.0,0.012705491258023251,373142
english_5unit_participation,RandomForest,0.0,0.012705491258023251,373142
english_5unit_participation,RandomForest,0.0,0.012705491258023251,373142
english_5unit_participation,RandomForest,0.0,0.012705491258023251,373142
english_5unit_participation,RandomForest,0.0,0.11666455506590295,373357
english_5unit_participation,RandomForest,0.0,0.11666455506590295,373357
english_5unit_participation,RandomForest,0.0,0.11666455506590295,373357
english_5unit_participation,RandomForest,0.0,0.11666455506590295,373357
english_5unit_participation,RandomForest,1.0,0.5539262350091083,374249
english_5unit_participation,RandomForest,0.7692307692307693,0.5539262350091083,374249
english_5unit_participation,RandomForest,0.8333333333333334,0.5539262350091083,374249
english_5unit_participation,RandomForest,0.0584795321637426,0.19804570798308457,378018
english_5unit_participation,RandomForest,0.1352941176470588,0.19804570798308457,378018
english_5unit_participation,RandomForest,0.1185567010309278,0.19804570798308457,378018
english_5unit_participation,RandomForest,0.1191709844559585,0.19804570798308457,378018
english_5unit_participation,RandomForest,0.0,0.14060063619281427,378075
english_5unit_participation,RandomForest,0.0,0.14060063619281427,378075
english_5unit_participation,RandomForest,0.0,0.14060063619281427,378075
english_5unit_participation,RandomForest,0.0,0.14060063619281427,378075
english_5unit_participation,RandomForest,0.4838709677419355,0.2536694680230205,378117
english_5unit_participation,RandomForest,0.5333333333333333,0.2536694680230205,378117
english_5unit_participation,RandomForest,0.5277777777777778,0.2536694680230205,378117
english_5unit_participation,RandomForest,0.6190476190476191,0.2536694680230205,378117
english_5unit_participation,RandomForest,0.5087719298245614,0.30520307444043343,380022
english_5unit_participation,RandomForest,0.5280898876404494,0.30520307444043343,380022
english_5unit_participation,RandomForest,0.4414414414414414,0.30520307444043343,380022
english_5unit_participation,RandomForest,0.5473684210526316,0.30520307444043343,380022
english_5unit_participation,RandomForest,0.4310344827586206,0.39934930964781357,380030
english_5unit_participation,RandomForest,0.3834586466165413,0.39934930964781357,380030
english_5unit_participation,RandomForest,0.3058823529411765,0.39934930964781357,380030
english_5unit_participation,RandomForest,0.3195266272189349,0.39934930964781357,380030
english_5unit_participation,RandomForest,0.1296296296296296,0.18682338637371168,380048
english_5unit_participation,RandomForest,0.2156862745098039,0.18682338637371168,380048
english_5unit_participation,RandomForest,0.3137254901960784,0.18682338637371168,380048
english_5unit_participation,RandomForest,0.4074074074074074,0.18682338637371168,380048
english_5unit_participation,RandomForest,0.25,0.37115305253840397,380055
english_5unit_participation,RandomForest,0.2807017543859649,0.37115305253840397,380055
english_5unit_participation,RandomForest,0.2222222222222222,0.37115305253840397,380055
english_5unit_participation,RandomForest,0.3625,0.37115305253840397,380055
english_5unit_participation,RandomForest,0.0,0.2995084611550043,384016
english_5unit_participation,RandomForest,0.1951219512195122,0.2995084611550043,384016
english_5unit_participation,RandomForest,0.4285714285714285,0.2995084611550043,384016
english_5unit_participation,RandomForest,0.6567164179104478,0.2995084611550043,384016
english_5unit_participation,RandomForest,0.2127659574468085,0.2701520147076185,410001
english_5unit_participation,RandomForest,0.2222222222222222,0.2701520147076185,410001
english_5unit_participation,RandomForest,0.131578947368421,0.2701520147076185,410001
english_5unit_participation,RandomForest,0.3684210526315789,0.2701520147076185,410001
english_5unit_participation,RandomForest,0.1904761904761904,0.275595621160373,410076
english_5unit_participation,RandomForest,0.3103448275862069,0.275595621160373,410076
english_5unit_participation,RandomForest,0.0,0.19474557189439728,417204
english_5unit_participation,RandomForest,0.0,0.19474557189439728,417204
english_5unit_participation,RandomForest,0.0,0.19474557189439728,417204
english_5unit_participation,RandomForest,0.1038961038961039,0.19474557189439728,417204
english_5unit_participation,RandomForest,0.6721311475409836,0.6025998247044053,420018
english_5unit_participation,RandomForest,0.6666666666666666,0.6263553689946144,420026
english_5unit_participation,RandomForest,0.5675675675675675,0.6263553689946144,420026
english_5unit_participation,RandomForest,0.5227272727272727,0.6263553689946144,420026
english_5unit_participation,RandomForest,0.4469696969696969,0.5863411422568976,420489
english_5unit_participation,RandomForest,0.62,0.5863411422568976,420489
english_5unit_participation,RandomForest,0.4903225806451612,0.5863411422568976,420489
english_5unit_participation,RandomForest,0.6294117647058823,0.5863411422568976,420489
english_5unit_participation,RandomForest,0.672077922077922,0.661206693886276,440016
english_5unit_participation,RandomForest,0.6810631229235881,0.661206693886276,440016
english_5unit_participation,RandomForest,0.7428571428571429,0.661206693886276,440016
english_5unit_participation,RandomForest,0.734982332155477,0.661206693886276,440016
english_5unit_participation,RandomForest,0.6723404255319149,0.6100064085738027,440024
english_5unit_participation,RandomForest,0.7272727272727273,0.6100064085738027,440024
english_5unit_participation,RandomForest,0.7161572052401747,0.6100064085738027,440024
english_5unit_participation,RandomForest,0.7782426778242678,0.6100064085738027,440024
english_5unit_participation,RandomForest,0.4375,0.42579088150037425,440040
english_5unit_participation,RandomForest,0.3454545454545454,0.42579088150037425,440040
english_5unit_participation,RandomForest,0.4642857142857143,0.42579088150037425,440040
english_5unit_participation,RandomForest,0.3389830508474576,0.42579088150037425,440040
english_5unit_participation,RandomForest,0.7405247813411079,0.6092886925726072,440065
english_5unit_participation,RandomForest,0.6970684039087948,0.6092886925726072,440065
english_5unit_participation,RandomForest,0.7588424437299035,0.6092886925726072,440065
english_5unit_participation,RandomForest,0.67601246105919,0.6092886925726072,440065
english_5unit_participation,RandomForest,0.2452830188679245,0.3177033766263026,440073
english_5unit_participation,RandomForest,0.3,0.3177033766263026,440073
english_5unit_participation,RandomForest,0.5,0.3177033766263026,440073
english_5unit_participation,RandomForest,0.3448275862068966,0.3177033766263026,440073
english_5unit_participation,RandomForest,0.6293103448275862,0.5460217532968757,440081
english_5unit_participation,RandomForest,0.5524861878453039,0.5460217532968757,440081
english_5unit_participation,RandomForest,0.649746192893401,0.5460217532968757,440081
english_5unit_participation,RandomForest,0.7039106145251397,0.5460217532968757,440081
english_5unit_participation,RandomForest,0.4669811320754717,0.5514848332951295,440099
english_5unit_participation,RandomForest,0.5408163265306123,0.5514848332951295,440099
english_5unit_participation,RandomForest,0.5291666666666667,0.5514848332951295,440099
english_5unit_participation,RandomForest,0.5823293172690763,0.5514848332951295,440099
english_5unit_participation,RandomForest,0.5813953488372093,0.7060988987615278,440107
english_5unit_participation,RandomForest,0.5862068965517241,0.7060988987615278,440107
english_5unit_participation,RandomForest,0.6866197183098591,0.7060988987615278,440107
english_5unit_participation,RandomForest,0.6895306859205776,0.7060988987615278,440107
english_5unit_participation,RandomForest,0.4591194968553459,0.37581749714531637,440115
english_5unit_participation,RandomForest,0.4207317073170731,0.37581749714531637,440115
english_5unit_participation,RandomForest,0.4540229885057471,0.37581749714531637,440115
english_5unit_participation,RandomForest,0.4912280701754385,0.37581749714531637,440115
english_5unit_participation,RandomForest,0.2142857142857142,0.1783807666335743,440131
english_5unit_participation,RandomForest,0.21875,0.1783807666335743,440131
english_5unit_participation,RandomForest,0.2,0.1783807666335743,440131
english_5unit_participation,RandomForest,0.1846153846153846,0.1783807666335743,440131
english_5unit_participation,RandomForest,0.4666666666666667,0.46272568818676385,440149
english_5unit_participation,RandomForest,0.5267175572519084,0.46272568818676385,440149
english_5unit_participation,RandomForest,0.608,0.46272568818676385,440149
english_5unit_participation,RandomForest,0.6341463414634146,0.46272568818676385,440149
english_5unit_participation,RandomForest,0.319672131147541,0.3916599105147596,440156
english_5unit_participation,RandomForest,0.4527027027027027,0.3916599105147596,440156
english_5unit_participation,RandomForest,0.4,0.3916599105147596,440156
english_5unit_participation,RandomForest,0.4455445544554455,0.3916599105147596,440156
english_5unit_participation,RandomForest,0.6752577319587629,0.7351808128141493,440172
english_5unit_participation,RandomForest,0.7532467532467533,0.7351808128141493,440172
english_5unit_participation,RandomForest,0.7117903930131004,0.7351808128141493,440172
english_5unit_participation,RandomForest,0.7046413502109705,0.7351808128141493,440172
english_5unit_participation,RandomForest,0.6092436974789915,0.6033099830405032,440180
english_5unit_participation,RandomForest,0.573943661971831,0.6033099830405032,440180
english_5unit_participation,RandomForest,0.575187969924812,0.6033099830405032,440180
english_5unit_participation,RandomForest,0.5598591549295775,0.6033099830405032,440180
english_5unit_participation,RandomForest,0.4759615384615384,0.44857273789124763,440198
english_5unit_participation,RandomForest,0.5454545454545454,0.44857273789124763,440198
english_5unit_participation,RandomForest,0.5655172413793104,0.44857273789124763,440198
english_5unit_participation,RandomForest,0.4472049689440994,0.44857273789124763,440198
english_5unit_participation,RandomForest,0.1209677419354838,0.539254688011763,440214
english_5unit_participation,RandomForest,0.1379310344827586,0.539254688011763,440214
english_5unit_participation,RandomForest,0.2682926829268293,0.539254688011763,440214
english_5unit_participation,RandomForest,0.2358490566037736,0.539254688011763,440214
english_5unit_participation,RandomForest,0.6727941176470589,0.7415513056163651,440248
english_5unit_participation,RandomForest,0.6643109540636042,0.7415513056163651,440248
english_5unit_participation,RandomForest,0.6871165644171779,0.7415513056163651,440248
english_5unit_participation,RandomForest,0.848780487804878,0.7415513056163651,440248
english_5unit_participation,RandomForest,0.0,0.2933900380661071,440255
english_5unit_participation,RandomForest,0.0,0.2933900380661071,440255
english_5unit_participation,RandomForest,0.0,0.2933900380661071,440255
english_5unit_participation,RandomForest,0.0,0.2933900380661071,440255
english_5unit_participation,RandomForest,0.528344671201814,0.7516019696141931,440289
english_5unit_participation,RandomForest,0.5604838709677419,0.7516019696141931,440289
english_5unit_participation,RandomForest,0.5763888888888888,0.7516019696141931,440289
english_5unit_participation,RandomForest,0.5870841487279843,0.7516019696141931,440289
english_5unit_participation,RandomForest,0.6619718309859155,0.7177312369855925,440297
english_5unit_participation,RandomForest,0.6941176470588235,0.7177312369855925,440297
english_5unit_participation,RandomForest,0.5,0.7177312369855925,440297
english_5unit_participation,RandomForest,0.8028169014084507,0.7177312369855925,440297
english_5unit_participation,RandomForest,1.0,0.30690168778876303,440305
english_5unit_participation,RandomForest,0.3333333333333333,0.30690168778876303,440305
english_5unit_participation,RandomForest,0.2608695652173913,0.30690168778876303,440305
english_5unit_participation,RandomForest,0.0,0.30690168778876303,440305
english_5unit_participation,RandomForest,0.1206896551724138,0.5836902258562621,440313
english_5unit_participation,RandomForest,0.109375,0.5836902258562621,440313
english_5unit_participation,RandomForest,0.0947368421052631,0.5836902258562621,440313
english_5unit_participation,RandomForest,0.1294117647058823,0.5836902258562621,440313
english_5unit_participation,RandomForest,0.0,0.4773097491572543,440321
english_5unit_participation,RandomForest,0.5,0.4773097491572543,440321
english_5unit_participation,RandomForest,0.4727272727272727,0.638894680127287,440339
english_5unit_participation,RandomForest,0.3877551020408163,0.638894680127287,440339
english_5unit_participation,RandomForest,0.6056338028169014,0.638894680127287,440339
english_5unit_participation,RandomForest,0.5285714285714286,0.638894680127287,440339
english_5unit_participation,RandomForest,0.4,0.531966737098803,440347
english_5unit_participation,RandomForest,0.5142857142857142,0.531966737098803,440347
english_5unit_participation,RandomForest,0.3376623376623376,0.531966737098803,440347
english_5unit_participation,RandomForest,0.53125,0.531966737098803,440347
english_5unit_participation,RandomForest,0.0,0.11784396504343703,440354
english_5unit_participation,RandomForest,0.0,0.11784396504343703,440354
english_5unit_participation,RandomForest,0.0,0.11784396504343703,440354
english_5unit_participation,RandomForest,0.0,0.11784396504343703,440354
english_5unit_participation,RandomForest,0.3285714285714285,0.680396073665485,440362
english_5unit_participation,RandomForest,0.4313725490196078,0.680396073665485,440362
english_5unit_participation,RandomForest,0.3888888888888889,0.680396073665485,440362
english_5unit_participation,RandomForest,0.6666666666666666,0.680396073665485,440362
english_5unit_participation,RandomForest,0.5714285714285714,0.5900540882184051,440370
english_5unit_participation,RandomForest,0.5217391304347826,0.5900540882184051,440370
english_5unit_participation,RandomForest,0.4838709677419355,0.5900540882184051,440370
english_5unit_participation,RandomForest,0.574468085106383,0.5900540882184051,440370
english_5unit_participation,RandomForest,0.7790697674418605,0.6272824758472478,440388
english_5unit_participation,RandomForest,0.7741935483870968,0.6272824758472478,440388
english_5unit_participation,RandomForest,0.7666666666666667,0.6272824758472478,440388
english_5unit_participation,RandomForest,0.5583333333333333,0.6272824758472478,440388
english_5unit_participation,RandomForest,0.3846153846153846,0.17144498319909476,440446
english_5unit_participation,RandomForest,0.0,0.17144498319909476,440446
english_5unit_participation,RandomForest,0.4230769230769231,0.17144498319909476,440446
english_5unit_participation,RandomForest,0.4785276073619632,0.5495358088895754,440479
english_5unit_participation,RandomForest,0.6357142857142857,0.5495358088895754,440479
english_5unit_participation,RandomForest,0.6271186440677966,0.5495358088895754,440479
english_5unit_participation,RandomForest,0.4921875,0.5495358088895754,440479
english_5unit_participation,RandomForest,0.0892857142857142,0.3944268952508422,440487
english_5unit_participation,RandomForest,0.1194029850746268,0.3944268952508422,440487
english_5unit_participation,RandomForest,0.2580645161290322,0.3944268952508422,440487
english_5unit_participation,RandomForest,0.358974358974359,0.3944268952508422,440487
english_5unit_participation,RandomForest,0.1764705882352941,0.37877669951899884,440495
english_5unit_participation,RandomForest,0.3,0.37877669951899884,440495
english_5unit_participation,RandomForest,0.2758620689655172,0.37877669951899884,440495
english_5unit_participation,RandomForest,0.2857142857142857,0.37877669951899884,440495
english_5unit_participation,RandomForest,0.52,0.4087170480525666,440503
english_5unit_participation,RandomForest,0.625,0.4087170480525666,440503
english_5unit_participation,RandomForest,0.627906976744186,0.4087170480525666,440503
english_5unit_participation,RandomForest,0.7045454545454546,0.4087170480525666,440503
english_5unit_participation,RandomForest,0.2352941176470588,0.1591452997856569,440545
english_5unit_participation,RandomForest,0.3395061728395062,0.1591452997856569,440545
english_5unit_participation,RandomForest,0.3867924528301887,0.1591452997856569,440545
english_5unit_participation,RandomForest,0.4325842696629213,0.1591452997856569,440545
english_5unit_participation,RandomForest,0.0,0.3340538916185714,440560
english_5unit_participation,RandomForest,0.1481481481481481,0.3340538916185714,440560
english_5unit_participation,RandomForest,0.2407407407407407,0.3340538916185714,440560
english_5unit_participation,RandomForest,0.2115384615384615,0.3340538916185714,440560
english_5unit_participation,RandomForest,0.1923076923076923,0.17809946545388186,440586
english_5unit_participation,RandomForest,0.4210526315789473,0.17809946545388186,440586
english_5unit_participation,RandomForest,0.1785714285714285,0.17809946545388186,440586
english_5unit_participation,RandomForest,0.1891891891891892,0.17809946545388186,440586
english_5unit_participation,RandomForest,1.0,0.26313896903468764,440677
english_5unit_participation,RandomForest,0.5789473684210527,0.26313896903468764,440677
english_5unit_participation,RandomForest,0.65,0.26313896903468764,440677
english_5unit_participation,RandomForest,0.4537037037037037,0.5279613841266877,440834
english_5unit_participation,RandomForest,0.5514018691588785,0.5279613841266877,440834
english_5unit_participation,RandomForest,0.4469696969696969,0.5279613841266877,440834
english_5unit_participation,RandomForest,0.4956521739130435,0.5279613841266877,440834
english_5unit_participation,RandomForest,0.657243816254417,0.5595110703106023,440875
english_5unit_participation,RandomForest,0.6090909090909091,0.5595110703106023,440875
english_5unit_participation,RandomForest,0.5983606557377049,0.5595110703106023,440875
english_5unit_participation,RandomForest,0.5865384615384616,0.5595110703106023,440875
english_5unit_participation,RandomForest,0.45,0.616391775466627,440883
english_5unit_participation,RandomForest,0.8225806451612904,0.616391775466627,440883
english_5unit_participation,RandomForest,0.3478260869565217,0.616391775466627,440883
english_5unit_participation,RandomForest,0.4307692307692308,0.616391775466627,440883
english_5unit_participation,RandomForest,0.3780487804878049,0.4988060948711153,440909
english_5unit_participation,RandomForest,0.4603174603174603,0.4988060948711153,440909
english_5unit_participation,RandomForest,0.5815602836879432,0.4988060948711153,440909
english_5unit_participation,RandomForest,0.5034013605442177,0.4988060948711153,440909
english_5unit_participation,RandomForest,0.3656387665198238,0.5581180363243102,440917
english_5unit_participation,RandomForest,0.4934497816593886,0.5581180363243102,440917
english_5unit_participation,RandomForest,0.4826254826254826,0.5581180363243102,440917
english_5unit_participation,RandomForest,0.513986013986014,0.5581180363243102,440917
english_5unit_participation,RandomForest,0.2985074626865671,0.4042146173031245,440925
english_5unit_participation,RandomForest,0.2272727272727272,0.4042146173031245,440925
english_5unit_participation,RandomForest,0.392,0.4042146173031245,440925
english_5unit_participation,RandomForest,0.4097222222222222,0.4042146173031245,440925
english_5unit_participation,RandomForest,0.0,0.0964177617640105,440933
english_5unit_participation,RandomForest,0.0,0.0964177617640105,440933
english_5unit_participation,RandomForest,0.0,0.0964177617640105,440933
english_5unit_participation,RandomForest,0.0,0.0964177617640105,440933
english_5unit_participation,RandomForest,0.3518518518518518,0.5695759279055845,440941
english_5unit_participation,RandomForest,0.5686274509803921,0.5695759279055845,440941
english_5unit_participation,RandomForest,0.4782608695652174,0.5695759279055845,440941
english_5unit_participation,RandomForest,0.4,0.5695759279055845,440941
english_5unit_participation,RandomForest,0.2539682539682539,0.6652735823962781,440958
english_5unit_participation,RandomForest,0.288135593220339,0.6652735823962781,440958
english_5unit_participation,RandomForest,0.3283582089552239,0.6652735823962781,440958
english_5unit_participation,RandomForest,0.5068493150684932,0.6652735823962781,440958
english_5unit_participation,RandomForest,0.3478260869565217,0.5481397205791643,440982
english_5unit_participation,RandomForest,0.4507772020725388,0.5481397205791643,440982
english_5unit_participation,RandomForest,0.350253807106599,0.5481397205791643,440982
english_5unit_participation,RandomForest,0.4677419354838709,0.5481397205791643,440982
english_5unit_participation,RandomForest,0.3095238095238095,0.39067017205407295,440990
english_5unit_participation,RandomForest,0.392156862745098,0.39067017205407295,440990
english_5unit_participation,RandomForest,0.2941176470588235,0.39067017205407295,440990
english_5unit_participation,RandomForest,0.3846153846153846,0.39067017205407295,440990
english_5unit_participation,RandomForest,0.7674418604651163,0.7062475681051217,441006
english_5unit_participation,RandomForest,0.8706293706293706,0.7062475681051217,441006
english_5unit_participation,RandomForest,0.8562091503267973,0.7062475681051217,441006
english_5unit_participation,RandomForest,0.8108108108108109,0.7062475681051217,441006
english_5unit_participation,RandomForest,0.3764705882352941,0.5249853984519204,441014
english_5unit_participation,RandomForest,0.5842696629213483,0.5249853984519204,441014
english_5unit_participation,RandomForest,0.5428571428571428,0.5249853984519204,441014
english_5unit_participation,RandomForest,0.5806451612903226,0.5249853984519204,441014
english_5unit_participation,RandomForest,0.0,0.4236846578033018,441022
english_5unit_participation,RandomForest,0.0,0.4236846578033018,441022
english_5unit_participation,RandomForest,0.5567010309278351,0.6851253791482631,441030
english_5unit_participation,RandomForest,0.6826923076923077,0.6851253791482631,441030
english_5unit_participation,RandomForest,0.7371134020618557,0.6851253791482631,441030
english_5unit_participation,RandomForest,0.6081081081081081,0.6851253791482631,441030
english_5unit_participation,RandomForest,0.0,0.23449419459809925,441063
english_5unit_participation,RandomForest,0.4473684210526316,0.552976563528272,441089
english_5unit_participation,RandomForest,0.4088397790055249,0.552976563528272,441089
english_5unit_participation,RandomForest,0.387434554973822,0.552976563528272,441089
english_5unit_participation,RandomForest,0.5056818181818182,0.552976563528272,441089
english_5unit_participation,RandomForest,0.4304932735426009,0.40563323845499416,441097
english_5unit_participation,RandomForest,0.3431372549019608,0.40563323845499416,441097
english_5unit_participation,RandomForest,0.4485981308411215,0.40563323845499416,441097
english_5unit_participation,RandomForest,0.4766355140186916,0.40563323845499416,441097
english_5unit_participation,RandomForest,0.1785714285714285,0.3962498761461948,441113
english_5unit_participation,RandomForest,0.3333333333333333,0.3962498761461948,441113
english_5unit_participation,RandomForest,0.3333333333333333,0.3962498761461948,441113
english_5unit_participation,RandomForest,0.5185185185185185,0.3962498761461948,441113
english_5unit_participation,RandomForest,0.4888888888888889,0.6191533020772699,441139
english_5unit_participation,RandomForest,0.6040609137055838,0.6191533020772699,441139
english_5unit_participation,RandomForest,0.635,0.6191533020772699,441139
english_5unit_participation,RandomForest,0.6172248803827751,0.6191533020772699,441139
english_5unit_participation,RandomForest,0.3661971830985915,0.519284678609707,441147
english_5unit_participation,RandomForest,0.4794520547945205,0.519284678609707,441147
english_5unit_participation,RandomForest,0.4158878504672897,0.519284678609707,441147
english_5unit_participation,RandomForest,0.494949494949495,0.519284678609707,441147
english_5unit_participation,RandomForest,0.5185185185185185,0.6985990003376659,441188
english_5unit_participation,RandomForest,0.5925925925925926,0.6985990003376659,441188
english_5unit_participation,RandomForest,0.5178571428571429,0.6985990003376659,441188
english_5unit_participation,RandomForest,0.4038461538461538,0.6985990003376659,441188
english_5unit_participation,RandomForest,0.9308510638297872,0.6380271281652852,441196
english_5unit_participation,RandomForest,0.9605263157894736,0.6380271281652852,441196
english_5unit_participation,RandomForest,0.9702380952380952,0.6380271281652852,441196
english_5unit_participation,RandomForest,1.0,0.6380271281652852,441196
english_5unit_participation,RandomForest,0.7096774193548387,0.39887296371045217,441204
english_5unit_participation,RandomForest,0.6086956521739131,0.39887296371045217,441204
english_5unit_participation,RandomForest,0.6521739130434783,0.39887296371045217,441204
english_5unit_participation,RandomForest,0.75,0.39887296371045217,441204
english_5unit_participation,RandomForest,0.1231884057971014,0.33634922761294267,441212
english_5unit_participation,RandomForest,0.0896551724137931,0.33634922761294267,441212
english_5unit_participation,RandomForest,0.1011904761904761,0.33634922761294267,441212
english_5unit_participation,RandomForest,0.1032258064516129,0.33634922761294267,441212
english_5unit_participation,RandomForest,0.0,0.2643393585656006,441220
english_5unit_participation,RandomForest,0.1538461538461538,0.2643393585656006,441220
english_5unit_participation,RandomForest,0.28,0.2643393585656006,441220
english_5unit_participation,RandomForest,0.0,0.2643393585656006,441220
english_5unit_participation,RandomForest,0.6631016042780749,0.6890162500579059,441238
english_5unit_participation,RandomForest,0.7004608294930875,0.6890162500579059,441238
english_5unit_participation,RandomForest,0.7184466019417476,0.6890162500579059,441238
english_5unit_participation,RandomForest,0.7264150943396226,0.6890162500579059,441238
english_5unit_participation,RandomForest,0.0,0.305349560668818,441253
english_5unit_participation,RandomForest,0.0,0.305349560668818,441253
english_5unit_participation,RandomForest,0.25,0.305349560668818,441253
english_5unit_participation,RandomForest,0.0,0.407315772575326,441261
english_5unit_participation,RandomForest,0.0,0.407315772575326,441261
english_5unit_participation,RandomForest,0.0,0.407315772575326,441261
english_5unit_participation,RandomForest,0.6570247933884298,0.6895802340314109,441279
english_5unit_participation,RandomForest,0.7261146496815286,0.6895802340314109,441279
english_5unit_participation,RandomForest,0.7066666666666667,0.6895802340314109,441279
english_5unit_participation,RandomForest,0.7553516819571865,0.6895802340314109,441279
english_5unit_participation,RandomForest,0.4895833333333333,0.6417433643712948,441287
english_5unit_participation,RandomForest,0.4099378881987577,0.6417433643712948,441287
english_5unit_participation,RandomForest,0.358695652173913,0.6417433643712948,441287
english_5unit_participation,RandomForest,0.4711538461538461,0.6417433643712948,441287
english_5unit_participation,RandomForest,0.4514767932489451,0.5974124781918279,441311
english_5unit_participation,RandomForest,0.4696356275303643,0.5974124781918279,441311
english_5unit_participation,RandomForest,0.428,0.5974124781918279,441311
english_5unit_participation,RandomForest,0.4717948717948718,0.5974124781918279,441311
english_5unit_participation,RandomForest,0.6787709497206704,0.717877571783894,441337
english_5unit_participation,RandomForest,0.6502890173410405,0.717877571783894,441337
english_5unit_participation,RandomForest,0.7396449704142012,0.717877571783894,441337
english_5unit_participation,RandomForest,0.7335243553008596,0.717877571783894,441337
english_5unit_participation,RandomForest,0.3529411764705882,0.17339143627735343,441378
english_5unit_participation,RandomForest,0.5454545454545454,0.17339143627735343,441378
english_5unit_participation,RandomForest,0.4285714285714285,0.17339143627735343,441378
english_5unit_participation,RandomForest,0.2222222222222222,0.17339143627735343,441378
english_5unit_participation,RandomForest,0.60625,0.817284586094006,441410
english_5unit_participation,RandomForest,0.7077922077922078,0.817284586094006,441410
english_5unit_participation,RandomForest,0.8102564102564103,0.817284586094006,441410
english_5unit_participation,RandomForest,0.7611111111111111,0.817284586094006,441410
english_5unit_participation,RandomForest,0.0,0.1254561630911626,441436
english_5unit_participation,RandomForest,0.0,0.1254561630911626,441436
english_5unit_participation,RandomForest,0.0,0.1254561630911626,441436
english_5unit_participation,RandomForest,0.0,0.1254561630911626,441436
english_5unit_participation,RandomForest,0.2727272727272727,0.41943505857255625,441584
english_5unit_participation,RandomForest,0.6818181818181818,0.41943505857255625,441584
english_5unit_participation,RandomForest,0.4864864864864865,0.29804095697419414,441592
english_5unit_participation,RandomForest,0.44,0.29804095697419414,441592
english_5unit_participation,RandomForest,0.6956521739130435,0.29804095697419414,441592
english_5unit_participation,RandomForest,0.5625,0.29804095697419414,441592
english_5unit_participation,RandomForest,0.5816326530612245,0.6915449970355048,441634
english_5unit_participation,RandomForest,0.3522727272727273,0.6915449970355048,441634
english_5unit_participation,RandomForest,0.5188679245283019,0.6915449970355048,441634
english_5unit_participation,RandomForest,0.5619047619047619,0.6915449970355048,441634
english_5unit_participation,RandomForest,0.5,0.568531668268575,441667
english_5unit_participation,RandomForest,0.55,0.568531668268575,441667
english_5unit_participation,RandomForest,0.525,0.568531668268575,441667
english_5unit_participation,RandomForest,0.4539877300613497,0.5705792113285527,441758
english_5unit_participation,RandomForest,0.5376884422110553,0.5705792113285527,441758
english_5unit_participation,RandomForest,0.425287356321839,0.5705792113285527,441758
english_5unit_participation,RandomForest,0.4767441860465116,0.5705792113285527,441758
english_5unit_participation,RandomForest,0.6216216216216216,0.6933390746905032,441808
english_5unit_participation,RandomForest,0.6307692307692307,0.6933390746905032,441808
english_5unit_participation,RandomForest,0.6586538461538461,0.6933390746905032,441808
english_5unit_participation,RandomForest,0.7330097087378641,0.6933390746905032,441808
english_5unit_participation,RandomForest,0.2258064516129032,0.3976074180984927,441816
english_5unit_participation,RandomForest,0.3611111111111111,0.3976074180984927,441816
english_5unit_participation,RandomForest,0.4230769230769231,0.3976074180984927,441816
english_5unit_participation,RandomForest,0.55,0.3976074180984927,441816
english_5unit_participation,RandomForest,0.0,0.4063187000424017,441824
english_5unit_participation,RandomForest,0.0,0.4063187000424017,441824
english_5unit_participation,RandomForest,0.5833333333333334,0.4063187000424017,441824
english_5unit_participation,RandomForest,0.4285714285714285,0.4063187000424017,441824
english_5unit_participation,RandomForest,0.391304347826087,0.4855615284911867,441832
english_5unit_participation,RandomForest,0.7037037037037037,0.4855615284911867,441832
english_5unit_participation,RandomForest,0.4782608695652174,0.4855615284911867,441832
english_5unit_participation,RandomForest,0.5862068965517241,0.4855615284911867,441832
english_5unit_participation,RandomForest,0.1,0.3626952874140405,441857
english_5unit_participation,RandomForest,0.1632653061224489,0.3626952874140405,441857
english_5unit_participation,RandomForest,0.1153846153846153,0.3626952874140405,441857
english_5unit_participation,RandomForest,0.0,0.3626952874140405,441857
english_5unit_participation,RandomForest,0.0,0.20944337992137632,441899
english_5unit_participation,RandomForest,0.0,0.20944337992137632,441899
english_5unit_participation,RandomForest,0.0,0.20944337992137632,441899
english_5unit_participation,RandomForest,0.0,0.20944337992137632,441899
english_5unit_participation,RandomForest,1.0,0.7137788206704607,441972
english_5unit_participation,RandomForest,0.6666666666666666,0.7137788206704607,441972
english_5unit_participation,RandomForest,1.0,0.7137788206704607,441972
english_5unit_participation,RandomForest,1.0,0.7137788206704607,441972
english_5unit_participation,RandomForest,0.5,0.6396637666166497,441980
english_5unit_participation,RandomForest,0.3214285714285714,0.6396637666166497,441980
english_5unit_participation,RandomForest,0.288135593220339,0.6396637666166497,441980
english_5unit_participation,RandomForest,0.4,0.6396637666166497,441980
english_5unit_participation,RandomForest,0.3414634146341463,0.4218992551275206,442004
english_5unit_participation,RandomForest,0.3095238095238095,0.4218992551275206,442004
english_5unit_participation,RandomForest,0.5,0.4218992551275206,442004
english_5unit_participation,RandomForest,0.4561403508771929,0.4218992551275206,442004
english_5unit_participation,RandomForest,0.2264150943396226,0.16377549180055873,442020
english_5unit_participation,RandomForest,0.2553191489361702,0.16377549180055873,442020
english_5unit_participation,RandomForest,0.391304347826087,0.16377549180055873,442020
english_5unit_participation,RandomForest,0.2916666666666667,0.16377549180055873,442020
english_5unit_participation,RandomForest,0.3846153846153846,0.3631004168836093,442038
english_5unit_participation,RandomForest,0.3684210526315789,0.3631004168836093,442038
english_5unit_participation,RandomForest,1.0,0.3631004168836093,442038
english_5unit_participation,RandomForest,0.5671641791044776,0.6318012662052181,442061
english_5unit_participation,RandomForest,0.4722222222222222,0.6318012662052181,442061
english_5unit_participation,RandomForest,0.6308724832214765,0.6318012662052181,442061
english_5unit_participation,RandomForest,0.5875,0.6318012662052181,442061
english_5unit_participation,RandomForest,0.8,0.6029835887280874,442079
english_5unit_participation,RandomForest,0.75,0.6029835887280874,442079
english_5unit_participation,RandomForest,0.8301886792452831,0.6029835887280874,442079
english_5unit_participation,RandomForest,0.8793103448275862,0.6029835887280874,442079
english_5unit_participation,RandomForest,0.0,0.13607227802720487,442111
english_5unit_participation,RandomForest,0.0,0.13607227802720487,442111
english_5unit_participation,RandomForest,0.0,0.13607227802720487,442111
english_5unit_participation,RandomForest,0.1818181818181818,0.17387017190653498,442129
english_5unit_participation,RandomForest,0.0,0.17387017190653498,442129
english_5unit_participation,RandomForest,0.2647058823529412,0.17387017190653498,442129
english_5unit_participation,RandomForest,0.0,0.17387017190653498,442129
english_5unit_participation,RandomForest,0.0,0.11661291994954671,442137
english_5unit_participation,RandomForest,0.1851851851851851,0.11661291994954671,442137
english_5unit_participation,RandomForest,0.0,0.11661291994954671,442137
english_5unit_participation,RandomForest,0.0,0.11661291994954671,442137
english_5unit_participation,RandomForest,0.2325581395348837,0.09247892694727435,442186
english_5unit_participation,RandomForest,0.2903225806451613,0.09247892694727435,442186
english_5unit_participation,RandomForest,0.1395348837209302,0.09247892694727435,442186
english_5unit_participation,RandomForest,0.2058823529411764,0.09247892694727435,442186
english_5unit_participation,RandomForest,0.6170212765957447,0.570574817837027,442236
english_5unit_participation,RandomForest,0.60431654676259,0.570574817837027,442236
english_5unit_participation,RandomForest,0.6717557251908397,0.570574817837027,442236
english_5unit_participation,RandomForest,0.0,0.19877488649215777,442244
english_5unit_participation,RandomForest,0.0,0.19877488649215777,442244
english_5unit_participation,RandomForest,0.0,0.19877488649215777,442244
english_5unit_participation,RandomForest,1.0,0.639302261395148,442251
english_5unit_participation,RandomForest,1.0,0.639302261395148,442251
english_5unit_participation,RandomForest,1.0,0.639302261395148,442251
english_5unit_participation,RandomForest,1.0,0.639302261395148,442251
english_5unit_participation,RandomForest,0.0,0.1853940908229961,442269
english_5unit_participation,RandomForest,0.0,0.1853940908229961,442269
english_5unit_participation,RandomForest,0.0,0.1853940908229961,442269
english_5unit_participation,RandomForest,0.0,0.1853940908229961,442269
english_5unit_participation,RandomForest,0.4454545454545454,0.45722295195393053,442277
english_5unit_participation,RandomForest,0.5112781954887218,0.45722295195393053,442277
english_5unit_participation,RandomForest,0.549618320610687,0.45722295195393053,442277
english_5unit_participation,RandomForest,0.5473684210526316,0.552674684741874,442293
english_5unit_participation,RandomForest,0.5689655172413793,0.41017793572543426,442301
english_5unit_participation,RandomForest,0.3939393939393939,0.41017793572543426,442301
english_5unit_participation,RandomForest,0.6065573770491803,0.41017793572543426,442301
english_5unit_participation,RandomForest,0.5555555555555556,0.41017793572543426,442301
english_5unit_participation,RandomForest,0.3043478260869565,0.48652102639413125,442319
english_5unit_participation,RandomForest,0.4545454545454545,0.48652102639413125,442319
english_5unit_participation,RandomForest,0.6216216216216216,0.48652102639413125,442319
english_5unit_participation,RandomForest,0.7777777777777778,0.48652102639413125,442319
english_5unit_participation,RandomForest,0.4166666666666667,0.269597691304341,442343
english_5unit_participation,RandomForest,0.6666666666666666,0.269597691304341,442343
english_5unit_participation,RandomForest,0.4565217391304347,0.269597691304341,442343
english_5unit_participation,RandomForest,0.7142857142857143,0.269597691304341,442343
english_5unit_participation,RandomForest,0.75,0.7056338673290503,442368
english_5unit_participation,RandomForest,0.7804878048780488,0.7056338673290503,442368
english_5unit_participation,RandomForest,0.7547169811320755,0.7056338673290503,442368
english_5unit_participation,RandomForest,0.8958333333333334,0.7056338673290503,442368
english_5unit_participation,RandomForest,0.0,0.5653915139910981,442384
english_5unit_participation,RandomForest,0.4423076923076923,0.5653915139910981,442384
english_5unit_participation,RandomForest,0.4166666666666667,0.5653915139910981,442384
english_5unit_participation,RandomForest,0.2857142857142857,0.5653915139910981,442384
english_5unit_participation,RandomForest,0.6153846153846154,0.4676899744730518,442392
english_5unit_participation,RandomForest,0.4883720930232558,0.4676899744730518,442392
english_5unit_participation,RandomForest,0.5294117647058824,0.4676899744730518,442392
english_5unit_participation,RandomForest,0.7307692307692307,0.4676899744730518,442392
english_5unit_participation,RandomForest,0.0,0.2487737516979217,442418
english_5unit_participation,RandomForest,0.0,0.2487737516979217,442418
english_5unit_participation,RandomForest,0.0,0.2487737516979217,442418
english_5unit_participation,RandomForest,0.375,0.46612623972999234,442426
english_5unit_participation,RandomForest,0.4,0.46612623972999234,442426
english_5unit_participation,RandomForest,0.0,0.46612623972999234,442426
english_5unit_participation,RandomForest,0.2,0.46612623972999234,442426
english_5unit_participation,RandomForest,0.32,0.4795365443682991,442434
english_5unit_participation,RandomForest,0.5333333333333333,0.4795365443682991,442434
english_5unit_participation,RandomForest,0.0,0.17025241139304265,442517
english_5unit_participation,RandomForest,0.0,0.17025241139304265,442517
english_5unit_participation,RandomForest,0.0,0.17025241139304265,442517
english_5unit_participation,RandomForest,0.0,0.17025241139304265,442517
english_5unit_participation,RandomForest,0.0,0.5137299761117388,442533
english_5unit_participation,RandomForest,0.0,0.5137299761117388,442533
english_5unit_participation,RandomForest,0.0,0.5137299761117388,442533
english_5unit_participation,RandomForest,0.0,0.5137299761117388,442533
english_5unit_participation,RandomForest,0.0,0.17111788425868432,442657
english_5unit_participation,RandomForest,0.0,0.17111788425868432,442657
english_5unit_participation,RandomForest,0.0,0.17111788425868432,442657
english_5unit_participation,RandomForest,0.5384615384615384,0.39146276540035213,442715
english_5unit_participation,RandomForest,0.0,0.39146276540035213,442715
english_5unit_participation,RandomForest,0.0,0.39146276540035213,442715
english_5unit_participation,RandomForest,0.0,0.13134163290356504,442749
english_5unit_participation,RandomForest,0.0,0.13134163290356504,442749
english_5unit_participation,RandomForest,0.0,0.13134163290356504,442749
english_5unit_participation,RandomForest,1.0,0.749505852662357,442772
english_5unit_participation,RandomForest,0.0,0.23791130883158387,442822
english_5unit_participation,RandomForest,0.0,0.23791130883158387,442822
english_5unit_participation,RandomForest,0.0,0.23791130883158387,442822
english_5unit_participation,RandomForest,1.0,0.682692947201955,442855
english_5unit_participation,RandomForest,0.8536585365853658,0.682692947201955,442855
english_5unit_participation,RandomForest,1.0,0.682692947201955,442855
english_5unit_participation,RandomForest,1.0,0.682692947201955,442855
english_5unit_participation,RandomForest,0.4285714285714285,0.3889898672776893,442897
english_5unit_participation,RandomForest,0.5789473684210527,0.3889898672776893,442897
english_5unit_participation,RandomForest,0.4615384615384615,0.3889898672776893,442897
english_5unit_participation,RandomForest,0.5238095238095238,0.3889898672776893,442897
english_5unit_participation,RandomForest,0.1428571428571428,0.3176219902161643,444026
english_5unit_participation,RandomForest,0.0909090909090909,0.3176219902161643,444026
english_5unit_participation,RandomForest,0.2131147540983606,0.3176219902161643,444026
english_5unit_participation,RandomForest,0.1818181818181818,0.3176219902161643,444026
english_5unit_participation,RandomForest,0.0,0.2707781685735836,444034
english_5unit_participation,RandomForest,0.0,0.2707781685735836,444034
english_5unit_participation,RandomForest,0.0,0.2707781685735836,444034
english_5unit_participation,RandomForest,0.1914893617021276,0.2707781685735836,444034
english_5unit_participation,RandomForest,0.8260869565217391,0.7423043384077833,444067
english_5unit_participation,RandomForest,0.7183098591549296,0.7423043384077833,444067
english_5unit_participation,RandomForest,0.7910447761194029,0.7423043384077833,444067
english_5unit_participation,RandomForest,0.7105263157894737,0.7423043384077833,444067
english_5unit_participation,RandomForest,0.6461538461538462,0.6739084891493513,444117
english_5unit_participation,RandomForest,0.6634615384615384,0.6739084891493513,444117
english_5unit_participation,RandomForest,0.5648148148148148,0.6739084891493513,444117
english_5unit_participation,RandomForest,0.7767441860465116,0.6739084891493513,444117
english_5unit_participation,RandomForest,0.247191011235955,0.5351429510209463,444257
english_5unit_participation,RandomForest,0.4137931034482758,0.5351429510209463,444257
english_5unit_participation,RandomForest,0.1764705882352941,0.3679008475491695,444364
english_5unit_participation,RandomForest,0.3962264150943396,0.3679008475491695,444364
english_5unit_participation,RandomForest,0.3703703703703703,0.3679008475491695,444364
english_5unit_participation,RandomForest,0.2941176470588235,0.3679008475491695,444364
english_5unit_participation,RandomForest,0.7148148148148148,0.7191538244671654,444562
english_5unit_participation,RandomForest,0.7518518518518519,0.7191538244671654,444562
english_5unit_participation,RandomForest,0.7615062761506276,0.7191538244671654,444562
english_5unit_participation,RandomForest,0.8111111111111111,0.7191538244671654,444562
english_5unit_participation,RandomForest,0.1692307692307692,0.2955753213516491,444612
english_5unit_participation,RandomForest,0.2714285714285714,0.2955753213516491,444612
english_5unit_participation,RandomForest,0.3,0.2955753213516491,444612
english_5unit_participation,RandomForest,0.3684210526315789,0.2955753213516491,444612
english_5unit_participation,RandomForest,0.0,0.38562902971999125,444646
english_5unit_participation,RandomForest,0.5,0.38562902971999125,444646
english_5unit_participation,RandomForest,0.3969465648854962,0.49824365406306675,444653
english_5unit_participation,RandomForest,0.3865030674846625,0.49824365406306675,444653
english_5unit_participation,RandomForest,0.38,0.49824365406306675,444653
english_5unit_participation,RandomForest,0.4452054794520548,0.49824365406306675,444653
english_5unit_participation,RandomForest,0.4536082474226804,0.5603239715797902,444679
english_5unit_participation,RandomForest,0.7168141592920354,0.5603239715797902,444679
english_5unit_participation,RandomForest,0.7142857142857143,0.5603239715797902,444679
english_5unit_participation,RandomForest,0.4936708860759494,0.5603239715797902,444679
english_5unit_participation,RandomForest,0.3962264150943396,0.5240739418219328,444687
english_5unit_participation,RandomForest,0.3584905660377358,0.5240739418219328,444687
english_5unit_participation,RandomForest,0.3448275862068966,0.5240739418219328,444687
english_5unit_participation,RandomForest,0.3157894736842105,0.5240739418219328,444687
english_5unit_participation,RandomForest,0.5555555555555556,0.48217303084093194,444703
english_5unit_participation,RandomForest,0.7407407407407407,0.48217303084093194,444703
english_5unit_participation,RandomForest,0.8070175438596491,0.48217303084093194,444703
english_5unit_participation,RandomForest,0.8571428571428571,0.48217303084093194,444703
english_5unit_participation,RandomForest,0.6298701298701299,0.6715658583881867,444745
english_5unit_participation,RandomForest,0.6284403669724771,0.6715658583881867,444745
english_5unit_participation,RandomForest,0.7009803921568627,0.6715658583881867,444745
english_5unit_participation,RandomForest,0.6310679611650486,0.6715658583881867,444745
english_5unit_participation,RandomForest,0.3333333333333333,0.5175352934635902,444828
english_5unit_participation,RandomForest,0.4335664335664335,0.5175352934635902,444828
english_5unit_participation,RandomForest,0.4388888888888889,0.5175352934635902,444828
english_5unit_participation,RandomForest,0.52046783625731,0.5175352934635902,444828
english_5unit_participation,RandomForest,0.3713235294117647,0.520150338633113,444836
english_5unit_participation,RandomForest,0.5664335664335665,0.520150338633113,444836
english_5unit_participation,RandomForest,0.5294117647058824,0.520150338633113,444836
english_5unit_participation,RandomForest,0.6467065868263473,0.520150338633113,444836
english_5unit_participation,RandomForest,0.6904761904761905,0.6045745243969325,444844
english_5unit_participation,RandomForest,0.6962025316455697,0.6045745243969325,444844
english_5unit_participation,RandomForest,0.7388535031847133,0.6204644971709062,444935
english_5unit_participation,RandomForest,0.7052023121387283,0.6204644971709062,444935
english_5unit_participation,RandomForest,0.703125,0.6204644971709062,444935
english_5unit_participation,RandomForest,0.6853932584269663,0.6204644971709062,444935
english_5unit_participation,RandomForest,0.2340425531914893,0.3584561424331383,444943
english_5unit_participation,RandomForest,0.2666666666666666,0.3584561424331383,444943
english_5unit_participation,RandomForest,0.3478260869565217,0.3584561424331383,444943
english_5unit_participation,RandomForest,0.3076923076923077,0.3584561424331383,444943
english_5unit_participation,RandomForest,0.1705426356589147,0.3791877501687148,444950
english_5unit_participation,RandomForest,0.3480662983425414,0.3791877501687148,444950
english_5unit_participation,RandomForest,0.2816901408450704,0.3791877501687148,444950
english_5unit_participation,RandomForest,0.3154761904761904,0.3791877501687148,444950
english_5unit_participation,RandomForest,0.1752136752136752,0.2775853454081044,448019
english_5unit_participation,RandomForest,0.2682926829268293,0.2775853454081044,448019
english_5unit_participation,RandomForest,0.2352941176470588,0.2775853454081044,448019
english_5unit_participation,RandomForest,0.2696245733788396,0.2775853454081044,448019
english_5unit_participation,RandomForest,0.073170731707317,0.24959417723618618,448027
english_5unit_participation,RandomForest,0.119047619047619,0.24959417723618618,448027
english_5unit_participation,RandomForest,0.123076923076923,0.24959417723618618,448027
english_5unit_participation,RandomForest,0.1625,0.24959417723618618,448027
english_5unit_participation,RandomForest,0.2262773722627737,0.19739275093669498,448050
english_5unit_participation,RandomForest,0.1301369863013698,0.19739275093669498,448050
english_5unit_participation,RandomForest,0.2278481012658227,0.19739275093669498,448050
english_5unit_participation,RandomForest,0.2287581699346405,0.19739275093669498,448050
english_5unit_participation,RandomForest,0.1095890410958904,0.18895271823145923,448076
english_5unit_participation,RandomForest,0.1564245810055866,0.18895271823145923,448076
english_5unit_participation,RandomForest,0.1878172588832487,0.18895271823145923,448076
english_5unit_participation,RandomForest,0.1124260355029585,0.18895271823145923,448076
english_5unit_participation,RandomForest,0.0,0.1320377697660482,448100
english_5unit_participation,RandomForest,0.0,0.1320377697660482,448100
english_5unit_participation,RandomForest,0.0,0.1320377697660482,448100
english_5unit_participation,RandomForest,0.0714285714285714,0.1320377697660482,448100
english_5unit_participation,RandomForest,0.2678571428571428,0.42797523988138486,448142
english_5unit_participation,RandomForest,0.175438596491228,0.42797523988138486,448142
english_5unit_participation,RandomForest,0.173076923076923,0.42797523988138486,448142
english_5unit_participation,RandomForest,0.25,0.42797523988138486,448142
english_5unit_participation,RandomForest,0.0,0.1152323246676345,448159
english_5unit_participation,RandomForest,0.0,0.1152323246676345,448159
english_5unit_participation,RandomForest,0.088235294117647,0.18393929322401903,448167
english_5unit_participation,RandomForest,0.1488095238095238,0.18393929322401903,448167
english_5unit_participation,RandomForest,0.1446540880503144,0.18393929322401903,448167
english_5unit_participation,RandomForest,0.0,0.18058910306858578,448233
english_5unit_participation,RandomForest,0.0,0.18058910306858578,448233
english_5unit_participation,RandomForest,0.0923076923076923,0.18058910306858578,448233
english_5unit_participation,RandomForest,0.1129032258064516,0.18058910306858578,448233
english_5unit_participation,RandomForest,0.2835820895522388,0.37853121540388196,448241
english_5unit_participation,RandomForest,0.1901408450704225,0.37853121540388196,448241
english_5unit_participation,RandomForest,0.2260273972602739,0.37853121540388196,448241
english_5unit_participation,RandomForest,0.3015075376884422,0.37853121540388196,448241
english_5unit_participation,RandomForest,0.0,0.1279592555627639,448290
english_5unit_participation,RandomForest,0.0,0.1279592555627639,448290
english_5unit_participation,RandomForest,0.0,0.1279592555627639,448290
english_5unit_participation,RandomForest,0.0,0.1279592555627639,448290
english_5unit_participation,RandomForest,0.0,0.16362008921303206,448324
english_5unit_participation,RandomForest,0.2941176470588235,0.16362008921303206,448324
english_5unit_participation,RandomForest,0.0,0.16362008921303206,448324
english_5unit_participation,RandomForest,0.0,0.16362008921303206,448324
english_5unit_participation,RandomForest,0.0,0.2543880934684828,448332
english_5unit_participation,RandomForest,0.0,0.2543880934684828,448332
english_5unit_participation,RandomForest,0.21875,0.2543880934684828,448332
english_5unit_participation,RandomForest,0.4375,0.2543880934684828,448332
english_5unit_participation,RandomForest,0.275,0.39464909188382025,453605
english_5unit_participation,RandomForest,0.4210526315789473,0.39464909188382025,453605
english_5unit_participation,RandomForest,0.24,0.39464909188382025,453605
english_5unit_participation,RandomForest,0.2765957446808511,0.39464909188382025,453605
english_5unit_participation,RandomForest,0.0,0.08780742535511163,455162
english_5unit_participation,RandomForest,0.3043478260869565,0.19594365896049248,455188
english_5unit_participation,RandomForest,0.0,0.1451973971855921,455477
english_5unit_participation,RandomForest,0.0,0.1451973971855921,455477
english_5unit_participation,RandomForest,0.0,0.39801191925131735,460006
english_5unit_participation,RandomForest,0.0,0.39801191925131735,460006
english_5unit_participation,RandomForest,0.0,0.39801191925131735,460006
english_5unit_participation,RandomForest,0.0,0.2394377541685368,460022
english_5unit_participation,RandomForest,0.0,0.2394377541685368,460022
english_5unit_participation,RandomForest,0.0,0.2394377541685368,460022
english_5unit_participation,RandomForest,0.689873417721519,0.5421887694842418,460063
english_5unit_participation,RandomForest,0.7891156462585034,0.5421887694842418,460063
english_5unit_participation,RandomForest,0.7579617834394905,0.5421887694842418,460063
english_5unit_participation,RandomForest,0.772020725388601,0.5421887694842418,460063
english_5unit_participation,RandomForest,0.6081081081081081,0.48119608155984217,460097
english_5unit_participation,RandomForest,0.5517241379310345,0.48119608155984217,460097
english_5unit_participation,RandomForest,0.7222222222222222,0.48119608155984217,460097
english_5unit_participation,RandomForest,0.3775510204081632,0.4891203446049714,460113
english_5unit_participation,RandomForest,0.4571428571428571,0.4891203446049714,460113
english_5unit_participation,RandomForest,0.5233644859813084,0.4891203446049714,460113
english_5unit_participation,RandomForest,0.336734693877551,0.4891203446049714,460113
english_5unit_participation,RandomForest,0.525,0.5341748185197551,460154
english_5unit_participation,RandomForest,0.4,0.5341748185197551,460154
english_5unit_participation,RandomForest,0.391304347826087,0.5341748185197551,460154
english_5unit_participation,RandomForest,0.4482758620689655,0.5341748185197551,460154
english_5unit_participation,RandomForest,1.0,0.1369003250857431,460246
english_5unit_participation,RandomForest,1.0,0.1369003250857431,460246
english_5unit_participation,RandomForest,0.6666666666666666,0.1369003250857431,460246
english_5unit_participation,RandomForest,1.0,0.27380599362712593,460261
english_5unit_participation,RandomForest,0.25,0.27380599362712593,460261
english_5unit_participation,RandomForest,0.4444444444444444,0.3655096129968657,460410
english_5unit_participation,RandomForest,0.44,0.3655096129968657,460410
english_5unit_participation,RandomForest,0.2631578947368421,0.3655096129968657,460410
english_5unit_participation,RandomForest,0.2,0.3655096129968657,460410
english_5unit_participation,RandomForest,0.6753246753246753,0.5394795466150442,460428
english_5unit_participation,RandomForest,0.6486486486486487,0.5394795466150442,460428
english_5unit_participation,RandomForest,0.7159090909090909,0.5394795466150442,460428
english_5unit_participation,RandomForest,0.6419753086419753,0.5394795466150442,460428
english_5unit_participation,RandomForest,0.0,0.03791745868840251,460543
english_5unit_participation,RandomForest,0.0,0.20638018764865926,460592
english_5unit_participation,RandomForest,0.0,0.20638018764865926,460592
english_5unit_participation,RandomForest,0.5238095238095238,0.20638018764865926,460592
english_5unit_participation,RandomForest,0.1351351351351351,0.20638018764865926,460592
english_5unit_participation,RandomForest,0.625,0.12524066186565774,460626
english_5unit_participation,RandomForest,1.0,0.35755057888714253,460667
english_5unit_participation,RandomForest,1.0,0.35755057888714253,460667
english_5unit_participation,RandomForest,1.0,0.35755057888714253,460667
english_5unit_participation,RandomForest,0.0,0.3442814921180233,460691
english_5unit_participation,RandomForest,1.0,0.3442814921180233,460691
english_5unit_participation,RandomForest,0.6875,0.3442814921180233,460691
english_5unit_participation,RandomForest,1.0,0.6189078427289159,462200
english_5unit_participation,RandomForest,1.0,0.6189078427289159,462200
english_5unit_participation,RandomForest,1.0,0.6189078427289159,462200
english_5unit_participation,RandomForest,0.0,0.032702520520075815,462929
english_5unit_participation,RandomForest,0.0,0.032702520520075815,462929
english_5unit_participation,RandomForest,0.1428571428571428,0.2364593431245063,470021
english_5unit_participation,RandomForest,0.2058823529411764,0.2364593431245063,470021
english_5unit_participation,RandomForest,0.2025316455696202,0.2364593431245063,470021
english_5unit_participation,RandomForest,0.1466666666666666,0.2364593431245063,470021
english_5unit_participation,RandomForest,0.1505376344086021,0.23857681318943805,470047
english_5unit_participation,RandomForest,0.1437908496732026,0.23857681318943805,470047
english_5unit_participation,RandomForest,0.0806451612903225,0.23857681318943805,470047
english_5unit_participation,RandomForest,0.1402439024390244,0.23857681318943805,470047
english_5unit_participation,RandomForest,0.225563909774436,0.37877776298874316,470054
english_5unit_participation,RandomForest,0.2,0.37877776298874316,470054
english_5unit_participation,RandomForest,0.2318840579710145,0.37877776298874316,470054
english_5unit_participation,RandomForest,0.3671875,0.37877776298874316,470054
english_5unit_participation,RandomForest,0.1857142857142857,0.33824802587784725,470070
english_5unit_participation,RandomForest,0.0,0.33824802587784725,470070
english_5unit_participation,RandomForest,0.0666666666666666,0.33824802587784725,470070
english_5unit_participation,RandomForest,0.1126760563380281,0.33824802587784725,470070
english_5unit_participation,RandomForest,0.3433734939759036,0.38687509278070775,470096
english_5unit_participation,RandomForest,0.2328042328042328,0.38687509278070775,470096
english_5unit_participation,RandomForest,0.2966507177033493,0.38687509278070775,470096
english_5unit_participation,RandomForest,0.345679012345679,0.38687509278070775,470096
english_5unit_participation,RandomForest,0.4054054054054054,0.575034282808684,470112
english_5unit_participation,RandomForest,0.5176470588235295,0.575034282808684,470112
english_5unit_participation,RandomForest,0.7701149425287356,0.575034282808684,470112
english_5unit_participation,RandomForest,0.631578947368421,0.575034282808684,470112
english_5unit_participation,RandomForest,0.0,0.2738545268341169,470120
english_5unit_participation,RandomForest,0.0,0.2738545268341169,470120
english_5unit_participation,RandomForest,0.0792079207920792,0.2738545268341169,470120
english_5unit_participation,RandomForest,0.1,0.2738545268341169,470120
english_5unit_participation,RandomForest,0.6306306306306306,0.4451872260150548,470138
english_5unit_participation,RandomForest,0.5209302325581395,0.4451872260150548,470138
english_5unit_participation,RandomForest,0.6805555555555556,0.4451872260150548,470138
english_5unit_participation,RandomForest,0.7226890756302521,0.4451872260150548,470138
english_5unit_participation,RandomForest,0.1458333333333333,0.16429037580092903,470146
english_5unit_participation,RandomForest,0.0,0.16429037580092903,470146
english_5unit_participation,RandomForest,0.0,0.16429037580092903,470146
english_5unit_participation,RandomForest,0.0,0.16429037580092903,470146
english_5unit_participation,RandomForest,0.2061068702290076,0.2986394512318802,470187
english_5unit_participation,RandomForest,0.1985294117647058,0.2986394512318802,470187
english_5unit_participation,RandomForest,0.28125,0.2986394512318802,470187
english_5unit_participation,RandomForest,0.2076923076923077,0.2986394512318802,470187
english_5unit_participation,RandomForest,0.2638888888888889,0.37083923305782657,470377
english_5unit_participation,RandomForest,0.293103448275862,0.37083923305782657,470377
english_5unit_participation,RandomForest,0.0,0.37083923305782657,470377
english_5unit_participation,RandomForest,0.0,0.37083923305782657,470377
english_5unit_participation,RandomForest,0.2926829268292683,0.4125918135757106,470443
english_5unit_participation,RandomForest,0.2537313432835821,0.4125918135757106,470443
english_5unit_participation,RandomForest,0.4732142857142857,0.4125918135757106,470443
english_5unit_participation,RandomForest,0.4497991967871486,0.4125918135757106,470443
english_5unit_participation,RandomForest,0.0,0.42766135126884214,470583
english_5unit_participation,RandomForest,0.0,0.42766135126884214,470583
english_5unit_participation,RandomForest,0.0,0.42766135126884214,470583
english_5unit_participation,RandomForest,0.6483516483516484,0.5430320005401084,470591
english_5unit_participation,RandomForest,0.5962732919254659,0.5430320005401084,470591
english_5unit_participation,RandomForest,0.6237623762376238,0.5430320005401084,470591
english_5unit_participation,RandomForest,0.6792452830188679,0.5430320005401084,470591
english_5unit_participation,RandomForest,0.5808823529411765,0.5608719696567213,470625
english_5unit_participation,RandomForest,0.6474820143884892,0.5608719696567213,470625
english_5unit_participation,RandomForest,0.7245508982035929,0.5608719696567213,470625
english_5unit_participation,RandomForest,0.7908496732026143,0.5608719696567213,470625
english_5unit_participation,RandomForest,0.5514705882352942,0.46272929978820015,470963
english_5unit_participation,RandomForest,0.5594405594405595,0.46272929978820015,470963
english_5unit_participation,RandomForest,0.3984962406015037,0.46272929978820015,470963
english_5unit_participation,RandomForest,0.55625,0.46272929978820015,470963
english_5unit_participation,RandomForest,0.3260869565217391,0.4065025446766174,471011
english_5unit_participation,RandomForest,0.3425414364640884,0.4065025446766174,471011
english_5unit_participation,RandomForest,0.3885350318471338,0.4065025446766174,471011
english_5unit_participation,RandomForest,0.3061224489795918,0.4065025446766174,471011
english_5unit_participation,RandomForest,0.1724137931034483,0.2087524800998123,472332
english_5unit_participation,RandomForest,0.144578313253012,0.2087524800998123,472332
english_5unit_participation,RandomForest,0.3376623376623376,0.2087524800998123,472332
english_5unit_participation,RandomForest,0.0,0.4633481022792471,476986
english_5unit_participation,RandomForest,0.0,0.4633481022792471,476986
english_5unit_participation,RandomForest,0.0,0.4633481022792471,476986
english_5unit_participation,RandomForest,0.1787709497206704,0.25611584657785796,478016
english_5unit_participation,RandomForest,0.1786833855799373,0.25611584657785796,478016
english_5unit_participation,RandomForest,0.2609756097560975,0.25611584657785796,478016
english_5unit_participation,RandomForest,0.2524752475247525,0.25611584657785796,478016
english_5unit_participation,RandomForest,0.0,0.2981158307089583,480038
english_5unit_participation,RandomForest,0.0,0.2981158307089583,480038
english_5unit_participation,RandomForest,0.1515151515151515,0.2981158307089583,480038
english_5unit_participation,RandomForest,0.1272727272727272,0.2981158307089583,480038
english_5unit_participation,RandomForest,0.5789473684210527,0.5524378942254091,480046
english_5unit_participation,RandomForest,0.5375722543352601,0.5524378942254091,480046
english_5unit_participation,RandomForest,0.591304347826087,0.5524378942254091,480046
english_5unit_participation,RandomForest,0.7008928571428571,0.5524378942254091,480046
english_5unit_participation,RandomForest,0.2711864406779661,0.274771059571935,480061
english_5unit_participation,RandomForest,0.2830188679245283,0.274771059571935,480061
english_5unit_participation,RandomForest,0.2647058823529412,0.274771059571935,480061
english_5unit_participation,RandomForest,0.3181818181818182,0.274771059571935,480061
english_5unit_participation,RandomForest,0.0,0.2845943701105133,480087
english_5unit_participation,RandomForest,0.0,0.2845943701105133,480087
english_5unit_participation,RandomForest,0.0,0.2845943701105133,480087
english_5unit_participation,RandomForest,0.0,0.2845943701105133,480087
english_5unit_participation,RandomForest,0.1125,0.30640185908342754,480145
english_5unit_participation,RandomForest,0.1123595505617977,0.30640185908342754,480145
english_5unit_participation,RandomForest,0.1159420289855072,0.30640185908342754,480145
english_5unit_participation,RandomForest,0.2307692307692307,0.30640185908342754,480145
english_5unit_participation,RandomForest,0.3809523809523809,0.4378472230964222,480178
english_5unit_participation,RandomForest,0.3409090909090909,0.4378472230964222,480178
english_5unit_participation,RandomForest,0.358974358974359,0.4378472230964222,480178
english_5unit_participation,RandomForest,0.3846153846153846,0.4378472230964222,480178
english_5unit_participation,RandomForest,0.0,0.2329384827769194,484006
english_5unit_participation,RandomForest,0.4081632653061224,0.34312881925826716,490037
english_5unit_participation,RandomForest,0.4464285714285714,0.34312881925826716,490037
english_5unit_participation,RandomForest,0.4135338345864661,0.34312881925826716,490037
english_5unit_participation,RandomForest,0.4726027397260274,0.34312881925826716,490037
english_5unit_participation,RandomForest,0.5296442687747036,0.6436025077615072,490052
english_5unit_participation,RandomForest,0.547244094488189,0.6436025077615072,490052
english_5unit_participation,RandomForest,0.5910931174089069,0.6436025077615072,490052
english_5unit_participation,RandomForest,0.7291666666666666,0.6436025077615072,490052
english_5unit_participation,RandomForest,0.5773195876288659,0.7463435655073599,499681
english_5unit_participation,RandomForest,0.3023255813953488,0.3677005228194217,499806
english_5unit_participation,RandomForest,0.1785714285714285,0.3677005228194217,499806
english_5unit_participation,RandomForest,0.4347826086956521,0.3677005228194217,499806
english_5unit_participation,RandomForest,0.0,0.33204680613794385,520098
english_5unit_participation,RandomForest,1.0,0.7076678796401581,540021
english_5unit_participation,RandomForest,0.9452054794520548,0.7076678796401581,540021
english_5unit_participation,RandomForest,0.8940397350993378,0.7076678796401581,540021
english_5unit_participation,RandomForest,0.950354609929078,0.7076678796401581,540021
english_5unit_participation,RandomForest,0.1470588235294117,0.289076402779295,540039
english_5unit_participation,RandomForest,0.0,0.289076402779295,540039
english_5unit_participation,RandomForest,0.7254901960784313,0.6846092974301703,540062
english_5unit_participation,RandomForest,0.7906976744186046,0.6846092974301703,540062
english_5unit_participation,RandomForest,0.8260869565217391,0.6846092974301703,540062
english_5unit_participation,RandomForest,0.7584269662921348,0.6846092974301703,540062
english_5unit_participation,RandomForest,0.7384615384615385,0.7407240689093432,540070
english_5unit_participation,RandomForest,0.7247706422018348,0.7407240689093432,540070
english_5unit_participation,RandomForest,0.7207207207207207,0.7407240689093432,540070
english_5unit_participation,RandomForest,0.8641304347826086,0.7407240689093432,540070
english_5unit_participation,RandomForest,0.8754578754578755,0.7632121243471681,540088
english_5unit_participation,RandomForest,0.9210526315789472,0.7632121243471681,540088
english_5unit_participation,RandomForest,0.9084249084249084,0.7632121243471681,540088
english_5unit_participation,RandomForest,0.9428571428571428,0.7632121243471681,540088
english_5unit_participation,RandomForest,0.6886792452830188,0.756120024903913,540112
english_5unit_participation,RandomForest,0.6859903381642513,0.756120024903913,540112
english_5unit_participation,RandomForest,0.8009259259259259,0.756120024903913,540112
english_5unit_participation,RandomForest,0.74609375,0.756120024903913,540112
english_5unit_participation,RandomForest,0.3255813953488372,0.4151265560961768,540120
english_5unit_participation,RandomForest,0.3086419753086419,0.4151265560961768,540120
english_5unit_participation,RandomForest,0.2025316455696202,0.4151265560961768,540120
english_5unit_participation,RandomForest,0.303030303030303,0.4151265560961768,540120
english_5unit_participation,RandomForest,0.7926421404682275,0.769144903136311,540146
english_5unit_participation,RandomForest,0.8245614035087719,0.769144903136311,540146
english_5unit_participation,RandomForest,0.851063829787234,0.769144903136311,540146
english_5unit_participation,RandomForest,0.7844827586206896,0.769144903136311,540146
english_5unit_participation,RandomForest,0.2553191489361702,0.451991526895016,540153
english_5unit_participation,RandomForest,0.1846153846153846,0.451991526895016,540153
english_5unit_participation,RandomForest,0.3833333333333333,0.451991526895016,540153
english_5unit_participation,RandomForest,0.360655737704918,0.451991526895016,540153
english_5unit_participation,RandomForest,0.3333333333333333,0.24979190174295154,540161
english_5unit_participation,RandomForest,0.3478260869565217,0.24979190174295154,540161
english_5unit_participation,RandomForest,0.2962962962962963,0.24979190174295154,540161
english_5unit_participation,RandomForest,0.40625,0.24979190174295154,540161
english_5unit_participation,RandomForest,0.2941176470588235,0.3619996951069278,540179
english_5unit_participation,RandomForest,0.4102564102564102,0.3619996951069278,540179
english_5unit_participation,RandomForest,0.36,0.3619996951069278,540179
english_5unit_participation,RandomForest,0.4871794871794871,0.3619996951069278,540179
english_5unit_participation,RandomForest,0.2142857142857142,0.2611838774823616,540187
english_5unit_participation,RandomForest,0.1590909090909091,0.2611838774823616,540187
english_5unit_participation,RandomForest,0.2682926829268293,0.2611838774823616,540187
english_5unit_participation,RandomForest,0.2564102564102564,0.2611838774823616,540187
english_5unit_participation,RandomForest,0.3137254901960784,0.5003560855125998,540195
english_5unit_participation,RandomForest,0.3798449612403101,0.5003560855125998,540195
english_5unit_participation,RandomForest,0.3859649122807017,0.5003560855125998,540195
english_5unit_participation,RandomForest,0.4879227053140096,0.5003560855125998,540195
english_5unit_participation,RandomForest,0.8575498575498576,0.655205486730939,540203
english_5unit_participation,RandomForest,0.9098837209302324,0.655205486730939,540203
english_5unit_participation,RandomForest,0.9169139465875372,0.655205486730939,540203
english_5unit_participation,RandomForest,0.9248554913294798,0.655205486730939,540203
english_5unit_participation,RandomForest,0.8232558139534883,0.7543647207015955,540211
english_5unit_participation,RandomForest,0.8329411764705882,0.7543647207015955,540211
english_5unit_participation,RandomForest,0.8829787234042553,0.7543647207015955,540211
english_5unit_participation,RandomForest,0.8111587982832618,0.7543647207015955,540211
english_5unit_participation,RandomForest,0.7674418604651163,0.3938076935045229,540237
english_5unit_participation,RandomForest,0.726027397260274,0.3938076935045229,540237
english_5unit_participation,RandomForest,0.5238095238095238,0.3938076935045229,540237
english_5unit_participation,RandomForest,0.6176470588235294,0.3938076935045229,540237
english_5unit_participation,RandomForest,0.6266666666666667,0.6301650904503364,540252
english_5unit_participation,RandomForest,0.717948717948718,0.6301650904503364,540252
english_5unit_participation,RandomForest,0.652542372881356,0.6301650904503364,540252
english_5unit_participation,RandomForest,0.8333333333333334,0.6301650904503364,540252
english_5unit_participation,RandomForest,0.7986425339366516,0.781575553456989,540286
english_5unit_participation,RandomForest,0.8422273781902552,0.781575553456989,540286
english_5unit_participation,RandomForest,0.8179871520342612,0.781575553456989,540286
english_5unit_participation,RandomForest,0.8305785123966942,0.781575553456989,540286
english_5unit_participation,RandomForest,0.5625,0.6436761222373729,540294
english_5unit_participation,RandomForest,0.5426829268292683,0.6436761222373729,540294
english_5unit_participation,RandomForest,0.581081081081081,0.6436761222373729,540294
english_5unit_participation,RandomForest,0.6193181818181818,0.6436761222373729,540294
english_5unit_participation,RandomForest,0.3432835820895522,0.3659460369818881,540302
english_5unit_participation,RandomForest,0.3380281690140845,0.3659460369818881,540302
english_5unit_participation,RandomForest,0.3333333333333333,0.3659460369818881,540302
english_5unit_participation,RandomForest,0.430379746835443,0.3659460369818881,540302
english_5unit_participation,RandomForest,0.2791878172588832,0.53929727843159,540310
english_5unit_participation,RandomForest,0.3248730964467005,0.53929727843159,540310
english_5unit_participation,RandomForest,0.4271844660194174,0.53929727843159,540310
english_5unit_participation,RandomForest,0.3641618497109826,0.53929727843159,540310
english_5unit_participation,RandomForest,0.6985815602836879,0.6389783794555037,540328
english_5unit_participation,RandomForest,0.6519823788546255,0.6389783794555037,540328
english_5unit_participation,RandomForest,0.6907216494845361,0.6389783794555037,540328
english_5unit_participation,RandomForest,0.5791666666666667,0.6389783794555037,540328
english_5unit_participation,RandomForest,0.5886075949367089,0.6765218836938629,540344
english_5unit_participation,RandomForest,0.6349206349206349,0.6765218836938629,540344
english_5unit_participation,RandomForest,0.6335403726708074,0.6765218836938629,540344
english_5unit_participation,RandomForest,0.6218487394957983,0.6765218836938629,540344
english_5unit_participation,RandomForest,0.2767295597484276,0.38031776332664746,540351
english_5unit_participation,RandomForest,0.3846153846153846,0.38031776332664746,540351
english_5unit_participation,RandomForest,0.2276422764227642,0.38031776332664746,540351
english_5unit_participation,RandomForest,0.3161290322580645,0.38031776332664746,540351
english_5unit_participation,RandomForest,0.2361111111111111,0.34231137729450234,540369
english_5unit_participation,RandomForest,0.0,0.34231137729450234,540369
english_5unit_participation,RandomForest,0.2,0.34231137729450234,540369
english_5unit_participation,RandomForest,0.2,0.34231137729450234,540369
english_5unit_participation,RandomForest,0.3076923076923077,0.4412212163897233,540377
english_5unit_participation,RandomForest,0.2272727272727272,0.4412212163897233,540377
english_5unit_participation,RandomForest,0.0,0.4412212163897233,540377
english_5unit_participation,RandomForest,0.3611111111111111,0.4412212163897233,540377
english_5unit_participation,RandomForest,0.5121951219512195,0.6906820704311226,540385
english_5unit_participation,RandomForest,0.65,0.6906820704311226,540385
english_5unit_participation,RandomForest,0.7441860465116279,0.6906820704311226,540385
english_5unit_participation,RandomForest,0.6779661016949152,0.6906820704311226,540385
english_5unit_participation,RandomForest,0.2127659574468085,0.6686506511408399,540443
english_5unit_participation,RandomForest,0.4508196721311475,0.6686506511408399,540443
english_5unit_participation,RandomForest,0.4014084507042254,0.6686506511408399,540443
english_5unit_participation,RandomForest,0.5666666666666667,0.6686506511408399,540443
english_5unit_participation,RandomForest,0.5151515151515151,0.6957916389555832,540476
english_5unit_participation,RandomForest,0.5135135135135135,0.6957916389555832,540476
english_5unit_participation,RandomForest,0.5263157894736842,0.6957916389555832,540476
english_5unit_participation,RandomForest,0.5277777777777778,0.6957916389555832,540476
english_5unit_participation,RandomForest,0.6451612903225806,0.5669551798187648,540484
english_5unit_participation,RandomForest,0.6818181818181818,0.5669551798187648,540484
english_5unit_participation,RandomForest,0.6792452830188679,0.5669551798187648,540484
english_5unit_participation,RandomForest,0.6410256410256411,0.5669551798187648,540484
english_5unit_participation,RandomForest,0.3443396226415094,0.44956223644564725,540492
english_5unit_participation,RandomForest,0.3333333333333333,0.44956223644564725,540492
english_5unit_participation,RandomForest,0.4491978609625668,0.44956223644564725,540492
english_5unit_participation,RandomForest,0.4511627906976744,0.44956223644564725,540492
english_5unit_participation,RandomForest,0.217391304347826,0.2703760560115173,540518
english_5unit_participation,RandomForest,0.125,0.2703760560115173,540518
english_5unit_participation,RandomForest,0.0,0.2703760560115173,540518
english_5unit_participation,RandomForest,0.0,0.2703760560115173,540518
english_5unit_participation,RandomForest,0.15,0.26912277664646606,540534
english_5unit_participation,RandomForest,0.2558139534883721,0.26912277664646606,540534
english_5unit_participation,RandomForest,0.2325581395348837,0.26912277664646606,540534
english_5unit_participation,RandomForest,0.2666666666666666,0.26912277664646606,540534
english_5unit_participation,RandomForest,0.9215686274509804,0.6947211573586715,540591
english_5unit_participation,RandomForest,0.7898550724637681,0.6947211573586715,540591
english_5unit_participation,RandomForest,0.7008547008547008,0.6947211573586715,540591
english_5unit_participation,RandomForest,0.738255033557047,0.6947211573586715,540591
english_5unit_participation,RandomForest,0.0,0.5064902094917184,540674
english_5unit_participation,RandomForest,0.0,0.5064902094917184,540674
english_5unit_participation,RandomForest,0.25,0.5064902094917184,540674
english_5unit_participation,RandomForest,0.1666666666666666,0.5064902094917184,540674
english_5unit_participation,RandomForest,0.3444444444444444,0.6200689517633815,540807
english_5unit_participation,RandomForest,0.5698924731182796,0.6200689517633815,540807
english_5unit_participation,RandomForest,0.4343434343434343,0.6200689517633815,540807
english_5unit_participation,RandomForest,0.4615384615384615,0.6200689517633815,540807
english_5unit_participation,RandomForest,0.6826923076923077,0.7123272103454374,540849
english_5unit_participation,RandomForest,0.5565217391304348,0.7123272103454374,540849
english_5unit_participation,RandomForest,0.794392523364486,0.7123272103454374,540849
english_5unit_participation,RandomForest,0.7032967032967034,0.7123272103454374,540849
english_5unit_participation,RandomForest,0.3586206896551724,0.4734920844799467,540864
english_5unit_participation,RandomForest,0.2818791946308724,0.4734920844799467,540864
english_5unit_participation,RandomForest,0.3935483870967742,0.4734920844799467,540864
english_5unit_participation,RandomForest,0.4823529411764706,0.4734920844799467,540864
english_5unit_participation,RandomForest,0.6984126984126984,0.4220238179172645,540898
english_5unit_participation,RandomForest,0.6470588235294118,0.4220238179172645,540898
english_5unit_participation,RandomForest,0.625,0.4220238179172645,540898
english_5unit_participation,RandomForest,0.4651162790697674,0.4220238179172645,540898
english_5unit_participation,RandomForest,0.8884758364312267,0.7467727634992138,541045
english_5unit_participation,RandomForest,0.8318965517241379,0.7467727634992138,541045
english_5unit_participation,RandomForest,0.8686440677966102,0.7467727634992138,541045
english_5unit_participation,RandomForest,0.8878923766816144,0.7467727634992138,541045
english_5unit_participation,RandomForest,0.5833333333333334,0.5670578890771004,541110
english_5unit_participation,RandomForest,0.5925,0.5670578890771004,541110
english_5unit_participation,RandomForest,0.5863874345549738,0.5670578890771004,541110
english_5unit_participation,RandomForest,0.553763440860215,0.5670578890771004,541110
english_5unit_participation,RandomForest,0.5094339622641509,0.6185197178505148,541169
english_5unit_participation,RandomForest,0.5461847389558233,0.6185197178505148,541169
english_5unit_participation,RandomForest,0.6069868995633187,0.6185197178505148,541169
english_5unit_participation,RandomForest,0.6138613861386139,0.6185197178505148,541169
english_5unit_participation,RandomForest,0.1226415094339622,0.3758036227322685,541268
english_5unit_participation,RandomForest,0.1359223300970873,0.3758036227322685,541268
english_5unit_participation,RandomForest,0.1368421052631579,0.3758036227322685,541268
english_5unit_participation,RandomForest,0.15,0.3758036227322685,541268
english_5unit_participation,RandomForest,0.0,0.29032800334568715,541367
english_5unit_participation,RandomForest,0.0,0.29032800334568715,541367
english_5unit_participation,RandomForest,0.0,0.29032800334568715,541367
english_5unit_participation,RandomForest,0.0,0.29032800334568715,541367
english_5unit_participation,RandomForest,0.0,0.07442681078065974,541466
english_5unit_participation,RandomForest,0.0,0.07442681078065974,541466
english_5unit_participation,RandomForest,0.0,0.07442681078065974,541466
english_5unit_participation,RandomForest,0.0,0.07442681078065974,541466
english_5unit_participation,RandomForest,1.0,0.413496720264886,541581
english_5unit_participation,RandomForest,1.0,0.413496720264886,541581
english_5unit_participation,RandomForest,1.0,0.413496720264886,541581
english_5unit_participation,RandomForest,0.1785714285714285,0.5253582928036746,541730
english_5unit_participation,RandomForest,0.0,0.5253582928036746,541730
english_5unit_participation,RandomForest,1.0,0.5253582928036746,541730
english_5unit_participation,RandomForest,0.0,0.19054863966036045,541789
english_5unit_participation,RandomForest,0.0,0.19054863966036045,541789
english_5unit_participation,RandomForest,0.0,0.19054863966036045,541789
english_5unit_participation,RandomForest,0.0,0.19054863966036045,541789
english_5unit_participation,RandomForest,0.3333333333333333,0.7081117446001086,541805
english_5unit_participation,RandomForest,0.4210526315789473,0.7081117446001086,541805
english_5unit_participation,RandomForest,0.5263157894736842,0.7081117446001086,541805
english_5unit_participation,RandomForest,0.25,0.7081117446001086,541805
english_5unit_participation,RandomForest,0.0,0.15122807173956215,541839
english_5unit_participation,RandomForest,0.0,0.15122807173956215,541839
english_5unit_participation,RandomForest,0.0,0.15122807173956215,541839
english_5unit_participation,RandomForest,0.0,0.15122807173956215,541839
english_5unit_participation,RandomForest,0.0,0.18506169471525566,541920
english_5unit_participation,RandomForest,0.2941176470588235,0.18506169471525566,541920
english_5unit_participation,RandomForest,0.0,0.18506169471525566,541920
english_5unit_participation,RandomForest,0.0,0.18506169471525566,541920
english_5unit_participation,RandomForest,0.3103448275862069,0.0537783047219654,542027
english_5unit_participation,RandomForest,0.5,0.0537783047219654,542027
english_5unit_participation,RandomForest,0.4166666666666667,0.0537783047219654,542027
english_5unit_participation,RandomForest,0.5925925925925926,0.0537783047219654,542027
english_5unit_participation,RandomForest,0.8681318681318682,0.5409334337370537,544312
english_5unit_participation,RandomForest,0.8850574712643678,0.5409334337370537,544312
english_5unit_participation,RandomForest,0.8163265306122449,0.5409334337370537,544312
english_5unit_participation,RandomForest,0.7815126050420168,0.5409334337370537,544312
english_5unit_participation,RandomForest,0.4266666666666667,0.530763556352511,544353
english_5unit_participation,RandomForest,0.3741007194244604,0.530763556352511,544353
english_5unit_participation,RandomForest,0.3622047244094488,0.530763556352511,544353
english_5unit_participation,RandomForest,0.4539473684210526,0.530763556352511,544353
english_5unit_participation,RandomForest,0.5543478260869565,0.4189638099479506,544395
english_5unit_participation,RandomForest,0.6833333333333333,0.4189638099479506,544395
english_5unit_participation,RandomForest,0.8085106382978723,0.4189638099479506,544395
english_5unit_participation,RandomForest,0.7444444444444445,0.4189638099479506,544395
english_5unit_participation,RandomForest,0.0,0.17503200263560628,544478
english_5unit_participation,RandomForest,0.0,0.17503200263560628,544478
english_5unit_participation,RandomForest,0.18,0.17503200263560628,544478
english_5unit_participation,RandomForest,0.1272727272727272,0.17503200263560628,544478
english_5unit_participation,RandomForest,0.5087719298245614,0.7082040164080694,544494
english_5unit_participation,RandomForest,0.5375,0.7082040164080694,544494
english_5unit_participation,RandomForest,0.684931506849315,0.7082040164080694,544494
english_5unit_participation,RandomForest,0.6,0.7082040164080694,544494
english_5unit_participation,RandomForest,0.4135338345864661,0.5333606822797439,544528
english_5unit_participation,RandomForest,0.5448275862068965,0.5333606822797439,544528
english_5unit_participation,RandomForest,0.4677419354838709,0.5333606822797439,544528
english_5unit_participation,RandomForest,0.416,0.5333606822797439,544528
english_5unit_participation,RandomForest,0.3058823529411765,0.5207169806303851,544593
english_5unit_participation,RandomForest,0.4473684210526316,0.5207169806303851,544593
english_5unit_participation,RandomForest,0.5384615384615384,0.5207169806303851,544593
english_5unit_participation,RandomForest,0.5596330275229358,0.5207169806303851,544593
english_5unit_participation,RandomForest,0.3829787234042553,0.47312669741984426,544668
english_5unit_participation,RandomForest,0.5517241379310345,0.47312669741984426,544668
english_5unit_participation,RandomForest,0.4509803921568627,0.47312669741984426,544668
english_5unit_participation,RandomForest,0.5769230769230769,0.47312669741984426,544668
english_5unit_participation,RandomForest,0.2790697674418604,0.3069571486876052,544692
english_5unit_participation,RandomForest,0.2727272727272727,0.3069571486876052,544692
english_5unit_participation,RandomForest,0.4285714285714285,0.3069571486876052,544692
english_5unit_participation,RandomForest,0.3,0.3069571486876052,544692
english_5unit_participation,RandomForest,0.28125,0.253597333019023,547042
english_5unit_participation,RandomForest,0.4583333333333333,0.253597333019023,547042
english_5unit_participation,RandomForest,0.4444444444444444,0.253597333019023,547042
english_5unit_participation,RandomForest,0.4242424242424242,0.253597333019023,547042
english_5unit_participation,RandomForest,0.1184210526315789,0.23990330099665597,548016
english_5unit_participation,RandomForest,0.1864406779661017,0.23990330099665597,548016
english_5unit_participation,RandomForest,0.2972972972972973,0.23990330099665597,548016
english_5unit_participation,RandomForest,0.3148148148148148,0.23990330099665597,548016
english_5unit_participation,RandomForest,1.0,0.38196854748327347,548040
english_5unit_participation,RandomForest,0.4848484848484848,0.3230404232331647,548404
english_5unit_participation,RandomForest,0.2413793103448276,0.3230404232331647,548404
english_5unit_participation,RandomForest,0.4634146341463415,0.3230404232331647,548404
english_5unit_participation,RandomForest,0.575,0.3230404232331647,548404
english_5unit_participation,RandomForest,0.0,0.18672749535876093,560045
english_5unit_participation,RandomForest,0.4285714285714285,0.07668111384168332,560094
english_5unit_participation,RandomForest,0.4210526315789473,0.07668111384168332,560094
english_5unit_participation,RandomForest,0.5909090909090909,0.07668111384168332,560094
english_5unit_participation,RandomForest,1.0,0.6951171074094625,560136
english_5unit_participation,RandomForest,1.0,0.6951171074094625,560136
english_5unit_participation,RandomForest,0.0,0.04190781842127702,560268
english_5unit_participation,RandomForest,0.0,0.20195733358192072,560342
english_5unit_participation,RandomForest,0.0,0.20195733358192072,560342
english_5unit_participation,RandomForest,0.5526315789473685,0.5396866789456454,560508
english_5unit_participation,RandomForest,0.6103896103896104,0.5396866789456454,560508
english_5unit_participation,RandomForest,0.5373134328358209,0.5396866789456454,560508
english_5unit_participation,RandomForest,0.8438818565400844,0.7648293234703426,570036
english_5unit_participation,RandomForest,0.8212927756653993,0.7648293234703426,570036
english_5unit_participation,RandomForest,0.8422939068100358,0.7648293234703426,570036
english_5unit_participation,RandomForest,0.8303571428571429,0.7648293234703426,570036
english_5unit_participation,RandomForest,0.2888888888888888,0.5092464622828273,570044
english_5unit_participation,RandomForest,0.3680981595092024,0.5092464622828273,570044
english_5unit_participation,RandomForest,0.4267515923566879,0.5092464622828273,570044
english_5unit_participation,RandomForest,0.3677419354838709,0.5092464622828273,570044
english_5unit_participation,RandomForest,0.4810126582278481,0.4960209364855125,570051
english_5unit_participation,RandomForest,0.5615384615384615,0.4960209364855125,570051
english_5unit_participation,RandomForest,0.6597222222222222,0.4960209364855125,570051
english_5unit_participation,RandomForest,0.5314685314685315,0.4960209364855125,570051
english_5unit_participation,RandomForest,0.2565789473684211,0.46083092983814994,570077
english_5unit_participation,RandomForest,0.1941747572815534,0.46083092983814994,570077
english_5unit_participation,RandomForest,0.2148760330578512,0.46083092983814994,570077
english_5unit_participation,RandomForest,0.2818791946308724,0.46083092983814994,570077
english_5unit_participation,RandomForest,0.6090225563909775,0.6277942102417903,570135
english_5unit_participation,RandomForest,0.4901960784313725,0.6277942102417903,570135
english_5unit_participation,RandomForest,0.5895953757225434,0.6277942102417903,570135
english_5unit_participation,RandomForest,0.6470588235294118,0.6277942102417903,570135
english_5unit_participation,RandomForest,0.4757281553398058,0.523730537316494,570168
english_5unit_participation,RandomForest,0.6353591160220995,0.523730537316494,570168
english_5unit_participation,RandomForest,0.5767634854771784,0.523730537316494,570168
english_5unit_participation,RandomForest,0.6296296296296297,0.523730537316494,570168
english_5unit_participation,RandomForest,0.1076923076923077,0.12739286012058662,570176
english_5unit_participation,RandomForest,0.36,0.12739286012058662,570176
english_5unit_participation,RandomForest,0.3018867924528302,0.12739286012058662,570176
english_5unit_participation,RandomForest,0.3888888888888889,0.12739286012058662,570176
english_5unit_participation,RandomForest,0.5251396648044693,0.6953559552755055,570192
english_5unit_participation,RandomForest,0.6271186440677966,0.6953559552755055,570192
english_5unit_participation,RandomForest,0.5631067961165048,0.6953559552755055,570192
english_5unit_participation,RandomForest,0.7069767441860465,0.6953559552755055,570192
english_5unit_participation,RandomForest,0.6017699115044248,0.698513158968103,570200
english_5unit_participation,RandomForest,0.5765765765765766,0.698513158968103,570200
english_5unit_participation,RandomForest,0.7441860465116279,0.698513158968103,570200
english_5unit_participation,RandomForest,0.8071428571428572,0.698513158968103,570200
english_5unit_participation,RandomForest,0.125,0.4306413911069351,570259
english_5unit_participation,RandomForest,0.1296296296296296,0.4306413911069351,570259
english_5unit_participation,RandomForest,0.1447368421052631,0.4306413911069351,570259
english_5unit_participation,RandomForest,0.2712765957446808,0.4306413911069351,570259
english_5unit_participation,RandomForest,1.0,0.7292929438976338,570358
english_5unit_participation,RandomForest,1.0,0.7292929438976338,570358
english_5unit_participation,RandomForest,1.0,0.7292929438976338,570358
english_5unit_participation,RandomForest,1.0,0.7292929438976338,570358
english_5unit_participation,RandomForest,0.0,0.5311496696290354,570606
english_5unit_participation,RandomForest,0.0,0.5311496696290354,570606
english_5unit_participation,RandomForest,0.0,0.5311496696290354,570606
english_5unit_participation,RandomForest,0.0,0.5311496696290354,570606
english_5unit_participation,RandomForest,0.3047619047619048,0.3376595374322419,570713
english_5unit_participation,RandomForest,0.4021739130434782,0.3376595374322419,570713
english_5unit_participation,RandomForest,0.2133333333333333,0.3376595374322419,570713
english_5unit_participation,RandomForest,0.3829787234042553,0.3376595374322419,570713
english_5unit_participation,RandomForest,0.4788732394366197,0.6452882638439696,571109
english_5unit_participation,RandomForest,0.6582278481012658,0.6452882638439696,571109
english_5unit_participation,RandomForest,0.5789473684210527,0.6452882638439696,571109
english_5unit_participation,RandomForest,0.6708860759493671,0.6452882638439696,571109
english_5unit_participation,RandomForest,0.2307692307692307,0.3015239396355716,571158
english_5unit_participation,RandomForest,0.2258064516129032,0.3015239396355716,571158
english_5unit_participation,RandomForest,0.2894736842105263,0.3015239396355716,571158
english_5unit_participation,RandomForest,0.2641509433962264,0.3015239396355716,571158
english_5unit_participation,RandomForest,0.2962962962962963,0.3781083047335817,571174
english_5unit_participation,RandomForest,0.2868217054263566,0.3781083047335817,571174
english_5unit_participation,RandomForest,0.4247787610619469,0.3781083047335817,571174
english_5unit_participation,RandomForest,0.3725490196078431,0.3781083047335817,571174
english_5unit_participation,RandomForest,0.5,0.31969528857847856,571224
english_5unit_participation,RandomForest,0.4444444444444444,0.31969528857847856,571224
english_5unit_participation,RandomForest,0.6835443037974683,0.31969528857847856,571224
english_5unit_participation,RandomForest,0.6138613861386139,0.31969528857847856,571224
english_5unit_participation,RandomForest,0.793859649122807,0.6726881414905268,580019
english_5unit_participation,RandomForest,0.7783018867924528,0.6726881414905268,580019
english_5unit_participation,RandomForest,0.8527397260273972,0.6726881414905268,580019
english_5unit_participation,RandomForest,0.8363636363636363,0.6726881414905268,580019
english_5unit_participation,RandomForest,0.0,0.07527503110718557,610006
english_5unit_participation,RandomForest,0.0747663551401869,0.07527503110718557,610006
english_5unit_participation,RandomForest,0.0,0.23471337557923325,610170
english_5unit_participation,RandomForest,0.0,0.23471337557923325,610170
english_5unit_participation,RandomForest,0.0,0.23471337557923325,610170
english_5unit_participation,RandomForest,0.0,0.23471337557923325,610170
english_5unit_participation,RandomForest,1.0,0.28591406328869523,614321
english_5unit_participation,RandomForest,1.0,0.28591406328869523,614321
english_5unit_participation,RandomForest,1.0,0.28591406328869523,614321
english_5unit_participation,RandomForest,1.0,0.28591406328869523,614321
english_5unit_participation,RandomForest,0.0,0.051608959609225465,615351
english_5unit_participation,RandomForest,0.0,0.051608959609225465,615351
english_5unit_participation,RandomForest,0.0,0.051608959609225465,615351
english_5unit_participation,RandomForest,0.0,0.051608959609225465,615351
english_5unit_participation,RandomForest,0.0,0.09082720528701407,615369
english_5unit_participation,RandomForest,0.2435897435897435,0.2796892103885309,640029
english_5unit_participation,RandomForest,0.171875,0.2796892103885309,640029
english_5unit_participation,RandomForest,0.296875,0.2796892103885309,640029
english_5unit_participation,RandomForest,0.2166666666666666,0.2796892103885309,640029
english_5unit_participation,RandomForest,0.417910447761194,0.37286897027755317,640037
english_5unit_participation,RandomForest,0.4409090909090909,0.37286897027755317,640037
english_5unit_participation,RandomForest,0.4904761904761904,0.37286897027755317,640037
english_5unit_participation,RandomForest,0.5108695652173914,0.37286897027755317,640037
english_5unit_participation,RandomForest,0.423728813559322,0.31627721169105916,640045
english_5unit_participation,RandomForest,0.3777777777777777,0.31627721169105916,640045
english_5unit_participation,RandomForest,0.3243243243243243,0.31627721169105916,640045
english_5unit_participation,RandomForest,0.3541666666666667,0.31627721169105916,640045
english_5unit_participation,RandomForest,0.4592592592592592,0.2769054571369729,640052
english_5unit_participation,RandomForest,0.4201680672268907,0.2769054571369729,640052
english_5unit_participation,RandomForest,0.4347826086956521,0.2769054571369729,640052
english_5unit_participation,RandomForest,0.4532374100719424,0.2769054571369729,640052
english_5unit_participation,RandomForest,0.4328358208955223,0.3627652130647382,640060
english_5unit_participation,RandomForest,0.5265700483091788,0.3627652130647382,640060
english_5unit_participation,RandomForest,0.5025906735751295,0.3627652130647382,640060
english_5unit_participation,RandomForest,0.367816091954023,0.3627652130647382,640060
english_5unit_participation,RandomForest,0.3035714285714285,0.28258168677380063,640078
english_5unit_participation,RandomForest,0.4782608695652174,0.28258168677380063,640078
english_5unit_participation,RandomForest,0.1796875,0.28258168677380063,640078
english_5unit_participation,RandomForest,0.2710280373831775,0.28258168677380063,640078
english_5unit_participation,RandomForest,0.2461538461538461,0.3158231605032966,640086
english_5unit_participation,RandomForest,0.2394366197183098,0.3158231605032966,640086
english_5unit_participation,RandomForest,0.237410071942446,0.3158231605032966,640086
english_5unit_participation,RandomForest,0.2781954887218045,0.3158231605032966,640086
english_5unit_participation,RandomForest,0.1296296296296296,0.24678009336253567,640102
english_5unit_participation,RandomForest,0.3043478260869565,0.24678009336253567,640102
english_5unit_participation,RandomForest,0.2083333333333333,0.24678009336253567,640102
english_5unit_participation,RandomForest,0.3260869565217391,0.24678009336253567,640102
english_5unit_participation,RandomForest,0.0,0.07090240666050772,640110
english_5unit_participation,RandomForest,0.0,0.07090240666050772,640110
english_5unit_participation,RandomForest,0.0,0.07090240666050772,640110
english_5unit_participation,RandomForest,0.308411214953271,0.3283006653979472,640128
english_5unit_participation,RandomForest,0.4435483870967742,0.3283006653979472,640128
english_5unit_participation,RandomForest,0.3426573426573426,0.3283006653979472,640128
english_5unit_participation,RandomForest,0.3333333333333333,0.3283006653979472,640128
english_5unit_participation,RandomForest,0.1492537313432835,0.27386851138325574,640136
english_5unit_participation,RandomForest,0.1929824561403508,0.27386851138325574,640136
english_5unit_participation,RandomForest,0.0,0.27386851138325574,640136
english_5unit_participation,RandomForest,0.1265822784810126,0.27386851138325574,640136
english_5unit_participation,RandomForest,0.0,0.4099889272661634,640151
english_5unit_participation,RandomForest,0.2068965517241379,0.4099889272661634,640151
english_5unit_participation,RandomForest,0.4615384615384615,0.4099889272661634,640151
english_5unit_participation,RandomForest,0.2978723404255319,0.4099889272661634,640151
english_5unit_participation,RandomForest,0.2794117647058823,0.29917610219657964,640177
english_5unit_participation,RandomForest,0.4193548387096774,0.29917610219657964,640177
english_5unit_participation,RandomForest,0.4821428571428571,0.29917610219657964,640177
english_5unit_participation,RandomForest,0.4313725490196078,0.29917610219657964,640177
english_5unit_participation,RandomForest,0.2658227848101265,0.3113962787070194,640185
english_5unit_participation,RandomForest,0.3260869565217391,0.3113962787070194,640185
english_5unit_participation,RandomForest,0.3623188405797101,0.3113962787070194,640185
english_5unit_participation,RandomForest,0.5227272727272727,0.3113962787070194,640185
english_5unit_participation,RandomForest,0.2682926829268293,0.29056901738218655,640193
english_5unit_participation,RandomForest,0.2388059701492537,0.29056901738218655,640193
english_5unit_participation,RandomForest,0.2967741935483871,0.29056901738218655,640193
english_5unit_participation,RandomForest,0.3313609467455621,0.29056901738218655,640193
english_5unit_participation,RandomForest,0.5266666666666666,0.3403065733730302,640227
english_5unit_participation,RandomForest,0.3795180722891566,0.3403065733730302,640227
english_5unit_participation,RandomForest,0.4285714285714285,0.3403065733730302,640227
english_5unit_participation,RandomForest,0.518918918918919,0.3403065733730302,640227
english_5unit_participation,RandomForest,0.2990654205607476,0.3321243583050511,640235
english_5unit_participation,RandomForest,0.2900763358778626,0.3321243583050511,640235
english_5unit_participation,RandomForest,0.3495145631067961,0.3321243583050511,640235
english_5unit_participation,RandomForest,0.3203883495145631,0.3321243583050511,640235
english_5unit_participation,RandomForest,0.2560975609756097,0.29002142474677617,640243
english_5unit_participation,RandomForest,0.2705882352941176,0.29002142474677617,640243
english_5unit_participation,RandomForest,0.3538461538461538,0.29002142474677617,640243
english_5unit_participation,RandomForest,0.3448275862068966,0.29002142474677617,640243
english_5unit_participation,RandomForest,0.1558441558441558,0.15443833050079525,640276
english_5unit_participation,RandomForest,0.275,0.15443833050079525,640276
english_5unit_participation,RandomForest,0.345679012345679,0.15443833050079525,640276
english_5unit_participation,RandomForest,0.3218390804597701,0.15443833050079525,640276
english_5unit_participation,RandomForest,0.1927710843373494,0.31469402531482327,640318
english_5unit_participation,RandomForest,0.1875,0.31469402531482327,640318
english_5unit_participation,RandomForest,0.1818181818181818,0.31469402531482327,640318
english_5unit_participation,RandomForest,0.2553191489361702,0.31469402531482327,640318
english_5unit_participation,RandomForest,0.2549019607843137,0.36484147459918015,640359
english_5unit_participation,RandomForest,0.1818181818181818,0.36484147459918015,640359
english_5unit_participation,RandomForest,0.25,0.36484147459918015,640359
english_5unit_participation,RandomForest,0.2539682539682539,0.36484147459918015,640359
english_5unit_participation,RandomForest,0.0,0.26559046926090224,640367
english_5unit_participation,RandomForest,0.0,0.26559046926090224,640367
english_5unit_participation,RandomForest,0.0,0.26559046926090224,640367
english_5unit_participation,RandomForest,0.0,0.26559046926090224,640367
english_5unit_participation,RandomForest,0.0,0.2771931619973385,640375
english_5unit_participation,RandomForest,0.0,0.2771931619973385,640375
english_5unit_participation,RandomForest,0.391304347826087,0.2771931619973385,640375
english_5unit_participation,RandomForest,0.3333333333333333,0.2771931619973385,640375
english_5unit_participation,RandomForest,0.4230769230769231,0.3424694276613803,640383
english_5unit_participation,RandomForest,0.3636363636363636,0.3424694276613803,640383
english_5unit_participation,RandomForest,0.55,0.3424694276613803,640383
english_5unit_participation,RandomForest,0.4482758620689655,0.3424694276613803,640383
english_5unit_participation,RandomForest,0.0,0.22063617943205788,640391
english_5unit_participation,RandomForest,0.3,0.22063617943205788,640391
english_5unit_participation,RandomForest,0.2857142857142857,0.22063617943205788,640391
english_5unit_participation,RandomForest,0.0,0.04249465124720393,640409
english_5unit_participation,RandomForest,0.0,0.04249465124720393,640409
english_5unit_participation,RandomForest,0.5588235294117647,0.3921175743950492,640425
english_5unit_participation,RandomForest,0.5714285714285714,0.3921175743950492,640425
english_5unit_participation,RandomForest,0.5,0.3921175743950492,640425
english_5unit_participation,RandomForest,0.3189189189189189,0.3499632709194984,640482
english_5unit_participation,RandomForest,0.3414634146341463,0.3499632709194984,640482
english_5unit_participation,RandomForest,0.4129353233830846,0.3499632709194984,640482
english_5unit_participation,RandomForest,0.4424242424242424,0.3499632709194984,640482
english_5unit_participation,RandomForest,0.3055555555555556,0.31319021199887204,640490
english_5unit_participation,RandomForest,0.392156862745098,0.31319021199887204,640490
english_5unit_participation,RandomForest,0.5476190476190477,0.31319021199887204,640490
english_5unit_participation,RandomForest,0.6,0.31319021199887204,640490
english_5unit_participation,RandomForest,0.5,0.33363946029227987,640508
english_5unit_participation,RandomForest,0.4545454545454545,0.33363946029227987,640508
english_5unit_participation,RandomForest,0.2727272727272727,0.33363946029227987,640508
english_5unit_participation,RandomForest,0.6,0.33363946029227987,640508
english_5unit_participation,RandomForest,0.3088235294117647,0.4587974345610828,640532
english_5unit_participation,RandomForest,0.2804878048780488,0.4587974345610828,640532
english_5unit_participation,RandomForest,0.2906976744186046,0.4587974345610828,640532
english_5unit_participation,RandomForest,0.3258426966292135,0.4587974345610828,640532
english_5unit_participation,RandomForest,0.5125,0.3491876318100156,640581
english_5unit_participation,RandomForest,0.3928571428571428,0.3491876318100156,640581
english_5unit_participation,RandomForest,0.6190476190476191,0.3491876318100156,640581
english_5unit_participation,RandomForest,0.4910714285714285,0.3491876318100156,640581
english_5unit_participation,RandomForest,0.0,0.19381097371348244,640623
english_5unit_participation,RandomForest,0.0,0.19381097371348244,640623
english_5unit_participation,RandomForest,0.0,0.19381097371348244,640623
english_5unit_participation,RandomForest,0.173076923076923,0.37083635189599234,640631
english_5unit_participation,RandomForest,0.2115384615384615,0.37083635189599234,640631
english_5unit_participation,RandomForest,0.2982456140350877,0.37083635189599234,640631
english_5unit_participation,RandomForest,0.3272727272727272,0.37083635189599234,640631
english_5unit_participation,RandomForest,0.2692307692307692,0.45824964281023045,640649
english_5unit_participation,RandomForest,0.24,0.45824964281023045,640649
english_5unit_participation,RandomForest,0.3571428571428571,0.45824964281023045,640649
english_5unit_participation,RandomForest,0.4375,0.45824964281023045,640649
english_5unit_participation,RandomForest,0.1684210526315789,0.3099278656741338,640656
english_5unit_participation,RandomForest,0.2718446601941747,0.3099278656741338,640656
english_5unit_participation,RandomForest,0.3545454545454545,0.3099278656741338,640656
english_5unit_participation,RandomForest,0.2441860465116279,0.3099278656741338,640656
english_5unit_participation,RandomForest,0.0,0.16648833715932387,640664
english_5unit_participation,RandomForest,0.0,0.16648833715932387,640664
english_5unit_participation,RandomForest,0.0,0.16648833715932387,640664
english_5unit_participation,RandomForest,0.0,0.16648833715932387,640664
english_5unit_participation,RandomForest,0.44,0.38317679136948013,640672
english_5unit_participation,RandomForest,0.4779874213836478,0.38317679136948013,640672
english_5unit_participation,RandomForest,0.558974358974359,0.38317679136948013,640672
english_5unit_participation,RandomForest,0.4951923076923077,0.38317679136948013,640672
english_5unit_participation,RandomForest,0.0,0.038867749999253895,640771
english_5unit_participation,RandomForest,0.0,0.038867749999253895,640771
english_5unit_participation,RandomForest,0.0,0.038867749999253895,640771
english_5unit_participation,RandomForest,0.0,0.038867749999253895,640771
english_5unit_participation,RandomForest,0.2456140350877192,0.23344422070080748,640807
english_5unit_participation,RandomForest,0.1842105263157894,0.23344422070080748,640807
english_5unit_participation,RandomForest,0.1764705882352941,0.23344422070080748,640807
english_5unit_participation,RandomForest,0.3191489361702128,0.23344422070080748,640807
english_5unit_participation,RandomForest,0.0,0.1356138345709867,640821
english_5unit_participation,RandomForest,0.0,0.1356138345709867,640821
english_5unit_participation,RandomForest,0.0,0.1356138345709867,640821
english_5unit_participation,RandomForest,0.0,0.1356138345709867,640821
english_5unit_participation,RandomForest,0.21875,0.22478065964245583,640896
english_5unit_participation,RandomForest,0.1875,0.22478065964245583,640896
english_5unit_participation,RandomForest,0.1764705882352941,0.22478065964245583,640896
english_5unit_participation,RandomForest,0.21875,0.22478065964245583,640896
english_5unit_participation,RandomForest,0.0,0.0994936535283962,640904
english_5unit_participation,RandomForest,0.0,0.0994936535283962,640904
english_5unit_participation,RandomForest,0.0,0.0994936535283962,640904
english_5unit_participation,RandomForest,0.0,0.0994936535283962,640904
english_5unit_participation,RandomForest,0.0,0.1833393691583207,640946
english_5unit_participation,RandomForest,0.6153846153846154,0.14805374123872264,641142
english_5unit_participation,RandomForest,0.5,0.14805374123872264,641142
english_5unit_participation,RandomForest,0.0,0.14805374123872264,641142
english_5unit_participation,RandomForest,0.0,0.14805374123872264,641142
english_5unit_participation,RandomForest,0.4193548387096774,0.4899768486502033,641183
english_5unit_participation,RandomForest,0.53125,0.4899768486502033,641183
english_5unit_participation,RandomForest,0.4285714285714285,0.4899768486502033,641183
english_5unit_participation,RandomForest,0.4285714285714285,0.4899768486502033,641183
english_5unit_participation,RandomForest,0.0,0.0029447773419004225,641191
english_5unit_participation,RandomForest,0.0,0.0029447773419004225,641191
english_5unit_participation,RandomForest,0.0,0.0029447773419004225,641191
english_5unit_participation,RandomForest,0.0,0.0029447773419004225,641191
english_5unit_participation,RandomForest,0.3125,0.48679232342361256,641233
english_5unit_participation,RandomForest,0.625,0.48679232342361256,641233
english_5unit_participation,RandomForest,0.4193548387096774,0.48679232342361256,641233
english_5unit_participation,RandomForest,0.6226415094339622,0.48679232342361256,641233
english_5unit_participation,RandomForest,0.0,0.1004017858642952,641241
english_5unit_participation,RandomForest,0.0,0.1004017858642952,641241
english_5unit_participation,RandomForest,0.0,0.0976315707298578,641258
english_5unit_participation,RandomForest,0.25,0.0976315707298578,641258
english_5unit_participation,RandomForest,0.4090909090909091,0.0976315707298578,641258
english_5unit_participation,RandomForest,0.3333333333333333,0.0976315707298578,641258
english_5unit_participation,RandomForest,0.5,0.3401806166141884,641324
english_5unit_participation,RandomForest,0.6190476190476191,0.3401806166141884,641324
english_5unit_participation,RandomForest,1.0,0.3401806166141884,641324
english_5unit_participation,RandomForest,0.56,0.3401806166141884,641324
english_5unit_participation,RandomForest,0.2285714285714285,0.4573348946310121,641332
english_5unit_participation,RandomForest,0.0,0.4573348946310121,641332
english_5unit_participation,RandomForest,0.4166666666666667,0.4573348946310121,641332
english_5unit_participation,RandomForest,0.3636363636363636,0.4573348946310121,641332
english_5unit_participation,RandomForest,0.0,0.18387555262024177,641365
english_5unit_participation,RandomForest,0.0,0.18387555262024177,641365
english_5unit_participation,RandomForest,0.0,0.18387555262024177,641365
english_5unit_participation,RandomForest,0.2222222222222222,0.18387555262024177,641365
english_5unit_participation,RandomForest,0.0,0.08761775851079226,641381
english_5unit_participation,RandomForest,0.0,0.08761775851079226,641381
english_5unit_participation,RandomForest,0.0,0.08761775851079226,641381
english_5unit_participation,RandomForest,0.0,0.08761775851079226,641381
english_5unit_participation,RandomForest,0.217391304347826,0.3515959646735199,644062
english_5unit_participation,RandomForest,0.2803030303030303,0.3515959646735199,644062
english_5unit_participation,RandomForest,0.3090909090909091,0.3515959646735199,644062
english_5unit_participation,RandomForest,0.344,0.3515959646735199,644062
english_5unit_participation,RandomForest,0.0891089108910891,0.11022314508441028,644203
english_5unit_participation,RandomForest,0.0925925925925925,0.11022314508441028,644203
english_5unit_participation,RandomForest,0.1224489795918367,0.11022314508441028,644203
english_5unit_participation,RandomForest,0.2796610169491525,0.11022314508441028,644203
english_5unit_participation,RandomForest,0.3580246913580246,0.3669548768411023,644294
english_5unit_participation,RandomForest,0.2875,0.3669548768411023,644294
english_5unit_participation,RandomForest,0.3934426229508196,0.3669548768411023,644294
english_5unit_participation,RandomForest,0.3744855967078189,0.3669548768411023,644294
english_5unit_participation,RandomForest,0.3351648351648351,0.5060016684504367,644310
english_5unit_participation,RandomForest,0.5,0.5060016684504367,644310
english_5unit_participation,RandomForest,0.5130890052356021,0.5060016684504367,644310
english_5unit_participation,RandomForest,0.5424528301886793,0.5060016684504367,644310
english_5unit_participation,RandomForest,0.2,0.3280369686099683,644344
english_5unit_participation,RandomForest,0.2333333333333333,0.3280369686099683,644344
english_5unit_participation,RandomForest,0.2272727272727272,0.3280369686099683,644344
english_5unit_participation,RandomForest,0.2857142857142857,0.3280369686099683,644344
english_5unit_participation,RandomForest,0.4008438818565401,0.4007580584368852,644377
english_5unit_participation,RandomForest,0.3991769547325103,0.4007580584368852,644377
english_5unit_participation,RandomForest,0.4299065420560747,0.4007580584368852,644377
english_5unit_participation,RandomForest,0.4611872146118721,0.4007580584368852,644377
english_5unit_participation,RandomForest,0.2352941176470588,0.3333967574463609,644435
english_5unit_participation,RandomForest,0.2884615384615384,0.3333967574463609,644435
english_5unit_participation,RandomForest,0.2884615384615384,0.3333967574463609,644435
english_5unit_participation,RandomForest,0.24,0.3333967574463609,644435
english_5unit_participation,RandomForest,0.4146341463414634,0.4575280598311767,644443
english_5unit_participation,RandomForest,0.2413793103448276,0.4575280598311767,644443
english_5unit_participation,RandomForest,0.3823529411764705,0.4575280598311767,644443
english_5unit_participation,RandomForest,0.3125,0.4575280598311767,644443
english_5unit_participation,RandomForest,0.3470588235294117,0.3108195915283806,644450
english_5unit_participation,RandomForest,0.408695652173913,0.37062451053286616,644484
english_5unit_participation,RandomForest,0.3927125506072874,0.37062451053286616,644484
english_5unit_participation,RandomForest,0.4377880184331797,0.37062451053286616,644484
english_5unit_participation,RandomForest,0.5265486725663717,0.37062451053286616,644484
english_5unit_participation,RandomForest,0.3252032520325203,0.305228272200443,644492
english_5unit_participation,RandomForest,0.3782051282051282,0.305228272200443,644492
english_5unit_participation,RandomForest,0.3,0.305228272200443,644492
english_5unit_participation,RandomForest,0.3191489361702128,0.305228272200443,644492
english_5unit_participation,RandomForest,0.3627450980392157,0.35096194680816484,644526
english_5unit_participation,RandomForest,0.3045977011494253,0.35096194680816484,644526
english_5unit_participation,RandomForest,0.3722222222222222,0.35096194680816484,644526
english_5unit_participation,RandomForest,0.3945945945945946,0.35096194680816484,644526
english_5unit_participation,RandomForest,0.3448275862068966,0.3567223876844471,644534
english_5unit_participation,RandomForest,0.2369942196531791,0.3567223876844471,644534
english_5unit_participation,RandomForest,0.2903225806451613,0.3567223876844471,644534
english_5unit_participation,RandomForest,0.3374233128834356,0.3567223876844471,644534
english_5unit_participation,RandomForest,0.2278481012658227,0.2881081534399351,644542
english_5unit_participation,RandomForest,0.0862068965517241,0.2881081534399351,644542
english_5unit_participation,RandomForest,0.3478260869565217,0.2881081534399351,644542
english_5unit_participation,RandomForest,0.3417721518987341,0.2881081534399351,644542
english_5unit_participation,RandomForest,0.2763819095477386,0.3829676742525932,644559
english_5unit_participation,RandomForest,0.4252336448598131,0.3829676742525932,644559
english_5unit_participation,RandomForest,0.3319672131147541,0.3829676742525932,644559
english_5unit_participation,RandomForest,0.3131313131313131,0.3829676742525932,644559
english_5unit_participation,RandomForest,0.5454545454545454,0.525785222895581,644583
english_5unit_participation,RandomForest,0.5373134328358209,0.525785222895581,644583
english_5unit_participation,RandomForest,0.5528846153846154,0.525785222895581,644583
english_5unit_participation,RandomForest,0.59375,0.525785222895581,644583
english_5unit_participation,RandomForest,0.5829145728643216,0.6685093652702385,644591
english_5unit_participation,RandomForest,0.5927601809954751,0.6685093652702385,644591
english_5unit_participation,RandomForest,0.5857740585774058,0.6685093652702385,644591
english_5unit_participation,RandomForest,0.6355555555555555,0.6685093652702385,644591
english_5unit_participation,RandomForest,0.5,0.3309423824960041,644666
english_5unit_participation,RandomForest,0.5172413793103449,0.3309423824960041,644666
english_5unit_participation,RandomForest,0.5909090909090909,0.3309423824960041,644666
english_5unit_participation,RandomForest,0.5454545454545454,0.3309423824960041,644666
english_5unit_participation,RandomForest,0.6870748299319728,0.3283807984895713,644690
english_5unit_participation,RandomForest,0.7171052631578947,0.3283807984895713,644690
english_5unit_participation,RandomForest,0.7065868263473054,0.3283807984895713,644690
english_5unit_participation,RandomForest,0.6774193548387096,0.3283807984895713,644690
english_5unit_participation,RandomForest,0.1797752808988764,0.32627431507648197,644708
english_5unit_participation,RandomForest,0.0961538461538461,0.32627431507648197,644708
english_5unit_participation,RandomForest,0.175438596491228,0.32627431507648197,644708
english_5unit_participation,RandomForest,0.2352941176470588,0.32627431507648197,644708
english_5unit_participation,RandomForest,0.44,0.3071422446208535,644732
english_5unit_participation,RandomForest,0.4786324786324786,0.3071422446208535,644732
english_5unit_participation,RandomForest,0.3691275167785235,0.3071422446208535,644732
english_5unit_participation,RandomForest,0.5029239766081871,0.3071422446208535,644732
english_5unit_participation,RandomForest,0.0,0.11696316859329091,644757
english_5unit_participation,RandomForest,0.0,0.11696316859329091,644757
english_5unit_participation,RandomForest,0.0,0.11696316859329091,644757
english_5unit_participation,RandomForest,0.2602739726027397,0.275358118992109,644781
english_5unit_participation,RandomForest,0.0,0.275358118992109,644781
english_5unit_participation,RandomForest,0.0,0.275358118992109,644781
english_5unit_participation,RandomForest,0.0,0.275358118992109,644781
english_5unit_participation,RandomForest,0.1041666666666666,0.28995999162889435,644807
english_5unit_participation,RandomForest,0.2941176470588235,0.28995999162889435,644807
english_5unit_participation,RandomForest,0.0,0.28995999162889435,644807
english_5unit_participation,RandomForest,0.1578947368421052,0.28995999162889435,644807
english_5unit_participation,RandomForest,0.2237762237762237,0.3258835577076681,644823
english_5unit_participation,RandomForest,0.22,0.3258835577076681,644823
english_5unit_participation,RandomForest,0.25,0.3258835577076681,644823
english_5unit_participation,RandomForest,0.3333333333333333,0.3258835577076681,644823
english_5unit_participation,RandomForest,1.0,0.6352008550484074,644831
english_5unit_participation,RandomForest,1.0,0.6352008550484074,644831
english_5unit_participation,RandomForest,1.0,0.6352008550484074,644831
english_5unit_participation,RandomForest,1.0,0.6352008550484074,644831
english_5unit_participation,RandomForest,0.4186046511627907,0.32255546900387694,644849
english_5unit_participation,RandomForest,0.3243243243243243,0.32255546900387694,644849
english_5unit_participation,RandomForest,0.4107142857142857,0.32255546900387694,644849
english_5unit_participation,RandomForest,0.5294117647058824,0.32255546900387694,644849
english_5unit_participation,RandomForest,0.0,0.07602442937887581,648030
english_5unit_participation,RandomForest,0.0,0.07602442937887581,648030
english_5unit_participation,RandomForest,0.0,0.07602442937887581,648030
english_5unit_participation,RandomForest,0.0,0.07602442937887581,648030
english_5unit_participation,RandomForest,0.0,0.05939023353510201,648048
english_5unit_participation,RandomForest,0.0363636363636363,0.05939023353510201,648048
english_5unit_participation,RandomForest,0.0523255813953488,0.05939023353510201,648048
english_5unit_participation,RandomForest,0.0828025477707006,0.05939023353510201,648048
english_5unit_participation,RandomForest,0.0512820512820512,0.098047518687519,648063
english_5unit_participation,RandomForest,0.0670731707317073,0.098047518687519,648063
english_5unit_participation,RandomForest,0.0845070422535211,0.098047518687519,648063
english_5unit_participation,RandomForest,0.1257861635220125,0.098047518687519,648063
english_5unit_participation,RandomForest,0.0,0.10130274040524913,648071
english_5unit_participation,RandomForest,0.0,0.10130274040524913,648071
english_5unit_participation,RandomForest,0.0,0.10130274040524913,648071
english_5unit_participation,RandomForest,0.0,0.10130274040524913,648071
english_5unit_participation,RandomForest,0.15,0.11980088769889785,648089
english_5unit_participation,RandomForest,0.2051282051282051,0.11980088769889785,648089
english_5unit_participation,RandomForest,0.1666666666666666,0.11980088769889785,648089
english_5unit_participation,RandomForest,0.0,0.11980088769889785,648089
english_5unit_participation,RandomForest,0.091324200913242,0.14122232418811528,648097
english_5unit_participation,RandomForest,0.0972222222222222,0.14122232418811528,648097
english_5unit_participation,RandomForest,0.1014492753623188,0.14122232418811528,648097
english_5unit_participation,RandomForest,0.1129943502824858,0.14122232418811528,648097
english_5unit_participation,RandomForest,0.0,0.07222391602972367,648113
english_5unit_participation,RandomForest,0.0,0.07222391602972367,648113
english_5unit_participation,RandomForest,0.087719298245614,0.07222391602972367,648113
english_5unit_participation,RandomForest,0.0607476635514018,0.07222391602972367,648113
english_5unit_participation,RandomForest,0.0,0.07032623675231858,648121
english_5unit_participation,RandomForest,0.0618556701030927,0.07032623675231858,648121
english_5unit_participation,RandomForest,0.0707964601769911,0.07032623675231858,648121
english_5unit_participation,RandomForest,0.1,0.07032623675231858,648121
english_5unit_participation,RandomForest,0.06,0.09831737189068623,648139
english_5unit_participation,RandomForest,0.1052631578947368,0.09831737189068623,648139
english_5unit_participation,RandomForest,0.0591397849462365,0.09831737189068623,648139
english_5unit_participation,RandomForest,0.119047619047619,0.09831737189068623,648139
english_5unit_participation,RandomForest,0.1791044776119403,0.14030139631036095,648147
english_5unit_participation,RandomForest,0.0891089108910891,0.14030139631036095,648147
english_5unit_participation,RandomForest,0.12,0.14030139631036095,648147
english_5unit_participation,RandomForest,0.0897435897435897,0.14030139631036095,648147
english_5unit_participation,RandomForest,0.0,0.15398954039671628,648154
english_5unit_participation,RandomForest,0.0,0.15398954039671628,648154
english_5unit_participation,RandomForest,0.0,0.15398954039671628,648154
english_5unit_participation,RandomForest,0.0909090909090909,0.15398954039671628,648154
english_5unit_participation,RandomForest,0.0,0.0955211035159687,648204
english_5unit_participation,RandomForest,0.0,0.0955211035159687,648204
english_5unit_participation,RandomForest,0.0,0.0955211035159687,648204
english_5unit_participation,RandomForest,0.0518518518518518,0.0955211035159687,648204
english_5unit_participation,RandomForest,0.0,0.07802452685366253,648220
english_5unit_participation,RandomForest,0.0,0.07802452685366253,648220
english_5unit_participation,RandomForest,0.0,0.07802452685366253,648220
english_5unit_participation,RandomForest,0.0,0.07802452685366253,648220
english_5unit_participation,RandomForest,0.0,0.10340568627199957,648238
english_5unit_participation,RandomForest,0.0,0.10340568627199957,648238
english_5unit_participation,RandomForest,0.0,0.10340568627199957,648238
english_5unit_participation,RandomForest,0.0,0.10340568627199957,648238
english_5unit_participation,RandomForest,0.0,0.1331923221356863,648261
english_5unit_participation,RandomForest,0.0,0.1331923221356863,648261
english_5unit_participation,RandomForest,0.0933333333333333,0.1331923221356863,648261
english_5unit_participation,RandomForest,0.0,0.1216889519465077,648279
english_5unit_participation,RandomForest,0.0,0.1216889519465077,648279
english_5unit_participation,RandomForest,0.1194029850746268,0.1216889519465077,648279
english_5unit_participation,RandomForest,0.1607142857142857,0.1216889519465077,648279
english_5unit_participation,RandomForest,0.0,0.08179332350620724,648287
english_5unit_participation,RandomForest,0.0,0.08179332350620724,648287
english_5unit_participation,RandomForest,0.0,0.08179332350620724,648287
english_5unit_participation,RandomForest,0.0,0.08179332350620724,648287
english_5unit_participation,RandomForest,0.0,0.08663980633379546,648303
english_5unit_participation,RandomForest,0.0,0.08663980633379546,648303
english_5unit_participation,RandomForest,0.0,0.08663980633379546,648303
english_5unit_participation,RandomForest,0.0757575757575757,0.08663980633379546,648303
english_5unit_participation,RandomForest,0.0,0.08506976630176881,648311
english_5unit_participation,RandomForest,0.2894736842105263,0.08506976630176881,648311
english_5unit_participation,RandomForest,0.0961538461538461,0.08506976630176881,648311
english_5unit_participation,RandomForest,0.2394366197183098,0.08506976630176881,648311
english_5unit_participation,RandomForest,0.1428571428571428,0.09986659081807543,648329
english_5unit_participation,RandomForest,0.0,0.1155132111921742,648337
english_5unit_participation,RandomForest,0.0,0.1155132111921742,648337
english_5unit_participation,RandomForest,0.0909090909090909,0.1155132111921742,648337
english_5unit_participation,RandomForest,0.0,0.1155132111921742,648337
english_5unit_participation,RandomForest,0.0,0.08801474504149569,648345
english_5unit_participation,RandomForest,0.0,0.08801474504149569,648345
english_5unit_participation,RandomForest,0.0,0.08801474504149569,648345
english_5unit_participation,RandomForest,0.5284552845528455,0.6008119883981333,660076
english_5unit_participation,RandomForest,0.4285714285714285,0.6008119883981333,660076
english_5unit_participation,RandomForest,0.448,0.6008119883981333,660076
english_5unit_participation,RandomForest,0.551948051948052,0.6008119883981333,660076
english_5unit_participation,RandomForest,0.320754716981132,0.4572930842217938,660084
english_5unit_participation,RandomForest,0.4516129032258064,0.4572930842217938,660084
english_5unit_participation,RandomForest,0.3809523809523809,0.4572930842217938,660084
english_5unit_participation,RandomForest,0.3472222222222222,0.4572930842217938,660084
english_5unit_participation,RandomForest,0.472,0.46023983263862156,660126
english_5unit_participation,RandomForest,0.610738255033557,0.46023983263862156,660126
english_5unit_participation,RandomForest,0.532608695652174,0.46023983263862156,660126
english_5unit_participation,RandomForest,0.5863874345549738,0.46023983263862156,660126
english_5unit_participation,RandomForest,0.3864541832669322,0.4889254634083135,660134
english_5unit_participation,RandomForest,0.5347826086956522,0.4889254634083135,660134
english_5unit_participation,RandomForest,0.5091575091575091,0.4889254634083135,660134
english_5unit_participation,RandomForest,0.5171232876712328,0.4889254634083135,660134
english_5unit_participation,RandomForest,0.0,0.05481197979864141,660209
english_5unit_participation,RandomForest,0.0,0.05481197979864141,660209
english_5unit_participation,RandomForest,0.0,0.1265651595966206,660225
english_5unit_participation,RandomForest,0.0,0.1265651595966206,660225
english_5unit_participation,RandomForest,0.0,0.1265651595966206,660225
english_5unit_participation,RandomForest,0.4181818181818181,0.45874083496866985,660274
english_5unit_participation,RandomForest,0.4838709677419355,0.45874083496866985,660274
english_5unit_participation,RandomForest,0.3984962406015037,0.45874083496866985,660274
english_5unit_participation,RandomForest,0.4244604316546763,0.45874083496866985,660274
english_5unit_participation,RandomForest,0.4384615384615384,0.4362401631595851,660324
english_5unit_participation,RandomForest,0.5137614678899083,0.4362401631595851,660324
english_5unit_participation,RandomForest,0.5205479452054794,0.4362401631595851,660324
english_5unit_participation,RandomForest,0.6013513513513513,0.4362401631595851,660324
english_5unit_participation,RandomForest,0.6521739130434783,0.3678630346355977,660498
english_5unit_participation,RandomForest,0.5897435897435898,0.3678630346355977,660498
english_5unit_participation,RandomForest,0.5454545454545454,0.3678630346355977,660498
english_5unit_participation,RandomForest,0.4482758620689655,0.3678630346355977,660498
english_5unit_participation,RandomForest,0.2479338842975206,0.4307004487231047,670042
english_5unit_participation,RandomForest,0.323943661971831,0.4307004487231047,670042
english_5unit_participation,RandomForest,0.3385214007782101,0.4307004487231047,670042
english_5unit_participation,RandomForest,0.4107142857142857,0.4307004487231047,670042
english_5unit_participation,RandomForest,0.3539325842696629,0.3352700643807745,670067
english_5unit_participation,RandomForest,0.320855614973262,0.3352700643807745,670067
english_5unit_participation,RandomForest,0.3090909090909091,0.3352700643807745,670067
english_5unit_participation,RandomForest,0.3450292397660818,0.3352700643807745,670067
english_5unit_participation,RandomForest,0.0,0.17773093969079207,670208
english_5unit_participation,RandomForest,0.3,0.17773093969079207,670208
english_5unit_participation,RandomForest,1.0,0.17773093969079207,670208
english_5unit_participation,RandomForest,0.2941176470588235,0.17773093969079207,670208
english_5unit_participation,RandomForest,0.1886792452830188,0.2911749786958096,670232
english_5unit_participation,RandomForest,0.1875,0.2911749786958096,670232
english_5unit_participation,RandomForest,0.5357142857142857,0.2911749786958096,670232
english_5unit_participation,RandomForest,0.5245901639344263,0.2911749786958096,670232
english_5unit_participation,RandomForest,0.2586206896551724,0.25994988905548866,670331
english_5unit_participation,RandomForest,0.1785714285714285,0.25994988905548866,670331
english_5unit_participation,RandomForest,0.1805555555555555,0.25994988905548866,670331
english_5unit_participation,RandomForest,0.1707317073170731,0.25994988905548866,670331
english_5unit_participation,RandomForest,0.1818181818181818,0.25196829846763485,670414
english_5unit_participation,RandomForest,0.2807017543859649,0.25196829846763485,670414
english_5unit_participation,RandomForest,0.2459016393442623,0.25196829846763485,670414
english_5unit_participation,RandomForest,0.2535211267605634,0.25196829846763485,670414
english_5unit_participation,RandomForest,0.3820224719101123,0.2960053310083996,670422
english_5unit_participation,RandomForest,0.2531645569620253,0.2960053310083996,670422
english_5unit_participation,RandomForest,0.3052631578947368,0.2960053310083996,670422
english_5unit_participation,RandomForest,0.2978723404255319,0.2960053310083996,670422
english_5unit_participation,RandomForest,0.3345588235294117,0.23700048238352497,670810
english_5unit_participation,RandomForest,0.3273381294964029,0.23700048238352497,670810
english_5unit_participation,RandomForest,0.3310104529616725,0.23700048238352497,670810
english_5unit_participation,RandomForest,0.3826714801444043,0.23700048238352497,670810
english_5unit_participation,RandomForest,0.2444444444444444,0.07117377880613412,678011
english_5unit_participation,RandomForest,0.1710526315789473,0.07117377880613412,678011
english_5unit_participation,RandomForest,0.1891891891891892,0.07117377880613412,678011
english_5unit_participation,RandomForest,0.1685393258426966,0.07117377880613412,678011
english_5unit_participation,RandomForest,0.5776892430278885,0.5414728799279699,680025
english_5unit_participation,RandomForest,0.4803493449781659,0.5414728799279699,680025
english_5unit_participation,RandomForest,0.4494949494949495,0.5414728799279699,680025
english_5unit_participation,RandomForest,0.5525114155251142,0.5414728799279699,680025
english_5unit_participation,RandomForest,0.3172413793103448,0.360022948218053,680033
english_5unit_participation,RandomForest,0.4196428571428571,0.360022948218053,680033
english_5unit_participation,RandomForest,0.5444444444444444,0.360022948218053,680033
english_5unit_participation,RandomForest,0.3762376237623762,0.360022948218053,680033
english_5unit_participation,RandomForest,0.2352941176470588,0.2917548056177328,680066
english_5unit_participation,RandomForest,0.3255813953488372,0.2917548056177328,680066
english_5unit_participation,RandomForest,0.2105263157894736,0.2917548056177328,680066
english_5unit_participation,RandomForest,0.2317073170731707,0.2917548056177328,680066
english_5unit_participation,RandomForest,0.2045454545454545,0.3074530187660234,680108
english_5unit_participation,RandomForest,0.2826086956521739,0.3074530187660234,680108
english_5unit_participation,RandomForest,0.4210526315789473,0.3074530187660234,680108
english_5unit_participation,RandomForest,0.2,0.3074530187660234,680108
english_5unit_participation,RandomForest,0.3026315789473684,0.25530297992584566,770057
english_5unit_participation,RandomForest,0.188235294117647,0.25530297992584566,770057
english_5unit_participation,RandomForest,0.2957746478873239,0.25530297992584566,770057
english_5unit_participation,RandomForest,0.2816901408450704,0.25530297992584566,770057
english_5unit_participation,RandomForest,0.5829383886255924,0.4290821019813137,770065
english_5unit_participation,RandomForest,0.6141078838174274,0.4290821019813137,770065
english_5unit_participation,RandomForest,0.5910780669144982,0.4290821019813137,770065
english_5unit_participation,RandomForest,0.6826568265682657,0.4290821019813137,770065
english_5unit_participation,RandomForest,0.5930735930735931,0.47516866324126844,770073
english_5unit_participation,RandomForest,0.5701357466063348,0.47516866324126844,770073
english_5unit_participation,RandomForest,0.6127659574468085,0.47516866324126844,770073
english_5unit_participation,RandomForest,0.7058823529411765,0.47516866324126844,770073
english_5unit_participation,RandomForest,0.0,0.22949917145439092,770222
english_5unit_participation,RandomForest,0.0,0.22949917145439092,770222
english_5unit_participation,RandomForest,0.0,0.22949917145439092,770222
english_5unit_participation,RandomForest,0.0,0.22949917145439092,770222
english_5unit_participation,RandomForest,0.8145695364238411,0.6892902523494054,770297
english_5unit_participation,RandomForest,0.8333333333333334,0.6892902523494054,770297
english_5unit_participation,RandomForest,0.7911392405063291,0.6892902523494054,770297
english_5unit_participation,RandomForest,0.9114583333333334,0.6892902523494054,770297
english_5unit_participation,RandomForest,0.34375,0.5418810630329766,770305
english_5unit_participation,RandomForest,0.4545454545454545,0.5418810630329766,770305
english_5unit_participation,RandomForest,0.5045871559633027,0.5418810630329766,770305
english_5unit_participation,RandomForest,0.4761904761904761,0.5418810630329766,770305
english_5unit_participation,RandomForest,0.2129032258064516,0.20445460214424035,770396
english_5unit_participation,RandomForest,0.2312138728323699,0.20445460214424035,770396
english_5unit_participation,RandomForest,0.2706766917293233,0.20445460214424035,770396
english_5unit_participation,RandomForest,0.3185185185185185,0.20445460214424035,770396
english_5unit_participation,RandomForest,0.0,0.16391075149566114,770412
english_5unit_participation,RandomForest,0.0,0.16391075149566114,770412
english_5unit_participation,RandomForest,0.0,0.16391075149566114,770412
english_5unit_participation,RandomForest,0.0,0.16391075149566114,770412
english_5unit_participation,RandomForest,0.59,0.5974996452132771,770453
english_5unit_participation,RandomForest,0.6031746031746031,0.5974996452132771,770453
english_5unit_participation,RandomForest,0.618421052631579,0.5974996452132771,770453
english_5unit_participation,RandomForest,0.7056451612903226,0.5974996452132771,770453
english_5unit_participation,RandomForest,0.4134615384615384,0.3761486601131256,770461
english_5unit_participation,RandomForest,0.4814814814814814,0.3761486601131256,770461
english_5unit_participation,RandomForest,0.5467980295566502,0.3761486601131256,770461
english_5unit_participation,RandomForest,0.5519125683060109,0.3761486601131256,770461
english_5unit_participation,RandomForest,0.1641791044776119,0.2765554302758545,770495
english_5unit_participation,RandomForest,0.189873417721519,0.2765554302758545,770495
english_5unit_participation,RandomForest,0.2207792207792207,0.2765554302758545,770495
english_5unit_participation,RandomForest,0.293103448275862,0.2765554302758545,770495
english_5unit_participation,RandomForest,0.0,0.20725870472446953,770503
english_5unit_participation,RandomForest,0.0,0.20725870472446953,770503
english_5unit_participation,RandomForest,0.0,0.20725870472446953,770503
english_5unit_participation,RandomForest,0.0,0.20725870472446953,770503
english_5unit_participation,RandomForest,0.4671532846715328,0.31657972843427196,770552
english_5unit_participation,RandomForest,0.5163398692810458,0.31657972843427196,770552
english_5unit_participation,RandomForest,0.5234899328859061,0.31657972843427196,770552
english_5unit_participation,RandomForest,0.5133689839572193,0.31657972843427196,770552
english_5unit_participation,RandomForest,0.3576158940397351,0.34469992169289987,770586
english_5unit_participation,RandomForest,0.3546099290780142,0.34469992169289987,770586
english_5unit_participation,RandomForest,0.4127906976744186,0.34469992169289987,770586
english_5unit_participation,RandomForest,0.3850931677018633,0.34469992169289987,770586
english_5unit_participation,RandomForest,0.25,0.34502657084133104,770602
english_5unit_participation,RandomForest,0.4716981132075472,0.34502657084133104,770602
english_5unit_participation,RandomForest,0.4,0.34502657084133104,770602
english_5unit_participation,RandomForest,0.3555555555555555,0.34502657084133104,770602
english_5unit_participation,RandomForest,0.4864864864864865,0.2947066900709839,770727
english_5unit_participation,RandomForest,0.5,0.2947066900709839,770727
english_5unit_participation,RandomForest,0.7058823529411765,0.2947066900709839,770727
english_5unit_participation,RandomForest,0.4807692307692308,0.2947066900709839,770727
english_5unit_participation,RandomForest,0.3846153846153846,0.24665442352783337,770768
english_5unit_participation,RandomForest,0.4318181818181818,0.24665442352783337,770768
english_5unit_participation,RandomForest,0.3333333333333333,0.24665442352783337,770768
english_5unit_participation,RandomForest,0.2432432432432432,0.24665442352783337,770768
english_5unit_participation,RandomForest,0.3513513513513513,0.29756044584447866,770776
english_5unit_participation,RandomForest,0.3214285714285714,0.29756044584447866,770776
english_5unit_participation,RandomForest,0.238095238095238,0.29756044584447866,770776
english_5unit_participation,RandomForest,0.3880597014925373,0.29756044584447866,770776
english_5unit_participation,RandomForest,0.3333333333333333,0.29136017383866725,770784
english_5unit_participation,RandomForest,0.4166666666666667,0.29136017383866725,770784
english_5unit_participation,RandomForest,0.2424242424242424,0.29136017383866725,770784
english_5unit_participation,RandomForest,0.3333333333333333,0.29136017383866725,770784
english_5unit_participation,RandomForest,0.2133891213389121,0.3920612422197255,770826
english_5unit_participation,RandomForest,0.3266331658291457,0.3920612422197255,770826
english_5unit_participation,RandomForest,0.2217573221757322,0.3920612422197255,770826
english_5unit_participation,RandomForest,0.3279352226720647,0.3920612422197255,770826
english_5unit_participation,RandomForest,0.0,0.2295898653165417,770834
english_5unit_participation,RandomForest,0.0,0.2295898653165417,770834
english_5unit_participation,RandomForest,0.0,0.2295898653165417,770834
english_5unit_participation,RandomForest,0.4722222222222222,0.2295898653165417,770834
english_5unit_participation,RandomForest,0.7342995169082126,0.7869697512720653,770842
english_5unit_participation,RandomForest,0.734375,0.7869697512720653,770842
english_5unit_participation,RandomForest,0.6774193548387096,0.7869697512720653,770842
english_5unit_participation,RandomForest,0.7795527156549521,0.7869697512720653,770842
english_5unit_participation,RandomForest,0.1878787878787878,0.32583593445601866,770859
english_5unit_participation,RandomForest,0.2138728323699422,0.32583593445601866,770859
english_5unit_participation,RandomForest,0.2488038277511961,0.32583593445601866,770859
english_5unit_participation,RandomForest,0.2741116751269035,0.32583593445601866,770859
english_5unit_participation,RandomForest,0.5485436893203883,0.4855615967876472,770875
english_5unit_participation,RandomForest,0.6116504854368932,0.4855615967876472,770875
english_5unit_participation,RandomForest,0.628140703517588,0.4855615967876472,770875
english_5unit_participation,RandomForest,0.6649746192893401,0.4855615967876472,770875
english_5unit_participation,RandomForest,0.8,0.4401349319030459,770941
english_5unit_participation,RandomForest,0.7692307692307693,0.4401349319030459,770941
english_5unit_participation,RandomForest,0.8205128205128205,0.4401349319030459,770941
english_5unit_participation,RandomForest,0.8202247191011236,0.4401349319030459,770941
english_5unit_participation,RandomForest,0.0,0.11958068977634621,771030
english_5unit_participation,RandomForest,0.0,0.11958068977634621,771030
english_5unit_participation,RandomForest,0.0,0.11958068977634621,771030
english_5unit_participation,RandomForest,0.0,0.11958068977634621,771030
english_5unit_participation,RandomForest,0.6103448275862069,0.6611776836105062,771071
english_5unit_participation,RandomForest,0.5914634146341463,0.6611776836105062,771071
english_5unit_participation,RandomForest,0.6592920353982301,0.6611776836105062,771071
english_5unit_participation,RandomForest,0.670995670995671,0.6611776836105062,771071
english_5unit_participation,RandomForest,0.7307692307692307,0.747623562792061,771089
english_5unit_participation,RandomForest,0.7391304347826086,0.747623562792061,771089
english_5unit_participation,RandomForest,0.7884615384615384,0.747623562792061,771089
english_5unit_participation,RandomForest,0.8695652173913043,0.747623562792061,771089
english_5unit_participation,RandomForest,0.1724137931034483,0.3006377666222208,771105
english_5unit_participation,RandomForest,0.1538461538461538,0.3006377666222208,771105
english_5unit_participation,RandomForest,0.5,0.3006377666222208,771105
english_5unit_participation,RandomForest,0.2857142857142857,0.3006377666222208,771105
english_5unit_participation,RandomForest,0.1265822784810126,0.2673086284649135,800003
english_5unit_participation,RandomForest,0.1329113924050632,0.2673086284649135,800003
english_5unit_participation,RandomForest,0.181159420289855,0.2673086284649135,800003
english_5unit_participation,RandomForest,0.1986754966887417,0.2673086284649135,800003
english_5unit_participation,RandomForest,0.0326797385620915,0.13283841859707224,800037
english_5unit_participation,RandomForest,0.0571428571428571,0.13283841859707224,800037
english_5unit_participation,RandomForest,0.0555555555555555,0.13283841859707224,800037
english_5unit_participation,RandomForest,0.1583333333333333,0.13283841859707224,800037
english_5unit_participation,RandomForest,0.1143911439114391,0.1542612948208058,800052
english_5unit_participation,RandomForest,0.1836734693877551,0.1542612948208058,800052
english_5unit_participation,RandomForest,0.2319391634980988,0.1542612948208058,800052
english_5unit_participation,RandomForest,0.2587412587412587,0.1542612948208058,800052
english_5unit_participation,RandomForest,0.036144578313253,0.15621212361673176,800060
english_5unit_participation,RandomForest,0.1153846153846153,0.15621212361673176,800060
english_5unit_participation,RandomForest,0.074074074074074,0.15621212361673176,800060
english_5unit_participation,RandomForest,0.1956521739130435,0.15621212361673176,800060
english_5unit_participation,RandomForest,0.0,0.15270765431050148,800078
english_5unit_participation,RandomForest,0.0802919708029197,0.15270765431050148,800078
english_5unit_participation,RandomForest,0.0902777777777777,0.15270765431050148,800078
english_5unit_participation,RandomForest,0.1273885350318471,0.15270765431050148,800078
english_5unit_participation,RandomForest,0.048,0.312405982122902,800086
english_5unit_participation,RandomForest,0.1446540880503144,0.312405982122902,800086
english_5unit_participation,RandomForest,0.1614906832298136,0.312405982122902,800086
english_5unit_participation,RandomForest,0.1703296703296703,0.312405982122902,800086
english_5unit_participation,RandomForest,0.0427350427350427,0.10090144799203735,800094
english_5unit_participation,RandomForest,0.094240837696335,0.10090144799203735,800094
english_5unit_participation,RandomForest,0.1403508771929824,0.10090144799203735,800094
english_5unit_participation,RandomForest,0.1353711790393013,0.10090144799203735,800094
english_5unit_participation,RandomForest,0.0,0.15220882316067882,800102
english_5unit_participation,RandomForest,0.0634920634920634,0.15220882316067882,800102
english_5unit_participation,RandomForest,0.1336206896551724,0.15220882316067882,800102
english_5unit_participation,RandomForest,0.0941176470588235,0.15220882316067882,800102
english_5unit_participation,RandomForest,0.0,0.23404992572805455,800110
english_5unit_participation,RandomForest,0.1555555555555555,0.23404992572805455,800110
english_5unit_participation,RandomForest,0.1526717557251908,0.2109429573148091,800128
english_5unit_participation,RandomForest,0.2158273381294964,0.2109429573148091,800128
english_5unit_participation,RandomForest,0.3231707317073171,0.2109429573148091,800128
english_5unit_participation,RandomForest,0.3271604938271605,0.2109429573148091,800128
english_5unit_participation,RandomForest,0.1451612903225806,0.14172878676584988,800136
english_5unit_participation,RandomForest,0.1657754010695187,0.14172878676584988,800136
english_5unit_participation,RandomForest,0.2265193370165746,0.14172878676584988,800136
english_5unit_participation,RandomForest,0.2023121387283237,0.14172878676584988,800136
english_5unit_participation,RandomForest,0.0,0.09360482974177853,800144
english_5unit_participation,RandomForest,0.0760869565217391,0.09360482974177853,800144
english_5unit_participation,RandomForest,0.0423728813559322,0.09360482974177853,800144
english_5unit_participation,RandomForest,0.0526315789473684,0.09360482974177853,800144
english_5unit_participation,RandomForest,0.5,0.4375700240411071,841213
english_5unit_participation,RandomForest,0.24,0.4375700240411071,841213
english_5unit_participation,RandomForest,0.3658536585365853,0.4375700240411071,841213
english_5unit_participation,RandomForest,0.5555555555555556,0.4375700240411071,841213
english_5unit_participation,RandomForest,0.0,0.2467599945879886,841247
english_5unit_participation,RandomForest,0.0,0.2467599945879886,841247
english_5unit_participation,RandomForest,0.4285714285714285,0.2467599945879886,841247
english_5unit_participation,RandomForest,1.0,0.2467599945879886,841247
english_5unit_participation,RandomForest,0.6370967741935484,0.6146790645970773,841254
english_5unit_participation,RandomForest,0.584,0.6146790645970773,841254
english_5unit_participation,RandomForest,0.6470588235294118,0.6146790645970773,841254
english_5unit_participation,RandomForest,0.6206896551724138,0.6146790645970773,841254
english_5unit_participation,RandomForest,0.3738317757009345,0.563024903821367,841262
english_5unit_participation,RandomForest,0.3928571428571428,0.563024903821367,841262
english_5unit_participation,RandomForest,0.4583333333333333,0.563024903821367,841262
english_5unit_participation,RandomForest,0.4225352112676056,0.563024903821367,841262
english_5unit_participation,RandomForest,0.5585106382978723,0.5602787883237991,844076
english_5unit_participation,RandomForest,0.5639686684073107,0.5602787883237991,844076
english_5unit_participation,RandomForest,0.5558659217877095,0.5602787883237991,844076
english_5unit_participation,RandomForest,0.7072538860103627,0.5602787883237991,844076
english_5unit_participation,RandomForest,0.135593220338983,0.22523640956791804,860361
english_5unit_participation,RandomForest,0.1666666666666666,0.22523640956791804,860361
english_5unit_participation,RandomForest,0.2241379310344827,0.22523640956791804,860361
english_5unit_participation,RandomForest,0.1785714285714285,0.22523640956791804,860361
english_5unit_participation,RandomForest,0.0,0.253649103270088,900076
english_5unit_participation,RandomForest,0.0,0.253649103270088,900076
english_5unit_participation,RandomForest,0.0,0.253649103270088,900076
english_5unit_participation,RandomForest,0.0,0.253649103270088,900076
